Workbook

Sheet Instruktion
A1: Arbetsgång energideklaration enligt BFS 2026:9 och 2026:10
A3: 1 | B3: Byggnader: fyll i fastighet, kommun och mätperiod. En kolumn per fysisk byggnad med typ, antal lägenheter, summerad A-temp för bostäder, lokaler per kategori och varmgarage.
A4: 2 | B4: Mätdata: lägg in varje energimätare med energibärare, ändamål och vilken byggnad den försörjer. Välj Alla för gemensamma mätare, t.ex. en fjärrvärmecentral med kulvert. Lägg in vattenmätare på samma sätt.
A5: 3 | B5: Mätdata: ange andel varmvattenproduktion och årsverkningsgrad per värmekälla, kulvertförluster och hur de ska hanteras. Fastighetselen hämtas från besiktningsprotokollets sammanställning och fördelas efter A-temp.
A6: 4 | B6: Byggnader: kontrollera fördelningsnycklarna för gemensamma mätare. Ange manuell andel om A-temp eller antal lägenheter inte speglar verkligheten.
A7: 5 | B7: Besiktningsprotokoll: fyll i som tidigare. Summan av fastighetsel (D125) blir fastighetens fastighetsel inom systemgräns.
A8: 6 | B8: Normalisering: ange faktisk innetemperatur, uteluftsflöde, återvinning och personer per lägenhet per byggnad, och välj Ja/Nej för de fyra normaliseringarna.
A9: 7 | B9: Resultat: kontrollera energiprestandatal och energiklass per byggnad. Ange samma energiindex i Byggnader C10 som Gripen använder för att värdena ska stämma.
A10: 8 | B10: Gripen: välj byggnad i B4 och för över de grå cellerna avsnitt för avsnitt. Upprepa för varje byggnad. Jämför sedan Gripens beräkning med kontrollvärdena.
A11: 9 | B11: Åtgärdsflikarna fungerar som tidigare för hela fastigheten. Fliken Övrig åtgärd används för andra åtgärder: ange namn i A1, investering och ändrad värme- och elförbrukning. Besparingen fördelas per byggnad i fliken Gripen.
A12: 10 | B12: Solceller: ange installerad effekt per byggnad och produktion och såld el, per byggnad eller för hela fastigheten. Egenanvänd solel fördelas automatiskt på förbrukarna efter årsförbrukning. Samtidighetsfaktorn (standard 1,0) kan justeras om det finns skäl.
A13: 11 | B13: Fliken Tidigare deklarationer fylls av webbverktyget som läser in gamla energideklarationer. Kontrollera A-temp, verksamhetsfördelning och byggnadstyp mot de nya kategorierna.

Sheet Sammanfattning
A1: Sammanfattning – Energideklaration
A2: Byggnad | B2: =IF(Besiktningsprotokoll!B4="","",Besiktningsprotokoll!B4)
A3: Adress | B3: =IF(Besiktningsprotokoll!B5="","",Besiktningsprotokoll!B5)
A4: Utförd av | B4: =Besiktningsprotokoll!D3&" ("&Besiktningsprotokoll!D4&")" -> Peter Persson (HSB Värmland)
A6: 1. Nuvarande energianvändning
A7: Kategori | B7: kWh/år | C7: Andel
A8: Värme (uppvärmning, normaliserad, ej klimatkorrigerad) | B8: =Normalisering!I120 -> 0 | C8: =B8/$B$12 -> #DIV/0!
A9: Varmvatten (normaliserat) | B9: =Normalisering!I132 -> 0 | C9: =B9/$B$12 -> #DIV/0!
A10: Fastighetsel inom systemgräns (netto) | B10: =Normalisering!I139 -> 0 | C10: =B10/$B$12 -> #DIV/0!
A11: Verksamhetsel | B11: =Normalisering!I144 -> 0 | C11: =B11/$B$12 -> #DIV/0!
A12: Summa | B12: =SUM(B8:B11) -> 0 | C12: 1
A13: Summor för hela fastigheten. Resultat per byggnad finns i flikarna Resultat och Gripen.
A14: Energiprestandatal fastigheten (kWh/m²,år) | B14: =Resultat!I13
A15: Energiklass fastigheten (BFS 2026:10) | B15: =Resultat!I24
A16: 2. Föreslagna energiåtgärder
A17: Markera "Ja" i respektive åtgärdsflik (cell B2). Aktiverade åtgärder sorteras efter kortast paybacktid. Ej aktiverade åtgärder hamnar sist. | K17: Hjälptabell i fast ordning (används för sorteringen och fliken Gripen)
A18: Åtgärd | B18: Aktiverad | C18: Investering (kr) | D18: Energibesparing (kWh/år) | E18: Kostnadsbesparing (kr/år) | F18: Paybacktid (år) | G18: Lönsamhet | H18: Kommentar | K18: Åtgärd | L18: Aktiverad | M18: Investering (kr) | N18: Energibesparing (kWh/år) | O18: Kostnadsbesparing (kr/år) | P18: Paybacktid (år) | Q18: Lönsamhet | R18: Sorteringsnyckel
A19: =IFERROR(IF(INDEX($K$19:$K$29,MATCH(SMALL($R$19:$R$29,1),$R$19:$R$29,0))="","",INDEX($K$19:$K$29,MATCH(SMALL($R$19:$R$29,1),$R$19:$R$29,0))),"") -> Bergvärme | B19: =IFERROR(IF(INDEX($L$19:$L$29,MATCH(SMALL($R$19:$R$29,1),$R$19:$R$29,0))="","",INDEX($L$19:$L$29,MATCH(SMALL($R$19:$R$29,1),$R$19:$R$29,0))),"") -> Nej | C19: =IFERROR(IF(INDEX($M$19:$M$29,MATCH(SMALL($R$19:$R$29,1),$R$19:$R$29,0))="","",INDEX($M$19:$M$29,MATCH(SMALL($R$19:$R$29,1),$R$19:$R$29,0))),"") | D19: =IFERROR(IF(INDEX($N$19:$N$29,MATCH(SMALL($R$19:$R$29,1),$R$19:$R$29,0))="","",INDEX($N$19:$N$29,MATCH(SMALL($R$19:$R$29,1),$R$19:$R$29,0))),"") | E19: =IFERROR(IF(INDEX($O$19:$O$29,MATCH(SMALL($R$19:$R$29,1),$R$19:$R$29,0))="","",INDEX($O$19:$O$29,MATCH(SMALL($R$19:$R$29,1),$R$19:$R$29,0))),"") | F19: =IFERROR(IF(INDEX($P$19:$P$29,MATCH(SMALL($R$19:$R$29,1),$R$19:$R$29,0))="","",INDEX($P$19:$P$29,MATCH(SMALL($R$19:$R$29,1),$R$19:$R$29,0))),"") | G19: =IFERROR(IF(INDEX($Q$19:$Q$29,MATCH(SMALL($R$19:$R$29,1),$R$19:$R$29,0))="","",INDEX($Q$19:$Q$29,MATCH(SMALL($R$19:$R$29,1),$R$19:$R$29,0))),"") | H19: Utförs i samband med fasadrenovering | K19: ='Installera bergvärme'!A1 -> Bergvärme | L19: ='Installera bergvärme'!B2 -> Nej | M19: =IFERROR(IF('Installera bergvärme'!B2="Ja",'Installera bergvärme'!D20,""),"") | N19: =IFERROR(IF('Installera bergvärme'!B2="Ja",'Installera bergvärme'!C35-'Installera bergvärme'!D35,""),"") | O19: =IFERROR(IF('Installera bergvärme'!B2="Ja",'Installera bergvärme'!C34-'Installera bergvärme'!D34,""),"") | P19: =IFERROR(IF('Installera bergvärme'!B2="Ja",'Installera bergvärme'!E6,""),"") | Q19: =IFERROR(IF('Installera bergvärme'!B2="Ja",'Installera bergvärme'!D43,""),"") | R19: =IF(L19="Ja",IF(AND(ISNUMBER(P19),N(P19)>=0),P19,1000000),2000000)+ROW()/1000000 -> 2000000
A20: =IFERROR(IF(INDEX($K$19:$K$29,MATCH(SMALL($R$19:$R$29,2),$R$19:$R$29,0))="","",INDEX($K$19:$K$29,MATCH(SMALL($R$19:$R$29,2),$R$19:$R$29,0))),"") -> Injustering av värmesystem | B20: =IFERROR(IF(INDEX($L$19:$L$29,MATCH(SMALL($R$19:$R$29,2),$R$19:$R$29,0))="","",INDEX($L$19:$L$29,MATCH(SMALL($R$19:$R$29,2),$R$19:$R$29,0))),"") -> Nej | C20: =IFERROR(IF(INDEX($M$19:$M$29,MATCH(SMALL($R$19:$R$29,2),$R$19:$R$29,0))="","",INDEX($M$19:$M$29,MATCH(SMALL($R$19:$R$29,2),$R$19:$R$29,0))),"") | D20: =IFERROR(IF(INDEX($N$19:$N$29,MATCH(SMALL($R$19:$R$29,2),$R$19:$R$29,0))="","",INDEX($N$19:$N$29,MATCH(SMALL($R$19:$R$29,2),$R$19:$R$29,0))),"") | E20: =IFERROR(IF(INDEX($O$19:$O$29,MATCH(SMALL($R$19:$R$29,2),$R$19:$R$29,0))="","",INDEX($O$19:$O$29,MATCH(SMALL($R$19:$R$29,2),$R$19:$R$29,0))),"") | F20: =IFERROR(IF(INDEX($P$19:$P$29,MATCH(SMALL($R$19:$R$29,2),$R$19:$R$29,0))="","",INDEX($P$19:$P$29,MATCH(SMALL($R$19:$R$29,2),$R$19:$R$29,0))),"") | G20: =IFERROR(IF(INDEX($Q$19:$Q$29,MATCH(SMALL($R$19:$R$29,2),$R$19:$R$29,0))="","",INDEX($Q$19:$Q$29,MATCH(SMALL($R$19:$R$29,2),$R$19:$R$29,0))),"") | H20: Utförs med framtida underhållsbyte av frånluftsfläktar | K20: ='Injustering av värmesystem'!A1 -> Injustering av värmesystem | L20: ='Injustering av värmesystem'!B2 -> Nej | M20: =IFERROR(IF('Injustering av värmesystem'!B2="Ja",'Injustering av värmesystem'!D20,""),"") | N20: =IFERROR(IF('Injustering av värmesystem'!B2="Ja",'Injustering av värmesystem'!C35-'Injustering av värmesystem'!D35,""),"") | O20: =IFERROR(IF('Injustering av värmesystem'!B2="Ja",'Injustering av värmesystem'!C34-'Injustering av värmesystem'!D34,""),"") | P20: =IFERROR(IF('Injustering av värmesystem'!B2="Ja",'Injustering av värmesystem'!E6,""),"") | Q20: =IFERROR(IF('Injustering av värmesystem'!B2="Ja",'Injustering av värmesystem'!D43,""),"") | R20: =IF(L20="Ja",IF(AND(ISNUMBER(P20),N(P20)>=0),P20,1000000),2000000)+ROW()/1000000 -> 2000000
A21: =IFERROR(IF(INDEX($K$19:$K$29,MATCH(SMALL($R$19:$R$29,3),$R$19:$R$29,0))="","",INDEX($K$19:$K$29,MATCH(SMALL($R$19:$R$29,3),$R$19:$R$29,0))),"") -> Byte styrsystem för värme | B21: =IFERROR(IF(INDEX($L$19:$L$29,MATCH(SMALL($R$19:$R$29,3),$R$19:$R$29,0))="","",INDEX($L$19:$L$29,MATCH(SMALL($R$19:$R$29,3),$R$19:$R$29,0))),"") -> Nej | C21: =IFERROR(IF(INDEX($M$19:$M$29,MATCH(SMALL($R$19:$R$29,3),$R$19:$R$29,0))="","",INDEX($M$19:$M$29,MATCH(SMALL($R$19:$R$29,3),$R$19:$R$29,0))),"") | D21: =IFERROR(IF(INDEX($N$19:$N$29,MATCH(SMALL($R$19:$R$29,3),$R$19:$R$29,0))="","",INDEX($N$19:$N$29,MATCH(SMALL($R$19:$R$29,3),$R$19:$R$29,0))),"") | E21: =IFERROR(IF(INDEX($O$19:$O$29,MATCH(SMALL($R$19:$R$29,3),$R$19:$R$29,0))="","",INDEX($O$19:$O$29,MATCH(SMALL($R$19:$R$29,3),$R$19:$R$29,0))),"") | F21: =IFERROR(IF(INDEX($P$19:$P$29,MATCH(SMALL($R$19:$R$29,3),$R$19:$R$29,0))="","",INDEX($P$19:$P$29,MATCH(SMALL($R$19:$R$29,3),$R$19:$R$29,0))),"") | G21: =IFERROR(IF(INDEX($Q$19:$Q$29,MATCH(SMALL($R$19:$R$29,3),$R$19:$R$29,0))="","",INDEX($Q$19:$Q$29,MATCH(SMALL($R$19:$R$29,3),$R$19:$R$29,0))),"") | K21: ='Styrsystem för värme'!A1 -> Byte styrsystem för värme | L21: ='Styrsystem för värme'!B2 -> Nej | M21: =IFERROR(IF('Styrsystem för värme'!B2="Ja",'Styrsystem för värme'!D20,""),"") | N21: =IFERROR(IF('Styrsystem för värme'!B2="Ja",'Styrsystem för värme'!C35-'Styrsystem för värme'!D35,""),"") | O21: =IFERROR(IF('Styrsystem för värme'!B2="Ja",'Styrsystem för värme'!C34-'Styrsystem för värme'!D34,""),"") | P21: =IFERROR(IF('Styrsystem för värme'!B2="Ja",'Styrsystem för värme'!E6,""),"") | Q21: =IFERROR(IF('Styrsystem för värme'!B2="Ja",'Styrsystem för värme'!D43,""),"") | R21: =IF(L21="Ja",IF(AND(ISNUMBER(P21),N(P21)>=0),P21,1000000),2000000)+ROW()/1000000 -> 2000000
A22: =IFERROR(IF(INDEX($K$19:$K$29,MATCH(SMALL($R$19:$R$29,4),$R$19:$R$29,0))="","",INDEX($K$19:$K$29,MATCH(SMALL($R$19:$R$29,4),$R$19:$R$29,0))),"") -> Tilläggisolering av vindbjälklaget | B22: =IFERROR(IF(INDEX($L$19:$L$29,MATCH(SMALL($R$19:$R$29,4),$R$19:$R$29,0))="","",INDEX($L$19:$L$29,MATCH(SMALL($R$19:$R$29,4),$R$19:$R$29,0))),"") -> Nej | C22: =IFERROR(IF(INDEX($M$19:$M$29,MATCH(SMALL($R$19:$R$29,4),$R$19:$R$29,0))="","",INDEX($M$19:$M$29,MATCH(SMALL($R$19:$R$29,4),$R$19:$R$29,0))),"") | D22: =IFERROR(IF(INDEX($N$19:$N$29,MATCH(SMALL($R$19:$R$29,4),$R$19:$R$29,0))="","",INDEX($N$19:$N$29,MATCH(SMALL($R$19:$R$29,4),$R$19:$R$29,0))),"") | E22: =IFERROR(IF(INDEX($O$19:$O$29,MATCH(SMALL($R$19:$R$29,4),$R$19:$R$29,0))="","",INDEX($O$19:$O$29,MATCH(SMALL($R$19:$R$29,4),$R$19:$R$29,0))),"") | F22: =IFERROR(IF(INDEX($P$19:$P$29,MATCH(SMALL($R$19:$R$29,4),$R$19:$R$29,0))="","",INDEX($P$19:$P$29,MATCH(SMALL($R$19:$R$29,4),$R$19:$R$29,0))),"") | G22: =IFERROR(IF(INDEX($Q$19:$Q$29,MATCH(SMALL($R$19:$R$29,4),$R$19:$R$29,0))="","",INDEX($Q$19:$Q$29,MATCH(SMALL($R$19:$R$29,4),$R$19:$R$29,0))),"") | K22: ='Tilläggisolering av vindsbjälk'!A1 -> Tilläggisolering av vindbjälklaget | L22: ='Tilläggisolering av vindsbjälk'!B2 -> Nej | M22: =IFERROR(IF('Tilläggisolering av vindsbjälk'!B2="Ja",'Tilläggisolering av vindsbjälk'!D20,""),"") | N22: =IFERROR(IF('Tilläggisolering av vindsbjälk'!B2="Ja",'Tilläggisolering av vindsbjälk'!C35-'Tilläggisolering av vindsbjälk'!D35,""),"") | O22: =IFERROR(IF('Tilläggisolering av vindsbjälk'!B2="Ja",'Tilläggisolering av vindsbjälk'!C34-'Tilläggisolering av vindsbjälk'!D34,""),"") | P22: =IFERROR(IF('Tilläggisolering av vindsbjälk'!B2="Ja",'Tilläggisolering av vindsbjälk'!E6,""),"") | Q22: =IFERROR(IF('Tilläggisolering av vindsbjälk'!B2="Ja",'Tilläggisolering av vindsbjälk'!D43,""),"") | R22: =IF(L22="Ja",IF(AND(ISNUMBER(P22),N(P22)>=0),P22,1000000),2000000)+ROW()/1000000 -> 2000000
A23: =IFERROR(IF(INDEX($K$19:$K$29,MATCH(SMALL($R$19:$R$29,5),$R$19:$R$29,0))="","",INDEX($K$19:$K$29,MATCH(SMALL($R$19:$R$29,5),$R$19:$R$29,0))),"") -> Byte av fönster | B23: =IFERROR(IF(INDEX($L$19:$L$29,MATCH(SMALL($R$19:$R$29,5),$R$19:$R$29,0))="","",INDEX($L$19:$L$29,MATCH(SMALL($R$19:$R$29,5),$R$19:$R$29,0))),"") -> Nej | C23: =IFERROR(IF(INDEX($M$19:$M$29,MATCH(SMALL($R$19:$R$29,5),$R$19:$R$29,0))="","",INDEX($M$19:$M$29,MATCH(SMALL($R$19:$R$29,5),$R$19:$R$29,0))),"") | D23: =IFERROR(IF(INDEX($N$19:$N$29,MATCH(SMALL($R$19:$R$29,5),$R$19:$R$29,0))="","",INDEX($N$19:$N$29,MATCH(SMALL($R$19:$R$29,5),$R$19:$R$29,0))),"") | E23: =IFERROR(IF(INDEX($O$19:$O$29,MATCH(SMALL($R$19:$R$29,5),$R$19:$R$29,0))="","",INDEX($O$19:$O$29,MATCH(SMALL($R$19:$R$29,5),$R$19:$R$29,0))),"") | F23: =IFERROR(IF(INDEX($P$19:$P$29,MATCH(SMALL($R$19:$R$29,5),$R$19:$R$29,0))="","",INDEX($P$19:$P$29,MATCH(SMALL($R$19:$R$29,5),$R$19:$R$29,0))),"") | G23: =IFERROR(IF(INDEX($Q$19:$Q$29,MATCH(SMALL($R$19:$R$29,5),$R$19:$R$29,0))="","",INDEX($Q$19:$Q$29,MATCH(SMALL($R$19:$R$29,5),$R$19:$R$29,0))),"") | K23: ='Byte fönster'!A1 -> Byte av fönster | L23: ='Byte fönster'!B2 -> Nej | M23: =IFERROR(IF('Byte fönster'!B2="Ja",'Byte fönster'!D20,""),"") | N23: =IFERROR(IF('Byte fönster'!B2="Ja",'Byte fönster'!C35-'Byte fönster'!D35,""),"") | O23: =IFERROR(IF('Byte fönster'!B2="Ja",'Byte fönster'!C34-'Byte fönster'!D34,""),"") | P23: =IFERROR(IF('Byte fönster'!B2="Ja",'Byte fönster'!E6,""),"") | Q23: =IFERROR(IF('Byte fönster'!B2="Ja",'Byte fönster'!D43,""),"") | R23: =IF(L23="Ja",IF(AND(ISNUMBER(P23),N(P23)>=0),P23,1000000),2000000)+ROW()/1000000 -> 2000000
A24: =IFERROR(IF(INDEX($K$19:$K$29,MATCH(SMALL($R$19:$R$29,6),$R$19:$R$29,0))="","",INDEX($K$19:$K$29,MATCH(SMALL($R$19:$R$29,6),$R$19:$R$29,0))),"") -> Tilläggisolering av fasader | B24: =IFERROR(IF(INDEX($L$19:$L$29,MATCH(SMALL($R$19:$R$29,6),$R$19:$R$29,0))="","",INDEX($L$19:$L$29,MATCH(SMALL($R$19:$R$29,6),$R$19:$R$29,0))),"") -> Nej | C24: =IFERROR(IF(INDEX($M$19:$M$29,MATCH(SMALL($R$19:$R$29,6),$R$19:$R$29,0))="","",INDEX($M$19:$M$29,MATCH(SMALL($R$19:$R$29,6),$R$19:$R$29,0))),"") | D24: =IFERROR(IF(INDEX($N$19:$N$29,MATCH(SMALL($R$19:$R$29,6),$R$19:$R$29,0))="","",INDEX($N$19:$N$29,MATCH(SMALL($R$19:$R$29,6),$R$19:$R$29,0))),"") | E24: =IFERROR(IF(INDEX($O$19:$O$29,MATCH(SMALL($R$19:$R$29,6),$R$19:$R$29,0))="","",INDEX($O$19:$O$29,MATCH(SMALL($R$19:$R$29,6),$R$19:$R$29,0))),"") | F24: =IFERROR(IF(INDEX($P$19:$P$29,MATCH(SMALL($R$19:$R$29,6),$R$19:$R$29,0))="","",INDEX($P$19:$P$29,MATCH(SMALL($R$19:$R$29,6),$R$19:$R$29,0))),"") | G24: =IFERROR(IF(INDEX($Q$19:$Q$29,MATCH(SMALL($R$19:$R$29,6),$R$19:$R$29,0))="","",INDEX($Q$19:$Q$29,MATCH(SMALL($R$19:$R$29,6),$R$19:$R$29,0))),"") | K24: ='Tilläggisol fasad'!A1 -> Tilläggisolering av fasader | L24: ='Tilläggisol fasad'!B2 -> Nej | M24: =IFERROR(IF('Tilläggisol fasad'!B2="Ja",'Tilläggisol fasad'!D20,""),"") | N24: =IFERROR(IF('Tilläggisol fasad'!B2="Ja",'Tilläggisol fasad'!C35-'Tilläggisol fasad'!D35,""),"") | O24: =IFERROR(IF('Tilläggisol fasad'!B2="Ja",'Tilläggisol fasad'!C34-'Tilläggisol fasad'!D34,""),"") | P24: =IFERROR(IF('Tilläggisol fasad'!B2="Ja",'Tilläggisol fasad'!E6,""),"") | Q24: =IFERROR(IF('Tilläggisol fasad'!B2="Ja",'Tilläggisol fasad'!D43,""),"") | R24: =IF(L24="Ja",IF(AND(ISNUMBER(P24),N(P24)>=0),P24,1000000),2000000)+ROW()/1000000 -> 2000000
A25: =IFERROR(IF(INDEX($K$19:$K$29,MATCH(SMALL($R$19:$R$29,7),$R$19:$R$29,0))="","",INDEX($K$19:$K$29,MATCH(SMALL($R$19:$R$29,7),$R$19:$R$29,0))),"") -> Installation av frånluftsåtervinning | B25: =IFERROR(IF(INDEX($L$19:$L$29,MATCH(SMALL($R$19:$R$29,7),$R$19:$R$29,0))="","",INDEX($L$19:$L$29,MATCH(SMALL($R$19:$R$29,7),$R$19:$R$29,0))),"") -> Nej | C25: =IFERROR(IF(INDEX($M$19:$M$29,MATCH(SMALL($R$19:$R$29,7),$R$19:$R$29,0))="","",INDEX($M$19:$M$29,MATCH(SMALL($R$19:$R$29,7),$R$19:$R$29,0))),"") | D25: =IFERROR(IF(INDEX($N$19:$N$29,MATCH(SMALL($R$19:$R$29,7),$R$19:$R$29,0))="","",INDEX($N$19:$N$29,MATCH(SMALL($R$19:$R$29,7),$R$19:$R$29,0))),"") | E25: =IFERROR(IF(INDEX($O$19:$O$29,MATCH(SMALL($R$19:$R$29,7),$R$19:$R$29,0))="","",INDEX($O$19:$O$29,MATCH(SMALL($R$19:$R$29,7),$R$19:$R$29,0))),"") | F25: =IFERROR(IF(INDEX($P$19:$P$29,MATCH(SMALL($R$19:$R$29,7),$R$19:$R$29,0))="","",INDEX($P$19:$P$29,MATCH(SMALL($R$19:$R$29,7),$R$19:$R$29,0))),"") | G25: =IFERROR(IF(INDEX($Q$19:$Q$29,MATCH(SMALL($R$19:$R$29,7),$R$19:$R$29,0))="","",INDEX($Q$19:$Q$29,MATCH(SMALL($R$19:$R$29,7),$R$19:$R$29,0))),"") | K25: ='Installation F-återvinning'!A1 -> Installation av frånluftsåtervinning | L25: ='Installation F-återvinning'!B2 -> Nej | M25: =IFERROR(IF('Installation F-återvinning'!B2="Ja",'Installation F-återvinning'!D20,""),"") | N25: =IFERROR(IF('Installation F-återvinning'!B2="Ja",'Installation F-återvinning'!C35-'Installation F-återvinning'!D35,""),"") | O25: =IFERROR(IF('Installation F-återvinning'!B2="Ja",'Installation F-återvinning'!C34-'Installation F-återvinning'!D34,""),"") | P25: =IFERROR(IF('Installation F-återvinning'!B2="Ja",'Installation F-återvinning'!E6,""),"") | Q25: =IFERROR(IF('Installation F-återvinning'!B2="Ja",'Installation F-återvinning'!D43,""),"") | R25: =IF(L25="Ja",IF(AND(ISNUMBER(P25),N(P25)>=0),P25,1000000),2000000)+ROW()/1000000 -> 2000000
A26: =IFERROR(IF(INDEX($K$19:$K$29,MATCH(SMALL($R$19:$R$29,8),$R$19:$R$29,0))="","",INDEX($K$19:$K$29,MATCH(SMALL($R$19:$R$29,8),$R$19:$R$29,0))),"") -> Installation av solceller på taket | B26: =IFERROR(IF(INDEX($L$19:$L$29,MATCH(SMALL($R$19:$R$29,8),$R$19:$R$29,0))="","",INDEX($L$19:$L$29,MATCH(SMALL($R$19:$R$29,8),$R$19:$R$29,0))),"") -> Nej | C26: =IFERROR(IF(INDEX($M$19:$M$29,MATCH(SMALL($R$19:$R$29,8),$R$19:$R$29,0))="","",INDEX($M$19:$M$29,MATCH(SMALL($R$19:$R$29,8),$R$19:$R$29,0))),"") | D26: =IFERROR(IF(INDEX($N$19:$N$29,MATCH(SMALL($R$19:$R$29,8),$R$19:$R$29,0))="","",INDEX($N$19:$N$29,MATCH(SMALL($R$19:$R$29,8),$R$19:$R$29,0))),"") | E26: =IFERROR(IF(INDEX($O$19:$O$29,MATCH(SMALL($R$19:$R$29,8),$R$19:$R$29,0))="","",INDEX($O$19:$O$29,MATCH(SMALL($R$19:$R$29,8),$R$19:$R$29,0))),"") | F26: =IFERROR(IF(INDEX($P$19:$P$29,MATCH(SMALL($R$19:$R$29,8),$R$19:$R$29,0))="","",INDEX($P$19:$P$29,MATCH(SMALL($R$19:$R$29,8),$R$19:$R$29,0))),"") | G26: =IFERROR(IF(INDEX($Q$19:$Q$29,MATCH(SMALL($R$19:$R$29,8),$R$19:$R$29,0))="","",INDEX($Q$19:$Q$29,MATCH(SMALL($R$19:$R$29,8),$R$19:$R$29,0))),"") | K26: ='Installation av solceller'!A1 -> Installation av solceller på taket | L26: ='Installation av solceller'!B2 -> Nej | M26: =IFERROR(IF('Installation av solceller'!B2="Ja",'Installation av solceller'!D20,""),"") | N26: =IFERROR(IF('Installation av solceller'!B2="Ja",'Installation av solceller'!C35-'Installation av solceller'!D35,""),"") | O26: =IFERROR(IF('Installation av solceller'!B2="Ja",'Installation av solceller'!C34-'Installation av solceller'!D34,""),"") | P26: =IFERROR(IF('Installation av solceller'!B2="Ja",'Installation av solceller'!E6,""),"") | Q26: =IFERROR(IF('Installation av solceller'!B2="Ja",'Installation av solceller'!D43,""),"") | R26: =IF(L26="Ja",IF(AND(ISNUMBER(P26),N(P26)>=0),P26,1000000),2000000)+ROW()/1000000 -> 2000000
A27: =IFERROR(IF(INDEX($K$19:$K$29,MATCH(SMALL($R$19:$R$29,9),$R$19:$R$29,0))="","",INDEX($K$19:$K$29,MATCH(SMALL($R$19:$R$29,9),$R$19:$R$29,0))),"") -> Byte av pump till tryckstyrd med bättre effektivitet | B27: =IFERROR(IF(INDEX($L$19:$L$29,MATCH(SMALL($R$19:$R$29,9),$R$19:$R$29,0))="","",INDEX($L$19:$L$29,MATCH(SMALL($R$19:$R$29,9),$R$19:$R$29,0))),"") -> Nej | C27: =IFERROR(IF(INDEX($M$19:$M$29,MATCH(SMALL($R$19:$R$29,9),$R$19:$R$29,0))="","",INDEX($M$19:$M$29,MATCH(SMALL($R$19:$R$29,9),$R$19:$R$29,0))),"") | D27: =IFERROR(IF(INDEX($N$19:$N$29,MATCH(SMALL($R$19:$R$29,9),$R$19:$R$29,0))="","",INDEX($N$19:$N$29,MATCH(SMALL($R$19:$R$29,9),$R$19:$R$29,0))),"") | E27: =IFERROR(IF(INDEX($O$19:$O$29,MATCH(SMALL($R$19:$R$29,9),$R$19:$R$29,0))="","",INDEX($O$19:$O$29,MATCH(SMALL($R$19:$R$29,9),$R$19:$R$29,0))),"") | F27: =IFERROR(IF(INDEX($P$19:$P$29,MATCH(SMALL($R$19:$R$29,9),$R$19:$R$29,0))="","",INDEX($P$19:$P$29,MATCH(SMALL($R$19:$R$29,9),$R$19:$R$29,0))),"") | G27: =IFERROR(IF(INDEX($Q$19:$Q$29,MATCH(SMALL($R$19:$R$29,9),$R$19:$R$29,0))="","",INDEX($Q$19:$Q$29,MATCH(SMALL($R$19:$R$29,9),$R$19:$R$29,0))),"") | K27: ='Byte av pump'!A1 -> Byte av pump till tryckstyrd med bättre effektivitet | L27: ='Byte av pump'!B2 -> Nej | M27: =IFERROR(IF('Byte av pump'!B2="Ja",'Byte av pump'!D20,""),"") | N27: =IFERROR(IF('Byte av pump'!B2="Ja",'Byte av pump'!C35-'Byte av pump'!D35,""),"") | O27: =IFERROR(IF('Byte av pump'!B2="Ja",'Byte av pump'!C34-'Byte av pump'!D34,""),"") | P27: =IFERROR(IF('Byte av pump'!B2="Ja",'Byte av pump'!E6,""),"") | Q27: =IFERROR(IF('Byte av pump'!B2="Ja",'Byte av pump'!D43,""),"") | R27: =IF(L27="Ja",IF(AND(ISNUMBER(P27),N(P27)>=0),P27,1000000),2000000)+ROW()/1000000 -> 2000000
A28: =IFERROR(IF(INDEX($K$19:$K$29,MATCH(SMALL($R$19:$R$29,10),$R$19:$R$29,0))="","",INDEX($K$19:$K$29,MATCH(SMALL($R$19:$R$29,10),$R$19:$R$29,0))),"") -> Byte av fläktar till tryckstyrd med bättre effektivitet | B28: =IFERROR(IF(INDEX($L$19:$L$29,MATCH(SMALL($R$19:$R$29,10),$R$19:$R$29,0))="","",INDEX($L$19:$L$29,MATCH(SMALL($R$19:$R$29,10),$R$19:$R$29,0))),"") -> Nej | C28: =IFERROR(IF(INDEX($M$19:$M$29,MATCH(SMALL($R$19:$R$29,10),$R$19:$R$29,0))="","",INDEX($M$19:$M$29,MATCH(SMALL($R$19:$R$29,10),$R$19:$R$29,0))),"") | D28: =IFERROR(IF(INDEX($N$19:$N$29,MATCH(SMALL($R$19:$R$29,10),$R$19:$R$29,0))="","",INDEX($N$19:$N$29,MATCH(SMALL($R$19:$R$29,10),$R$19:$R$29,0))),"") | E28: =IFERROR(IF(INDEX($O$19:$O$29,MATCH(SMALL($R$19:$R$29,10),$R$19:$R$29,0))="","",INDEX($O$19:$O$29,MATCH(SMALL($R$19:$R$29,10),$R$19:$R$29,0))),"") | F28: =IFERROR(IF(INDEX($P$19:$P$29,MATCH(SMALL($R$19:$R$29,10),$R$19:$R$29,0))="","",INDEX($P$19:$P$29,MATCH(SMALL($R$19:$R$29,10),$R$19:$R$29,0))),"") | G28: =IFERROR(IF(INDEX($Q$19:$Q$29,MATCH(SMALL($R$19:$R$29,10),$R$19:$R$29,0))="","",INDEX($Q$19:$Q$29,MATCH(SMALL($R$19:$R$29,10),$R$19:$R$29,0))),"") | K28: ='Byte av fläkt'!A1 -> Byte av fläktar till tryckstyrd med bättre effektivitet | L28: ='Byte av fläkt'!B2 -> Nej | M28: =IFERROR(IF('Byte av fläkt'!B2="Ja",'Byte av fläkt'!D20,""),"") | N28: =IFERROR(IF('Byte av fläkt'!B2="Ja",'Byte av fläkt'!C35-'Byte av fläkt'!D35,""),"") | O28: =IFERROR(IF('Byte av fläkt'!B2="Ja",'Byte av fläkt'!C34-'Byte av fläkt'!D34,""),"") | P28: =IFERROR(IF('Byte av fläkt'!B2="Ja",'Byte av fläkt'!E6,""),"") | Q28: =IFERROR(IF('Byte av fläkt'!B2="Ja",'Byte av fläkt'!D43,""),"") | R28: =IF(L28="Ja",IF(AND(ISNUMBER(P28),N(P28)>=0),P28,1000000),2000000)+ROW()/1000000 -> 2000000
A29: =IFERROR(IF(INDEX($K$19:$K$29,MATCH(SMALL($R$19:$R$29,11),$R$19:$R$29,0))="","",INDEX($K$19:$K$29,MATCH(SMALL($R$19:$R$29,11),$R$19:$R$29,0))),"") -> Övrig åtgärd | B29: =IFERROR(IF(INDEX($L$19:$L$29,MATCH(SMALL($R$19:$R$29,11),$R$19:$R$29,0))="","",INDEX($L$19:$L$29,MATCH(SMALL($R$19:$R$29,11),$R$19:$R$29,0))),"") -> Nej | C29: =IFERROR(IF(INDEX($M$19:$M$29,MATCH(SMALL($R$19:$R$29,11),$R$19:$R$29,0))="","",INDEX($M$19:$M$29,MATCH(SMALL($R$19:$R$29,11),$R$19:$R$29,0))),"") | D29: =IFERROR(IF(INDEX($N$19:$N$29,MATCH(SMALL($R$19:$R$29,11),$R$19:$R$29,0))="","",INDEX($N$19:$N$29,MATCH(SMALL($R$19:$R$29,11),$R$19:$R$29,0))),"") | E29: =IFERROR(IF(INDEX($O$19:$O$29,MATCH(SMALL($R$19:$R$29,11),$R$19:$R$29,0))="","",INDEX($O$19:$O$29,MATCH(SMALL($R$19:$R$29,11),$R$19:$R$29,0))),"") | F29: =IFERROR(IF(INDEX($P$19:$P$29,MATCH(SMALL($R$19:$R$29,11),$R$19:$R$29,0))="","",INDEX($P$19:$P$29,MATCH(SMALL($R$19:$R$29,11),$R$19:$R$29,0))),"") | G29: =IFERROR(IF(INDEX($Q$19:$Q$29,MATCH(SMALL($R$19:$R$29,11),$R$19:$R$29,0))="","",INDEX($Q$19:$Q$29,MATCH(SMALL($R$19:$R$29,11),$R$19:$R$29,0))),"") | K29: ='Övrig åtgärd'!A1 -> Övrig åtgärd | L29: ='Övrig åtgärd'!B2 -> Nej | M29: =IFERROR(IF('Övrig åtgärd'!B2="Ja",'Övrig åtgärd'!D20,""),"") | N29: =IFERROR(IF('Övrig åtgärd'!B2="Ja",'Övrig åtgärd'!C35-'Övrig åtgärd'!D35,""),"") | O29: =IFERROR(IF('Övrig åtgärd'!B2="Ja",'Övrig åtgärd'!C34-'Övrig åtgärd'!D34,""),"") | P29: =IFERROR(IF('Övrig åtgärd'!B2="Ja",'Övrig åtgärd'!E6,""),"") | Q29: =IFERROR(IF('Övrig åtgärd'!B2="Ja",'Övrig åtgärd'!D43,""),"") | R29: =IF(L29="Ja",IF(AND(ISNUMBER(P29),N(P29)>=0),P29,1000000),2000000)+ROW()/1000000 -> 2000000
A30: Summa aktiverade åtgärder | C30: =SUM(C19:C29) -> 0 | D30: =SUM(D19:D29) -> 0 | E30: =SUM(E19:E29) -> 0

Sheet Byggnader
A1: Byggnader och A-temp
A2: En kolumn per fysisk byggnad, varje byggnad blir en egen energideklaration i Gripen. Lämna oanvända kolumner tomma.
A4: Fastighet
A5: Fastighetsbeteckning
A6: Kommun | C6: Karlstad
A7: Geografisk justeringsfaktor Fgeo | C7: =IFERROR(INDEX('Regler BFS 2026'!$B$30:$B$319,MATCH(C6,'Regler BFS 2026'!$A$30:$A$319,0)),"Välj kommun") -> 1
A8: Mätperiod från och med (ÅÅMM)
A9: Mätperiod till och med (ÅÅMM)
A10: Energiindex för mätperioden (endast kontroll av Etal) | C10: 1
A12: Byggnad | C12: Byggnad 1 | D12: Byggnad 2 | E12: Byggnad 3 | F12: Byggnad 4 | G12: Byggnad 5 | H12: Byggnad 6 | I12: Summa
A13: Egen beteckning
A14: Adress
A15: Husnummer / byggnads-ID
A16: Byggnadstyp (bostadsdel) | C16: Flerbostadshus | D16: Flerbostadshus | E16: Flerbostadshus | F16: Flerbostadshus | G16: Flerbostadshus | H16: Flerbostadshus
A17: Nybyggnadsår
A18: Antal lägenheter | I18: =SUM(C18:H18) -> 0
A20: A-temp per byggnad (m²)
A21: A-temp bostäder inkl. biarea | I21: =SUM(C21:H21) -> 0
A23: A-temp lokaler per kategori enligt BFS 2026:9 (m²)
A24: Kontor | I24: =SUM(C24:H24) -> 0
A25: Utbildning | I25: =SUM(C25:H25) -> 0
A26: Sjukhus | I26: =SUM(C26:H26) -> 0
A27: Logi och restaurang | I27: =SUM(C27:H27) -> 0
A28: Idrott | I28: =SUM(C28:H28) -> 0
A29: Handel och kultur | I29: =SUM(C29:H29) -> 0
A30: Annan typ av energianvändande byggnad | I30: =SUM(C30:H30) -> 0
A31: Varmgarage (m²) | I31: =SUM(C31:H31) -> 0
A32: A-temp totalt (m²) | C32: =C21+SUM(C24:C31) -> 0 | D32: =D21+SUM(D24:D31) -> 0 | E32: =E21+SUM(E24:E31) -> 0 | F32: =F21+SUM(F24:F31) -> 0 | G32: =G21+SUM(G24:G31) -> 0 | H32: =H21+SUM(H24:H31) -> 0 | I32: =I21+SUM(I24:I31) -> 0
A33: Andel av fastighetens A-temp | C33: =IFERROR(C32/$I$32,0) -> 0 | D33: =IFERROR(D32/$I$32,0) -> 0 | E33: =IFERROR(E32/$I$32,0) -> 0 | F33: =IFERROR(F32/$I$32,0) -> 0 | G33: =IFERROR(G32/$I$32,0) -> 0 | H33: =IFERROR(H32/$I$32,0) -> 0 | I33: =IFERROR(I32/$I$32,0) -> 0
A35: Fördelning av gemensamma mätare
A36: Används för mätare som försörjer "Alla" byggnader, t.ex. en fjärrvärmecentral med kulvert. Manuell andel ersätter den automatiska.
A37: Uppvärmning, automatisk andel (A-temp) | C37: =IFERROR(C32/$I$32,0) -> 0 | D37: =IFERROR(D32/$I$32,0) -> 0 | E37: =IFERROR(E32/$I$32,0) -> 0 | F37: =IFERROR(F32/$I$32,0) -> 0 | G37: =IFERROR(G32/$I$32,0) -> 0 | H37: =IFERROR(H32/$I$32,0) -> 0 | I37: =SUM(C37:H37) -> 0
A38: Uppvärmning, manuell andel | I38: =SUM(C38:H38) -> 0
A39: Uppvärmning, använd andel | C39: =IF(C38="",C37,C38) -> 0 | D39: =IF(D38="",D37,D38) -> 0 | E39: =IF(E38="",E37,E38) -> 0 | F39: =IF(F38="",F37,F38) -> 0 | G39: =IF(G38="",G37,G38) -> 0 | H39: =IF(H38="",H37,H38) -> 0 | I39: =SUM(C39:H39) -> 0
A40: Tappvarmvatten, automatisk andel (lägenheter, annars A-temp) | C40: =IF($I$18>0,IFERROR(C18/$I$18,0),IFERROR(C32/$I$32,0)) -> 0 | D40: =IF($I$18>0,IFERROR(D18/$I$18,0),IFERROR(D32/$I$32,0)) -> 0 | E40: =IF($I$18>0,IFERROR(E18/$I$18,0),IFERROR(E32/$I$32,0)) -> 0 | F40: =IF($I$18>0,IFERROR(F18/$I$18,0),IFERROR(F32/$I$32,0)) -> 0 | G40: =IF($I$18>0,IFERROR(G18/$I$18,0),IFERROR(G32/$I$32,0)) -> 0 | H40: =IF($I$18>0,IFERROR(H18/$I$18,0),IFERROR(H32/$I$32,0)) -> 0 | I40: =SUM(C40:H40) -> 0
A41: Tappvarmvatten, manuell andel | I41: =SUM(C41:H41) -> 0
A42: Tappvarmvatten, använd andel | C42: =IF(C41="",C40,C41) -> 0 | D42: =IF(D41="",D40,D41) -> 0 | E42: =IF(E41="",E40,E41) -> 0 | F42: =IF(F41="",F40,F41) -> 0 | G42: =IF(G41="",G40,G41) -> 0 | H42: =IF(H41="",H40,H41) -> 0 | I42: =SUM(C42:H42) -> 0
A43: El, kyla och övrigt (A-temp) | C43: =IFERROR(C32/$I$32,0) -> 0 | D43: =IFERROR(D32/$I$32,0) -> 0 | E43: =IFERROR(E32/$I$32,0) -> 0 | F43: =IFERROR(F32/$I$32,0) -> 0 | G43: =IFERROR(G32/$I$32,0) -> 0 | H43: =IFERROR(H32/$I$32,0) -> 0 | I43: =SUM(C43:H43) -> 0
A44: Hushållsel (A-temp bostäder) | C44: =IF($I$21>0,IFERROR(C21/$I$21,0),C43) -> 0 | D44: =IF($I$21>0,IFERROR(D21/$I$21,0),D43) -> 0 | E44: =IF($I$21>0,IFERROR(E21/$I$21,0),E43) -> 0 | F44: =IF($I$21>0,IFERROR(F21/$I$21,0),F43) -> 0 | G44: =IF($I$21>0,IFERROR(G21/$I$21,0),G43) -> 0 | H44: =IF($I$21>0,IFERROR(H21/$I$21,0),H43) -> 0 | I44: =SUM(C44:H44) -> 0
A46: Egenanvänd solel som minskar energiprestandatalet (från fliken Solceller)
A47: Till fastighetsenergi | C47: =Solceller!C44 -> 0 | D47: =Solceller!D44 -> 0 | E47: =Solceller!E44 -> 0 | F47: =Solceller!F44 -> 0 | G47: =Solceller!G44 -> 0 | H47: =Solceller!H44 -> 0 | I47: =SUM(C47:H47) -> 0
A48: Till värmepump, elvärme och komfortkyla | C48: =Solceller!C45 -> 0 | D48: =Solceller!D45 -> 0 | E48: =Solceller!E45 -> 0 | F48: =Solceller!F45 -> 0 | G48: =Solceller!G45 -> 0 | H48: =Solceller!H45 -> 0 | I48: =SUM(C48:H48) -> 0
A50: Tidigare energideklaration (för jämförelse)
A51: Energiprestanda, primärenergital (kWh/m²,år)
A52: Energiklass

Sheet Tidigare deklarationer
A1: Tidigare energideklarationer
A2: Uppgifter inlästa från tidigare energideklarationer. Används som referens och av Gripen-exporten. Energivärdena gäller den tidigare mätperioden.
A4: Byggnad | C4: =Byggnader!C12 -> Byggnad 1 | D4: =Byggnader!D12 -> Byggnad 2 | E4: =Byggnader!E12 -> Byggnad 3 | F4: =Byggnader!F12 -> Byggnad 4 | G4: =Byggnader!G12 -> Byggnad 5 | H4: =Byggnader!H12 -> Byggnad 6
A5: Energideklarations-ID
A6: Blankettversion
A7: Datum för godkännande
A8: Län
A9: Kommun
A10: Fastighetsbeteckning
A11: Egen beteckning
A12: Husnummer
A13: Prefix byggnadsid
A14: Byggnadsid
A15: Adresser (adress; postnr; postort | …)
A16: Typkod
... A51: Inläsningskommentarer

Sheet Mätdata
A1: Köpt energi och vatten
A2: Ange uppmätt energi för mätperioden, ej normalårskorrigerad. Välj vilken byggnad mätaren försörjer, eller Alla om den är gemensam.
A4: Energimätare
A5: Mätare / benämning | B5: Energibärare | C5: Ändamål | D5: Försörjer | E5: kWh | F5: Kommentar
J7: Effekt | K7: YTA | L7: Årsprod
H8: Solceller | I8: HUS1 15A | J8: 13.4 | K8: =44*1.8 -> 79.2 | L8: =160*K8 -> 12672
I9: HUS2 4 | J9: 13.4 | K9: =44*1.8 -> 79.2 | L9: =160*K9 -> 12672
I12: Förbruklning enligt Ellevio | L12: HUS A | M12: 27117
L13: HUS B | M13: 28841
I14: Produktion enligt Ellevio | L14: HUS A | M14: 3831
L15: HUS B | M15: 4381
I18: Husens elförbukning | M18: =E7+E8+E9+E10 -> 0
I19: Varav hushållsel | M19: =E7+E8 -> 0
I20: Varav fastighets el | M20: =Besiktningsprotokoll!D125 -> 12193.8
I21: Varav veksamhetsel | M21: =Besiktningsprotokoll!D146 -> 0
A26: Solceller och såld el anges i fliken Solceller, inte som mätare här.
A27: Vattenmätare
A28: Mätare / benämning | B28: Försörjer | C28: m³
A37: Summa vatten (m³) | C37: =SUM(C29:C36) -> 0
A39: Tappvarmvatten
A40: Andel varmvatten av total vattenförbrukning | B40: 0.35
A41: Energiinnehåll i varmvatten (kWh/m³) | B41: 55
A42: Verkningsgrad varmvattensystem inkl. VVC | B42: 1
A43: Faktiskt energibehov om vattenmätning saknas (kWh/m²,år) | B43: 25
A45: Värmeproduktion
A46: Värmekälla | B46: Köpt energi kWh/år | C46: Andel av varmvattenproduktion | D46: Årsverkningsgrad | E46: Viktningsfaktor | F46: Energikälla i Gripen
A47: Fjärrvärme | B47: =SUMIFS($E$6:$E$25,$B$6:$B$25,"Fjärrvärme",$C$6:$C$25,"Värme och tappvarmvatten") -> 0 | C47: 1 | D47: 1 | E47: ='Regler BFS 2026'!$B$5 -> 0.7 | F47: Fjärrvärme
A48: Värmepump (el) | B48: =SUMIFS($E$6:$E$25,$B$6:$B$25,"El",$C$6:$C$25,"Värmepump")+C62 -> 0 | C48: 0 | D48: 2.5 | E48: ='Regler BFS 2026'!$B$4 -> 1.8 | F48: Värmepump – välj typ
A49: Elvärme | B49: =SUMIFS($E$6:$E$25,$B$6:$B$25,"El",$C$6:$C$25,"Elvärme")+C63 -> 0 | C49: 0 | D49: 1 | E49: ='Regler BFS 2026'!$B$4 -> 1.8 | F49: El – välj typ
A50: Olja | B50: =SUMIFS($E$6:$E$25,$B$6:$B$25,"Olja",$C$6:$C$25,"Värme och tappvarmvatten") -> 0 | C50: 0 | D50: 0.85 | E50: ='Regler BFS 2026'!$B$8 -> 1.8 | F50: Olja
A51: Gas | B51: =SUMIFS($E$6:$E$25,$B$6:$B$25,"Gas",$C$6:$C$25,"Värme och tappvarmvatten") -> 0 | C51: 0 | D51: 0.9 | E51: ='Regler BFS 2026'!$B$8 -> 1.8 | F51: Gas
A52: Pellets/flis/briketter | B52: =SUMIFS($E$6:$E$25,$B$6:$B$25,"Pellets/flis/briketter",$C$6:$C$25,"Värme och tappvarmvatten") -> 0 | C52: 0 | D52: 0.85 | E52: ='Regler BFS 2026'!$B$7 -> 0.6 | F52: Flis/pellets/briketter
A53: Ved | B53: =SUMIFS($E$6:$E$25,$B$6:$B$25,"Ved",$C$6:$C$25,"Värme och tappvarmvatten") -> 0 | C53: 0 | D53: 0.75 | E53: ='Regler BFS 2026'!$B$7 -> 0.6 | F53: Ved
A54: Övrigt biobränsle | B54: =SUMIFS($E$6:$E$25,$B$6:$B$25,"Övrigt biobränsle",$C$6:$C$25,"Värme och tappvarmvatten") -> 0 | C54: 0 | D54: 0.85 | E54: ='Regler BFS 2026'!$B$7 -> 0.6 | F54: Övrigt biobränsle
A55: Summa | B55: =SUM(B47:B54) -> 0 | C55: =SUM(C47:C54) -> 1
A56: Kulvertförluster (kWh/år) | B56: 0
A57: Kulvertförluster hanteras | B57: Fördelas på byggnaderna
A59: Fördelning av el
A60: Ändamål | B60: Egen mätare kWh | C60: Enligt besiktning om egen mätare saknas, kWh | D60: Totalt kWh
A61: Fastighetselen har ingen egen mätare. Den hämtas från besiktningsprotokollets sammanställning (rad 68).
A62: Värmepump | B62: =SUMIFS($E$6:$E$25,$B$6:$B$25,"El",$C$6:$C$25,"Värmepump") -> 0 | C62: =IF(B62=0,Besiktningsprotokoll!G88,0) -> 0 | D62: =B62+C62 -> 0
A63: Elvärme | B63: =SUMIFS($E$6:$E$25,$B$6:$B$25,"El",$C$6:$C$25,"Elvärme") -> 0 | C63: =IF(B63=0,Besiktningsprotokoll!D130,0) -> 0 | D63: =B63+C63 -> 0
A64: El för komfortkyla | B64: =SUMIFS($E$6:$E$25,$B$6:$B$25,"El",$C$6:$C$25,"Komfortkyla") -> 0 | C64: =IF(B64=0,Besiktningsprotokoll!J88,0) -> 0 | D64: =B64+C64 -> 0
A65: Verksamhetsel (tvätt, motorvärmare, utebelysning m.m.) | B65: =SUMIFS($E$6:$E$25,$B$6:$B$25,"El",$C$6:$C$25,"Verksamhetsel") -> 0 | C65: =IF(B65=0,Besiktningsprotokoll!E8,0) -> 0 | D65: =B65+C65 -> 0
A66: Hushållsel | B66: =SUMIFS($E$6:$E$25,$B$6:$B$25,"El",$C$6:$C$25,"Hushållsel") -> 0 | C66: 0 | D66: =B66+C66 -> 0
A67: El utanför systemgräns (hiss, värmekablar m.m.) | B67: =SUMIFS($E$6:$E$25,$B$6:$B$25,"El",$C$6:$C$25,"El utanför systemgräns") -> 0 | C67: 0 | D67: =B67+C67 -> 0
A68: Fastighetsel inom systemgräns enligt besiktningsprotokollet (ventilation, pumpar, belysning) | D68: =Besiktningsprotokoll!D125 -> 12193.8
A69: Fjärrkyla (kWh/år) | D69: =SUMIFS($E$6:$E$25,$B$6:$B$25,"Fjärrkyla") -> 0
A70: El totalt alla mätare (kWh/år) | D70: =SUMIFS($E$6:$E$25,$B$6:$B$25,"El") -> 0

Sheet Solceller
A1: Solceller och egenanvänd solel
A2: Egenanvänd solel fördelas på förbrukarna efter årsförbrukning × samtidighetsfaktor. Bara delen till fastighetsel, värmepump, elvärme och komfortkyla minskar energiprestandatalet (BFS 2026:9 1 kap. 8 §).
A4: Gemensamt för fastigheten
A5: Specifik produktion (kWh/kWp,år) | C5: 900
A6: Uppmätt total produktion, om produktion per byggnad saknas (kWh/år)
A7: Såld el, gemensam exportmätare (kWh/år)
A8: Egenanvänd solel fördelas | C8: Gemensamt för fastigheten
A10: Produktion per byggnad
A11: Byggnad | C11: =Byggnader!C12 -> Byggnad 1 | D11: =Byggnader!D12 -> Byggnad 2 | E11: =Byggnader!E12 -> Byggnad 3 | F11: =Byggnader!F12 -> Byggnad 4 | G11: =Byggnader!G12 -> Byggnad 5 | H11: =Byggnader!H12 -> Byggnad 6 | I11: Summa
A12: Egen beteckning | C12: =IF(Byggnader!C13="","",Byggnader!C13) | D12: =IF(Byggnader!D13="","",Byggnader!D13) | E12: =IF(Byggnader!E13="","",Byggnader!E13) | F12: =IF(Byggnader!F13="","",Byggnader!F13) | G12: =IF(Byggnader!G13="","",Byggnader!G13) | H12: =IF(Byggnader!H13="","",Byggnader!H13)
A13: Installerad effekt (kWp) | I13: =SUM(C13:H13) -> 0
A14: Uppmätt produktion per byggnad (kWh/år) | I14: =SUM(C14:H14) -> 0
A15: Såld el per byggnad (kWh/år) | I15: =SUM(C15:H15) -> 0
A16: Produktion (kWh/år) | C16: =IF(C14<>"",C14,IF($C$6>0,$C$6*IF($I$13>0,C13/$I$13,Byggnader!C33),C13*$C$5)) -> 0 | D16: =IF(D14<>"",D14,IF($C$6>0,$C$6*IF($I$13>0,D13/$I$13,Byggnader!D33),D13*$C$5)) -> 0 | E16: =IF(E14<>"",E14,IF($C$6>0,$C$6*IF($I$13>0,E13/$I$13,Byggnader!E33),E13*$C$5)) -> 0 | F16: =IF(F14<>"",F14,IF($C$6>0,$C$6*IF($I$13>0,F13/$I$13,Byggnader!F33),F13*$C$5)) -> 0 | G16: =IF(G14<>"",G14,IF($C$6>0,$C$6*IF($I$13>0,G13/$I$13,Byggnader!G33),G13*$C$5)) -> 0 | H16: =IF(H14<>"",H14,IF($C$6>0,$C$6*IF($I$13>0,H13/$I$13,Byggnader!H33),H13*$C$5)) -> 0 | I16: =SUM(C16:H16) -> 0
A17: Såld el (kWh/år) | C17: =N(C15)+$C$7*IFERROR(C16/$I$16,0) -> 0 | D17: =N(D15)+$C$7*IFERROR(D16/$I$16,0) -> 0 | E17: =N(E15)+$C$7*IFERROR(E16/$I$16,0) -> 0 | F17: =N(F15)+$C$7*IFERROR(F16/$I$16,0) -> 0 | G17: =N(G15)+$C$7*IFERROR(G16/$I$16,0) -> 0 | H17: =N(H15)+$C$7*IFERROR(H16/$I$16,0) -> 0 | I17: =SUM(C17:H17) -> 0
A18: Egenanvänd solel, egen produktion (kWh/år) | C18: =MAX(0,C16-C17) -> 0 | D18: =MAX(0,D16-D17) -> 0 | E18: =MAX(0,E16-E17) -> 0 | F18: =MAX(0,F16-F17) -> 0 | G18: =MAX(0,G16-G17) -> 0 | H18: =MAX(0,H16-H17) -> 0 | I18: =SUM(C18:H18) -> 0
A20: Elanvändning som kan täckas av solel (kWh/år)
A21: Byggnad | B21: Samtidighets-faktor | C21: =Byggnader!C12 -> Byggnad 1 | D21: =Byggnader!D12 -> Byggnad 2 | E21: =Byggnader!E12 -> Byggnad 3 | F21: =Byggnader!F12 -> Byggnad 4 | G21: =Byggnader!G12 -> Byggnad 5 | H21: =Byggnader!H12 -> Byggnad 6 | I21: Summa
A22: Hushållsel | B22: 1 | C22: =Normalisering!C143 -> 0 | D22: =Normalisering!D143 -> 0 | E22: =Normalisering!E143 -> 0 | F22: =Normalisering!F143 -> 0 | G22: =Normalisering!G143 -> 0 | H22: =Normalisering!H143 -> 0 | I22: =SUM(C22:H22) -> 0
A23: Verksamhetsel | B23: 1 | C23: =Normalisering!C144 -> 0 | D23: =Normalisering!D144 -> 0 | E23: =Normalisering!E144 -> 0 | F23: =Normalisering!F144 -> 0 | G23: =Normalisering!G144 -> 0 | H23: =Normalisering!H144 -> 0 | I23: =SUM(C23:H23) -> 0
A24: El utanför systemgräns (hiss m.m.) | B24: 1 | C24: =Normalisering!C145 -> 0 | D24: =Normalisering!D145 -> 0 | E24: =Normalisering!E145 -> 0 | F24: =Normalisering!F145 -> 0 | G24: =Normalisering!G145 -> 0 | H24: =Normalisering!H145 -> 0 | I24: =SUM(C24:H24) -> 0
A25: Fastighetsel inom systemgräns | B25: 1 | C25: =Normalisering!C137 -> 0 | D25: =Normalisering!D137 -> 0 | E25: =Normalisering!E137 -> 0 | F25: =Normalisering!F137 -> 0 | G25: =Normalisering!G137 -> 0 | H25: =Normalisering!H137 -> 0 | I25: =SUM(C25:H25) -> 0
A26: Värmepump | B26: 1 | C26: =Normalisering!C58 -> 0 | D26: =Normalisering!D58 -> 0 | E26: =Normalisering!E58 -> 0 | F26: =Normalisering!F58 -> 0 | G26: =Normalisering!G58 -> 0 | H26: =Normalisering!H58 -> 0 | I26: =SUM(C26:H26) -> 0
A27: Elvärme och el för komfortkyla | B27: 1 | C27: =Normalisering!C59+Normalisering!C140 -> 0 | D27: =Normalisering!D59+Normalisering!D140 -> 0 | E27: =Normalisering!E59+Normalisering!E140 -> 0 | F27: =Normalisering!F59+Normalisering!F140 -> 0 | G27: =Normalisering!G59+Normalisering!G140 -> 0 | H27: =Normalisering!H59+Normalisering!H140 -> 0 | I27: =SUM(C27:H27) -> 0
A28: Summa förbrukning | C28: =SUM(C22:C27) -> 0 | D28: =SUM(D22:D27) -> 0 | E28: =SUM(E22:E27) -> 0 | F28: =SUM(F22:F27) -> 0 | G28: =SUM(G22:G27) -> 0 | H28: =SUM(H22:H27) -> 0 | I28: =SUM(I22:I27) -> 0
A29: Summa förbrukning × samtidighetsfaktor | C29: =SUMPRODUCT($B$22:$B$27,C22:C27) -> 0 | D29: =SUMPRODUCT($B$22:$B$27,D22:D27) -> 0 | E29: =SUMPRODUCT($B$22:$B$27,E22:E27) -> 0 | F29: =SUMPRODUCT($B$22:$B$27,F22:F27) -> 0 | G29: =SUMPRODUCT($B$22:$B$27,G22:G27) -> 0 | H29: =SUMPRODUCT($B$22:$B$27,H22:H27) -> 0 | I29: =SUMPRODUCT($B$22:$B$27,I22:I27) -> 0
A30: Egenanvänd solel att fördela (kWh/år) | C30: =MIN(C28,IF($C$8="Gemensamt för fastigheten",$I$18*IFERROR(C29/$I$29,0),C18)) -> 0 | D30: =MIN(D28,IF($C$8="Gemensamt för fastigheten",$I$18*IFERROR(D29/$I$29,0),D18)) -> 0 | E30: =MIN(E28,IF($C$8="Gemensamt för fastigheten",$I$18*IFERROR(E29/$I$29,0),E18)) -> 0 | F30: =MIN(F28,IF($C$8="Gemensamt för fastigheten",$I$18*IFERROR(F29/$I$29,0),F18)) -> 0 | G30: =MIN(G28,IF($C$8="Gemensamt för fastigheten",$I$18*IFERROR(G29/$I$29,0),G18)) -> 0 | H30: =MIN(H28,IF($C$8="Gemensamt för fastigheten",$I$18*IFERROR(H29/$I$29,0),H18)) -> 0 | I30: =SUM(C30:H30) -> 0
A32: Fördelning av egenanvänd solel (kWh/år)
A33: Byggnad | C33: =Byggnader!C12 -> Byggnad 1 | D33: =Byggnader!D12 -> Byggnad 2 | E33: =Byggnader!E12 -> Byggnad 3 | F33: =Byggnader!F12 -> Byggnad 4 | G33: =Byggnader!G12 -> Byggnad 5 | H33: =Byggnader!H12 -> Byggnad 6 | I33: Summa
A34: Hushållsel | C34: =IFERROR(MIN(C22,C$30*$B22*C22/C$29),0) -> 0 | D34: =IFERROR(MIN(D22,D$30*$B22*D22/D$29),0) -> 0 | E34: =IFERROR(MIN(E22,E$30*$B22*E22/E$29),0) -> 0 | F34: =IFERROR(MIN(F22,F$30*$B22*F22/F$29),0) -> 0 | G34: =IFERROR(MIN(G22,G$30*$B22*G22/G$29),0) -> 0 | H34: =IFERROR(MIN(H22,H$30*$B22*H22/H$29),0) -> 0 | I34: =SUM(C34:H34) -> 0
A35: Verksamhetsel | C35: =IFERROR(MIN(C23,C$30*$B23*C23/C$29),0) -> 0 | D35: =IFERROR(MIN(D23,D$30*$B23*D23/D$29),0) -> 0 | E35: =IFERROR(MIN(E23,E$30*$B23*E23/E$29),0) -> 0 | F35: =IFERROR(MIN(F23,F$30*$B23*F23/F$29),0) -> 0 | G35: =IFERROR(MIN(G23,G$30*$B23*G23/G$29),0) -> 0 | H35: =IFERROR(MIN(H23,H$30*$B23*H23/H$29),0) -> 0 | I35: =SUM(C35:H35) -> 0
A36: El utanför systemgräns (hiss m.m.) | C36: =IFERROR(MIN(C24,C$30*$B24*C24/C$29),0) -> 0 | D36: =IFERROR(MIN(D24,D$30*$B24*D24/D$29),0) -> 0 | E36: =IFERROR(MIN(E24,E$30*$B24*E24/E$29),0) -> 0 | F36: =IFERROR(MIN(F24,F$30*$B24*F24/F$29),0) -> 0 | G36: =IFERROR(MIN(G24,G$30*$B24*G24/G$29),0) -> 0 | H36: =IFERROR(MIN(H24,H$30*$B24*H24/H$29),0) -> 0 | I36: =SUM(C36:H36) -> 0
A37: Fastighetsel inom systemgräns | C37: =IFERROR(MIN(C25,C$30*$B25*C25/C$29),0) -> 0 | D37: =IFERROR(MIN(D25,D$30*$B25*D25/D$29),0) -> 0 | E37: =IFERROR(MIN(E25,E$30*$B25*E25/E$29),0) -> 0 | F37: =IFERROR(MIN(F25,F$30*$B25*F25/F$29),0) -> 0 | G37: =IFERROR(MIN(G25,G$30*$B25*G25/G$29),0) -> 0 | H37: =IFERROR(MIN(H25,H$30*$B25*H25/H$29),0) -> 0 | I37: =SUM(C37:H37) -> 0
A38: Värmepump | C38: =IFERROR(MIN(C26,C$30*$B26*C26/C$29),0) -> 0 | D38: =IFERROR(MIN(D26,D$30*$B26*D26/D$29),0) -> 0 | E38: =IFERROR(MIN(E26,E$30*$B26*E26/E$29),0) -> 0 | F38: =IFERROR(MIN(F26,F$30*$B26*F26/F$29),0) -> 0 | G38: =IFERROR(MIN(G26,G$30*$B26*G26/G$29),0) -> 0 | H38: =IFERROR(MIN(H26,H$30*$B26*H26/H$29),0) -> 0 | I38: =SUM(C38:H38) -> 0
A39: Elvärme och el för komfortkyla | C39: =IFERROR(MIN(C27,C$30*$B27*C27/C$29),0) -> 0 | D39: =IFERROR(MIN(D27,D$30*$B27*D27/D$29),0) -> 0 | E39: =IFERROR(MIN(E27,E$30*$B27*E27/E$29),0) -> 0 | F39: =IFERROR(MIN(F27,F$30*$B27*F27/F$29),0) -> 0 | G39: =IFERROR(MIN(G27,G$30*$B27*G27/G$29),0) -> 0 | H39: =IFERROR(MIN(H27,H$30*$B27*H27/H$29),0) -> 0 | I39: =SUM(C39:H39) -> 0
A40: Summa fördelad | C40: =SUM(C34:C39) -> 0 | D40: =SUM(D34:D39) -> 0 | E40: =SUM(E34:E39) -> 0 | F40: =SUM(F34:F39) -> 0 | G40: =SUM(G34:G39) -> 0 | H40: =SUM(H34:H39) -> 0 | I40: =SUM(I34:I39) -> 0
A42: Solel som minskar energiprestandatalet (kWh/år)
A43: Byggnad | C43: =Byggnader!C12 -> Byggnad 1 | D43: =Byggnader!D12 -> Byggnad 2 | E43: =Byggnader!E12 -> Byggnad 3 | F43: =Byggnader!F12 -> Byggnad 4 | G43: =Byggnader!G12 -> Byggnad 5 | H43: =Byggnader!H12 -> Byggnad 6 | I43: Summa
A44: Till fastighetsenergi | C44: =C37 -> 0 | D44: =D37 -> 0 | E44: =E37 -> 0 | F44: =F37 -> 0 | G44: =G37 -> 0 | H44: =H37 -> 0 | I44: =I37 -> 0
A45: Till värmepump, elvärme och komfortkyla | C45: =C38+C39 -> 0 | D45: =D38+D39 -> 0 | E45: =E38+E39 -> 0 | F45: =F38+F39 -> 0 | G45: =G38+G39 -> 0 | H45: =H38+H39 -> 0 | I45: =I38+I39 -> 0
A46: Minskning av energiprestandatalet (kWh/m²,år) | C46: =IFERROR((C44+C45)*'Regler BFS 2026'!$B$4/Byggnader!C32,0) -> 0 | D46: =IFERROR((D44+D45)*'Regler BFS 2026'!$B$4/Byggnader!D32,0) -> 0 | E46: =IFERROR((E44+E45)*'Regler BFS 2026'!$B$4/Byggnader!E32,0) -> 0 | F46: =IFERROR((F44+F45)*'Regler BFS 2026'!$B$4/Byggnader!F32,0) -> 0 | G46: =IFERROR((G44+G45)*'Regler BFS 2026'!$B$4/Byggnader!G32,0) -> 0 | H46: =IFERROR((H44+H45)*'Regler BFS 2026'!$B$4/Byggnader!H32,0) -> 0 | I46: =IFERROR((I44+I45)*'Regler BFS 2026'!$B$4/Byggnader!I32,0) -> 0

Sheet Besiktningsprotokoll
A1: Besiktningsprotokoll energideklaration
A2: Indata
A3: Kund | C3: Utförare | D3: Peter Persson
A4: Byggnad | C4: Företag | D4: HSB Värmland
A5: Adress | C5: Telefon | D5: 0708-192035
A6: Uppmätt yta A-temp m2 | B6: =Byggnader!I32 -> 0 | C6: Mail | D6: peter.persson@hsb.se
A7: Energi enligt besiktning | B7: Elvärme | C7: Fastighetsel (Belysning, elmotorer mm. | E7: Beräknat värde av övrig el (Tvättstugor, motorvärmare utebelysning)
B8: =D130 -> 0 | C8: =D125 -> 12193.8 | E8: =D146+D107 -> 0
B9: El värmepump | C9: El komfortkyla | E9: Övrigt
B10: =G88 -> 0 | C10: =J88 -> 0
A11: 1 Klimatskärm
B12: Klimatskärm
B13: U-värde | E13: Kommentar
A14: Ytterväggar 1
A15: Ytterväggar källare
A16: Takbjälklag
A17: Fönster
A18: Övrigt
A19: 2 Klimat
B20: Klimat
B21: Mätningar | E21: Kommentar
A22: Rumstemperatur
A23: Rumstemperatur | B23: 21-22 | E23: Bedömt
A24: Rumstemperatur
A25: 3 Värmeproduktion/Inspektionsprotokoll | G25: Beräkning effekt via fjärrvärme
A26: Värmeproduktion beskrivning | G26: Utetemp | H26: -20
A27: Nominell effekt kW | B27: =Mätdata!E6/2000 -> 0 | G27: Faktor 1 | H27: -1.7
A28: Effekt W/m2 | B28: =B27*1000/(Byggnader!C17+Byggnader!D17) -> #DIV/0! | G28: Faktor 2 | H28: 29.39
A29: Bedömningsgrund | G29: VV% | H29: 0
A30: Kommentar | G30: Effekt tot | H30: =(H27*H26+H28)-(H27*H26+H28)*H29 -> 63.39
A31: 4 Värmedistribution/Inspektionsprotokoll
E32: Kommentar
A33: Tryckuppsättning pump Mvp
A34: Stamventiler
A35: Radiatorventiler
A36: Termostater
A37: Rörsystem/Radiatorer
A38: Isolering
A39: Injustering bedömning
A40: Dimensionering
A41: Kommentarer
A42: 5 Styr och övervakningssystem/Inspektionsprotokoll
A43: System | B43: Typ | C43: Funktion | D43: År | E43: Kommentar/inställning
A44: Värme
A45: Varmvatten
A46: Ventilation
A47: Övrigt
A48: Kommentarer
A49: 6 Ventilationssystem
A50: System | E50: Kommentar/inställning | G50: Beräkning eftervärme vent | H50: System | I50: System
A51: Betjänar
A52: Typ (S,F,FTX FX) | G52: Drifttid %
A53: Märkeffekt | B53: =0.015*36 -> 0.54 | C53: 1 | D53: 1 | G53: Gradtimmar
A54: OVK besiktigad G eller ej EG | B54: G | C54: G | D54: G | G54: Flöde M3/s
A55: Drifttider h/år | B55: 2920 | C55: 8760 | G55: Återvinning %
A56: % Drifttid/år | B56: =B55/8760 -> 0.33333333 | C56: =C55/8760 -> 1
A57: Luftflöde m3/s | B57: =0.3*(Byggnader!C21+Byggnader!D21)*0.001 -> 0 | C57: 0.5 | D57: 0.5 | G57: Årsenergi kWh/år | H57: =H53*H54*H52*(1-H55) -> 0 | I57: =I53*I54*I52*(1-I55) -> 0
A58: SFP-tal | B58: =B53/B57 -> #DIV/0! | C58: =C53/C57 -> 2
A59: System
A60: Betjänar
A61: Typ (S,F,FTX FX)
A62: Märkeffekt | B62: 1 | C62: 1 | D62: 1
A63: OVK besiktigad G eller ej EG | B63: G | C63: G | D63: G
A64: Drifttider h/år
A65: % Drifttid/år
A66: Luftflöde m3/s | B66: 0.5 | C66: 0.5 | D66: 0.5
A67: SFP-tal
A68: System
A69: Betjänar
A70: Typ (S,F,FTX FX)
A71: Märkeffekt | B71: 1 | C71: 1 | D71: 1
A72: OVK besiktigad G eller ej EG | B72: G | C72: G | D72: G
A73: Drifttider h/år
A74: % Drifttid/år
A75: Luftflöde m3/s | B75: 0.5 | C75: 0.5 | D75: 0.5
A76: SFP-tal
A77: A-temp vent m2 | B77: =Byggnader!I32 -> 0
A78: Genomsnittsflöde l/s m2 | B78: =(B56*B57+C56*C57+D56*D57+B65*B66+C65*C66+D65*D66+B74*B75+C74*C75+D74*D75)*1000/B77 -> #DIV/0!
A80: Kommentarer/noteringar
A81: 7 Värmepump/Kyla
A83: Värmepump | B83: Vp 1 | C83: Vp 2 | D83: Vp 3 | E83: Kommentar
A84: Fabrikat
A85: Märkeffekt | F85: Beräkning årsenergi VP | H85: Beräkning årsenergi kyla
A86: Värmeeffekt | F86: Ineffekt kW | G86: =B85+C85+D85 -> 0 | H86: Ineffekt kW | J86: =B89+C89+D89 -> 0
A87: Total nominell VP effekt | B87: =B86+C86+D86 -> 0 | F87: Drifttid | G87: 5000 | H87: Drifttid | J87: 760
A88: Kylmaskin | B88: KM1 | C88: KM2 | D88: KM3 | F88: Årsenergi VP | G88: =G87*G86 -> 0 | H88: Årsenergi kyla | J88: =J87*J86 -> 0
A89: Märkeffekt
A90: Kyleffekt
A91: Total nominell kyleffekt | B91: =B90+C90+D90 -> 0
A92: 8 Tappvarmvattensystem
A93: Beskrivning
B94: Temp grad C | C94: Kommentar
A95: Temperatur UC | B95: 55
A96: Temperatur VVC | B96: 50
A97: Temperatur tappställe
A98: Kommentarer/noteringar
A100: 9 Elinstallationer
A101: Verksamhetsel (ej i energideklaration)
B102: Effekt kW | C102: Drifttid/år | D102: Årlig elanvändning | E102: Kommentar
A103: Motorvärmare
...

Sheet Bilder
K202: 2022
G428: 7W
B581: Vindsisolering 2016

Sheet Normalisering
A1: Fördelning och normalisering per byggnad
A2: Uppvärmningen normaliseras till kategoritypisk användning men inte till normalår. Klimatkorrigeringen görs i Gripen.
A4: Schabloner
A5: Korrigering per grad avvikande innetemperatur (andel) | B5: 0.05
A6: Andel av el som blir tillgodogjord värme | B6: 0.7
A7: Personvärme per person (W) | B7: 80
A8: Närvarotid (h/dygn) | B8: 14
A9: Timmar uppvärmningssäsong (h) | B9: 6000
A10: Gradtimmar för ventilationsberäkning (°Ch) | B10: 100000
A12: Faktisk användning och val per byggnad
A13: Byggnad | C13: =Byggnader!C12 -> Byggnad 1 | D13: =Byggnader!D12 -> Byggnad 2 | E13: =Byggnader!E12 -> Byggnad 3 | F13: =Byggnader!F12 -> Byggnad 4 | G13: =Byggnader!G12 -> Byggnad 5 | H13: =Byggnader!H12 -> Byggnad 6 | I13: Summa
A14: Faktisk innetemperatur (°C) | C14: 21 | D14: 21 | E14: 21 | F14: 21 | G14: 21 | H14: 21
A15: Faktiskt uteluftsflöde (l/s,m²) | C15: 0.35 | D15: 0.35 | E15: 0.35 | F15: 0.35 | G15: 0.35 | H15: 0.35
A16: Värmeåtervinning ventilation (årsverkningsgrad) | C16: 0 | D16: 0 | E16: 0 | F16: 0 | G16: 0 | H16: 0
A17: Personer per lägenhet | C17: 1.63 | D17: 1.63 | E17: 1.63 | F17: 1.63 | G17: 1.63 | H17: 1.63
A18: Verksamhetsel inomhus som avger värme (kWh/år) | C18: 0 | D18: 0 | E18: 0 | F18: 0 | G18: 0 | H18: 0
A19: Normalisering innetemperatur (Ja/Nej) | C19: Ja | D19: Ja | E19: Ja | F19: Ja | G19: Ja | H19: Ja
A20: Normalisering uteluftsflöde (Ja/Nej) | C20: Ja | D20: Ja | E20: Ja | F20: Ja | G20: Ja | H20: Ja
A21: Normalisering internlast (Ja/Nej) | C21: Ja | D21: Ja | E21: Ja | F21: Ja | G21: Ja | H21: Ja
A22: Normalisering tappvarmvatten (Ja/Nej) | C22: Ja | D22: Ja | E22: Ja | F22: Ja | G22: Ja | H22: Ja
A24: Areor och kategoritypiska värden
A25: Byggnad | C25: =Byggnader!C12 -> Byggnad 1 | D25: =Byggnader!D12 -> Byggnad 2 | E25: =Byggnader!E12 -> Byggnad 3 | F25: =Byggnader!F12 -> Byggnad 4 | G25: =Byggnader!G12 -> Byggnad 5 | H25: =Byggnader!H12 -> Byggnad 6 | I25: Summa
A26: A-temp (m²) | C26: =Byggnader!C32 -> 0 | D26: =Byggnader!D32 -> 0 | E26: =Byggnader!E32 -> 0 | F26: =Byggnader!F32 -> 0 | G26: =Byggnader!G32 -> 0 | H26: =Byggnader!H32 -> 0 | I26: =SUM(C26:H26) -> 0
A27: Flerbostadshus | C27: =IF(Byggnader!C16="Flerbostadshus",(Byggnader!C21+Byggnader!C31),0) -> 0 | D27: =IF(Byggnader!D16="Flerbostadshus",(Byggnader!D21+Byggnader!D31),0) -> 0 | E27: =IF(Byggnader!E16="Flerbostadshus",(Byggnader!E21+Byggnader!E31),0) -> 0 | F27: =IF(Byggnader!F16="Flerbostadshus",(Byggnader!F21+Byggnader!F31),0) -> 0 | G27: =IF(Byggnader!G16="Flerbostadshus",(Byggnader!G21+Byggnader!G31),0) -> 0 | H27: =IF(Byggnader!H16="Flerbostadshus",(Byggnader!H21+Byggnader!H31),0) -> 0 | I27: =SUM(C27:H27) -> 0
A28: En- och tvåbostadshus < 90 m² | C28: =IF(AND(Byggnader!C16="En- och tvåbostadshus",C26<90),(Byggnader!C21+Byggnader!C31),0) -> 0 | D28: =IF(AND(Byggnader!D16="En- och tvåbostadshus",D26<90),(Byggnader!D21+Byggnader!D31),0) -> 0 | E28: =IF(AND(Byggnader!E16="En- och tvåbostadshus",E26<90),(Byggnader!E21+Byggnader!E31),0) -> 0 | F28: =IF(AND(Byggnader!F16="En- och tvåbostadshus",F26<90),(Byggnader!F21+Byggnader!F31),0) -> 0 | G28: =IF(AND(Byggnader!G16="En- och tvåbostadshus",G26<90),(Byggnader!G21+Byggnader!G31),0) -> 0 | H28: =IF(AND(Byggnader!H16="En- och tvåbostadshus",H26<90),(Byggnader!H21+Byggnader!H31),0) -> 0 | I28: =SUM(C28:H28) -> 0
A29: En- och tvåbostadshus 90–130 m² | C29: =IF(AND(Byggnader!C16="En- och tvåbostadshus",C26>=90,C26<130),(Byggnader!C21+Byggnader!C31),0) -> 0 | D29: =IF(AND(Byggnader!D16="En- och tvåbostadshus",D26>=90,D26<130),(Byggnader!D21+Byggnader!D31),0) -> 0 | E29: =IF(AND(Byggnader!E16="En- och tvåbostadshus",E26>=90,E26<130),(Byggnader!E21+Byggnader!E31),0) -> 0 | F29: =IF(AND(Byggnader!F16="En- och tvåbostadshus",F26>=90,F26<130),(Byggnader!F21+Byggnader!F31),0) -> 0 | G29: =IF(AND(Byggnader!G16="En- och tvåbostadshus",G26>=90,G26<130),(Byggnader!G21+Byggnader!G31),0) -> 0 | H29: =IF(AND(Byggnader!H16="En- och tvåbostadshus",H26>=90,H26<130),(Byggnader!H21+Byggnader!H31),0) -> 0 | I29: =SUM(C29:H29) -> 0
A30: En- och tvåbostadshus ≥ 130 m² | C30: =IF(AND(Byggnader!C16="En- och tvåbostadshus",C26>=130),(Byggnader!C21+Byggnader!C31),0) -> 0 | D30: =IF(AND(Byggnader!D16="En- och tvåbostadshus",D26>=130),(Byggnader!D21+Byggnader!D31),0) -> 0 | E30: =IF(AND(Byggnader!E16="En- och tvåbostadshus",E26>=130),(Byggnader!E21+Byggnader!E31),0) -> 0 | F30: =IF(AND(Byggnader!F16="En- och tvåbostadshus",F26>=130),(Byggnader!F21+Byggnader!F31),0) -> 0 | G30: =IF(AND(Byggnader!G16="En- och tvåbostadshus",G26>=130),(Byggnader!G21+Byggnader!G31),0) -> 0 | H30: =IF(AND(Byggnader!H16="En- och tvåbostadshus",H26>=130),(Byggnader!H21+Byggnader!H31),0) -> 0 | I30: =SUM(C30:H30) -> 0
A31: Kontor | C31: =Byggnader!C24 -> 0 | D31: =Byggnader!D24 -> 0 | E31: =Byggnader!E24 -> 0 | F31: =Byggnader!F24 -> 0 | G31: =Byggnader!G24 -> 0 | H31: =Byggnader!H24 -> 0 | I31: =SUM(C31:H31) -> 0
A32: Utbildning | C32: =Byggnader!C25 -> 0 | D32: =Byggnader!D25 -> 0 | E32: =Byggnader!E25 -> 0 | F32: =Byggnader!F25 -> 0 | G32: =Byggnader!G25 -> 0 | H32: =Byggnader!H25 -> 0 | I32: =SUM(C32:H32) -> 0
A33: Sjukhus | C33: =Byggnader!C26 -> 0 | D33: =Byggnader!D26 -> 0 | E33: =Byggnader!E26 -> 0 | F33: =Byggnader!F26 -> 0 | G33: =Byggnader!G26 -> 0 | H33: =Byggnader!H26 -> 0 | I33: =SUM(C33:H33) -> 0
A34: Logi och restaurang | C34: =Byggnader!C27 -> 0 | D34: =Byggnader!D27 -> 0 | E34: =Byggnader!E27 -> 0 | F34: =Byggnader!F27 -> 0 | G34: =Byggnader!G27 -> 0 | H34: =Byggnader!H27 -> 0 | I34: =SUM(C34:H34) -> 0
A35: Idrott | C35: =Byggnader!C28 -> 0 | D35: =Byggnader!D28 -> 0 | E35: =Byggnader!E28 -> 0 | F35: =Byggnader!F28 -> 0 | G35: =Byggnader!G28 -> 0 | H35: =Byggnader!H28 -> 0 | I35: =SUM(C35:H35) -> 0
A36: Handel och kultur | C36: =Byggnader!C29 -> 0 | D36: =Byggnader!D29 -> 0 | E36: =Byggnader!E29 -> 0 | F36: =Byggnader!F29 -> 0 | G36: =Byggnader!G29 -> 0 | H36: =Byggnader!H29 -> 0 | I36: =SUM(C36:H36) -> 0
A37: Annan typ av energianvändande byggnad | C37: =Byggnader!C30 -> 0 | D37: =Byggnader!D30 -> 0 | E37: =Byggnader!E30 -> 0 | F37: =Byggnader!F30 -> 0 | G37: =Byggnader!G30 -> 0 | H37: =Byggnader!H30 -> 0 | I37: =SUM(C37:H37) -> 0
A38: Kontrollsumma (m²) | C38: =SUM(C27:C37) -> 0 | D38: =SUM(D27:D37) -> 0 | E38: =SUM(E27:E37) -> 0 | F38: =SUM(F27:F37) -> 0 | G38: =SUM(G27:G37) -> 0 | H38: =SUM(H27:H37) -> 0 | I38: =SUM(I27:I37) -> 0
A39: Kategoritypisk innetemperatur (°C) | C39: =IFERROR(SUMPRODUCT(C$27:C$37,'Regler BFS 2026'!$B$12:$B$22)/C$38,0) -> 0 | D39: =IFERROR(SUMPRODUCT(D$27:D$37,'Regler BFS 2026'!$B$12:$B$22)/D$38,0) -> 0 | E39: =IFERROR(SUMPRODUCT(E$27:E$37,'Regler BFS 2026'!$B$12:$B$22)/E$38,0) -> 0 | F39: =IFERROR(SUMPRODUCT(F$27:F$37,'Regler BFS 2026'!$B$12:$B$22)/F$38,0) -> 0 | G39: =IFERROR(SUMPRODUCT(G$27:G$37,'Regler BFS 2026'!$B$12:$B$22)/G$38,0) -> 0 | H39: =IFERROR(SUMPRODUCT(H$27:H$37,'Regler BFS 2026'!$B$12:$B$22)/H$38,0) -> 0 | I39: =IFERROR(SUMPRODUCT(I$27:I$37,'Regler BFS 2026'!$B$12:$B$22)/I$38,0) -> 0
A40: Kategoritypiskt uteluftsflöde (l/s,m²) | C40: =IFERROR(SUMPRODUCT(C$27:C$37,'Regler BFS 2026'!$C$12:$C$22)/C$38,0) -> 0 | D40: =IFERROR(SUMPRODUCT(D$27:D$37,'Regler BFS 2026'!$C$12:$C$22)/D$38,0) -> 0 | E40: =IFERROR(SUMPRODUCT(E$27:E$37,'Regler BFS 2026'!$C$12:$C$22)/E$38,0) -> 0 | F40: =IFERROR(SUMPRODUCT(F$27:F$37,'Regler BFS 2026'!$C$12:$C$22)/F$38,0) -> 0 | G40: =IFERROR(SUMPRODUCT(G$27:G$37,'Regler BFS 2026'!$C$12:$C$22)/G$38,0) -> 0 | H40: =IFERROR(SUMPRODUCT(H$27:H$37,'Regler BFS 2026'!$C$12:$C$22)/H$38,0) -> 0 | I40: =IFERROR(SUMPRODUCT(I$27:I$37,'Regler BFS 2026'!$C$12:$C$22)/I$38,0) -> 0
A41: Kategoritypisk internlast (W/m²) | C41: =IFERROR(SUMPRODUCT(C$27:C$37,'Regler BFS 2026'!$D$12:$D$22)/C$38,0) -> 0 | D41: =IFERROR(SUMPRODUCT(D$27:D$37,'Regler BFS 2026'!$D$12:$D$22)/D$38,0) -> 0 | E41: =IFERROR(SUMPRODUCT(E$27:E$37,'Regler BFS 2026'!$D$12:$D$22)/E$38,0) -> 0 | F41: =IFERROR(SUMPRODUCT(F$27:F$37,'Regler BFS 2026'!$D$12:$D$22)/F$38,0) -> 0 | G41: =IFERROR(SUMPRODUCT(G$27:G$37,'Regler BFS 2026'!$D$12:$D$22)/G$38,0) -> 0 | H41: =IFERROR(SUMPRODUCT(H$27:H$37,'Regler BFS 2026'!$D$12:$D$22)/H$38,0) -> 0 | I41: =IFERROR(SUMPRODUCT(I$27:I$37,'Regler BFS 2026'!$D$12:$D$22)/I$38,0) -> 0
A42: Kategoritypiskt energibehov tappvarmvatten (kWh/m²,år) | C42: =IFERROR(SUMPRODUCT(C$27:C$37,'Regler BFS 2026'!$E$12:$E$22)/C$38,0) -> 0 | D42: =IFERROR(SUMPRODUCT(D$27:D$37,'Regler BFS 2026'!$E$12:$E$22)/D$38,0) -> 0 | E42: =IFERROR(SUMPRODUCT(E$27:E$37,'Regler BFS 2026'!$E$12:$E$22)/E$38,0) -> 0 | F42: =IFERROR(SUMPRODUCT(F$27:F$37,'Regler BFS 2026'!$E$12:$E$22)/F$38,0) -> 0 | G42: =IFERROR(SUMPRODUCT(G$27:G$37,'Regler BFS 2026'!$E$12:$E$22)/G$38,0) -> 0 | H42: =IFERROR(SUMPRODUCT(H$27:H$37,'Regler BFS 2026'!$E$12:$E$22)/H$38,0) -> 0 | I42: =IFERROR(SUMPRODUCT(I$27:I$37,'Regler BFS 2026'!$E$12:$E$22)/I$38,0) -> 0
A44: Faktisk internlast och tappvarmvatten
A45: Byggnad | C45: =Byggnader!C12 -> Byggnad 1 | D45: =Byggnader!D12 -> Byggnad 2 | E45: =Byggnader!E12 -> Byggnad 3 | F45: =Byggnader!F12 -> Byggnad 4 | G45: =Byggnader!G12 -> Byggnad 5 | H45: =Byggnader!H12 -> Byggnad 6 | I45: Summa
A46: Hushållsel (kWh/år) | C46: =(SUMIFS(Mätdata!$E$6:$E$25,Mätdata!$B$6:$B$25,"El",Mätdata!$C$6:$C$25,"Hushållsel",Mätdata!$D$6:$D$25,Byggnader!C$12)+SUMIFS(Mätdata!$E$6:$E$25,Mätdata!$B$6:$B$25,"El",Mätdata!$C$6:$C$25,"Hushållsel",Mätdata!$D$6:$D$25,"Alla")*Byggnader!C$44)+Mätdata!$C$66*Byggnader!C$44 -> 0 | D46: =(SUMIFS(Mätdata!$E$6:$E$25,Mätdata!$B$6:$B$25,"El",Mätdata!$C$6:$C$25,"Hushållsel",Mätdata!$D$6:$D$25,Byggnader!D$12)+SUMIFS(Mätdata!$E$6:$E$25,Mätdata!$B$6:$B$25,"El",Mätdata!$C$6:$C$25,"Hushållsel",Mätdata!$D$6:$D$25,"Alla")*Byggnader!D$44)+Mätdata!$C$66*Byggnader!D$44 -> 0 | E46: =(SUMIFS(Mätdata!$E$6:$E$25,Mätdata!$B$6:$B$25,"El",Mätdata!$C$6:$C$25,"Hushållsel",Mätdata!$D$6:$D$25,Byggnader!E$12)+SUMIFS(Mätdata!$E$6:$E$25,Mätdata!$B$6:$B$25,"El",Mätdata!$C$6:$C$25,"Hushållsel",Mätdata!$D$6:$D$25,"Alla")*Byggnader!E$44)+Mätdata!$C$66*Byggnader!E$44 -> 0 | F46: =(SUMIFS(Mätdata!$E$6:$E$25,Mätdata!$B$6:$B$25,"El",Mätdata!$C$6:$C$25,"Hushållsel",Mätdata!$D$6:$D$25,Byggnader!F$12)+SUMIFS(Mätdata!$E$6:$E$25,Mätdata!$B$6:$B$25,"El",Mätdata!$C$6:$C$25,"Hushållsel",Mätdata!$D$6:$D$25,"Alla")*Byggnader!F$44)+Mätdata!$C$66*Byggnader!F$44 -> 0 | G46: =(SUMIFS(Mätdata!$E$6:$E$25,Mätdata!$B$6:$B$25,"El",Mätdata!$C$6:$C$25,"Hushållsel",Mätdata!$D$6:$D$25,Byggnader!G$12)+SUMIFS(Mätdata!$E$6:$E$25,Mätdata!$B$6:$B$25,"El",Mätdata!$C$6:$C$25,"Hushållsel",Mätdata!$D$6:$D$25,"Alla")*Byggnader!G$44)+Mätdata!$C$66*Byggnader!G$44 -> 0 | H46: =(SUMIFS(Mätdata!$E$6:$E$25,Mätdata!$B$6:$B$25,"El",Mätdata!$C$6:$C$25,"Hushållsel",Mätdata!$D$6:$D$25,Byggnader!H$12)+SUMIFS(Mätdata!$E$6:$E$25,Mätdata!$B$6:$B$25,"El",Mätdata!$C$6:$C$25,"Hushållsel",Mätdata!$D$6:$D$25,"Alla")*Byggnader!H$44)+Mätdata!$C$66*Byggnader!H$44 -> 0 | I46: =SUM(C46:H46) -> 0
A47: Personvärme (W/m²) | C47: =IFERROR(Byggnader!C18*C17*$B$7*$B$8/24/C26,0) -> 0 | D47: =IFERROR(Byggnader!D18*D17*$B$7*$B$8/24/D26,0) -> 0 | E47: =IFERROR(Byggnader!E18*E17*$B$7*$B$8/24/E26,0) -> 0 | F47: =IFERROR(Byggnader!F18*F17*$B$7*$B$8/24/F26,0) -> 0 | G47: =IFERROR(Byggnader!G18*G17*$B$7*$B$8/24/G26,0) -> 0 | H47: =IFERROR(Byggnader!H18*H17*$B$7*$B$8/24/H26,0) -> 0
A48: Internlast från el (W/m²) | C48: =IFERROR((C46+C18)*$B$6*1000/8760/C26,0) -> 0 | D48: =IFERROR((D46+D18)*$B$6*1000/8760/D26,0) -> 0 | E48: =IFERROR((E46+E18)*$B$6*1000/8760/E26,0) -> 0 | F48: =IFERROR((F46+F18)*$B$6*1000/8760/F26,0) -> 0 | G48: =IFERROR((G46+G18)*$B$6*1000/8760/G26,0) -> 0 | H48: =IFERROR((H46+H18)*$B$6*1000/8760/H26,0) -> 0
A49: Genomsnittlig internlast (W/m²) | C49: =C47+C48 -> 0 | D49: =D47+D48 -> 0 | E49: =E47+E48 -> 0 | F49: =F47+F48 -> 0 | G49: =G47+G48 -> 0 | H49: =H47+H48 -> 0 | I49: =IFERROR(SUMPRODUCT(C49:H49,C26:H26)/I26,0) -> 0
A50: Vatten (m³) | C50: =SUMIF(Mätdata!$B$29:$B$36,Byggnader!C$12,Mätdata!$C$29:$C$36)+SUMIF(Mätdata!$B$29:$B$36,"Alla",Mätdata!$C$29:$C$36)*Byggnader!C$42 -> 0 | D50: =SUMIF(Mätdata!$B$29:$B$36,Byggnader!D$12,Mätdata!$C$29:$C$36)+SUMIF(Mätdata!$B$29:$B$36,"Alla",Mätdata!$C$29:$C$36)*Byggnader!D$42 -> 0 | E50: =SUMIF(Mätdata!$B$29:$B$36,Byggnader!E$12,Mätdata!$C$29:$C$36)+SUMIF(Mätdata!$B$29:$B$36,"Alla",Mätdata!$C$29:$C$36)*Byggnader!E$42 -> 0 | F50: =SUMIF(Mätdata!$B$29:$B$36,Byggnader!F$12,Mätdata!$C$29:$C$36)+SUMIF(Mätdata!$B$29:$B$36,"Alla",Mätdata!$C$29:$C$36)*Byggnader!F$42 -> 0 | G50: =SUMIF(Mätdata!$B$29:$B$36,Byggnader!G$12,Mätdata!$C$29:$C$36)+SUMIF(Mätdata!$B$29:$B$36,"Alla",Mätdata!$C$29:$C$36)*Byggnader!G$42 -> 0 | H50: =SUMIF(Mätdata!$B$29:$B$36,Byggnader!H$12,Mätdata!$C$29:$C$36)+SUMIF(Mätdata!$B$29:$B$36,"Alla",Mätdata!$C$29:$C$36)*Byggnader!H$42 -> 0 | I50: =SUM(C50:H50) -> 0
A51: Faktiskt energibehov tappvarmvatten (kWh/år) | C51: =IF(Mätdata!$C$37>0,C50*Mätdata!$B$40*Mätdata!$B$41,Mätdata!$B$43*C26) -> 0 | D51: =IF(Mätdata!$C$37>0,D50*Mätdata!$B$40*Mätdata!$B$41,Mätdata!$B$43*D26) -> 0 | E51: =IF(Mätdata!$C$37>0,E50*Mätdata!$B$40*Mätdata!$B$41,Mätdata!$B$43*E26) -> 0 | F51: =IF(Mätdata!$C$37>0,F50*Mätdata!$B$40*Mätdata!$B$41,Mätdata!$B$43*F26) -> 0 | G51: =IF(Mätdata!$C$37>0,G50*Mätdata!$B$40*Mätdata!$B$41,Mätdata!$B$43*G26) -> 0 | H51: =IF(Mätdata!$C$37>0,H50*Mätdata!$B$40*Mätdata!$B$41,Mätdata!$B$43*H26) -> 0 | I51: =SUM(C51:H51) -> 0
A52: Faktiskt energibehov tappvarmvatten (kWh/m²,år) | C52: =IFERROR(C51/C26,0) -> 0 | D52: =IFERROR(D51/D26,0) -> 0 | E52: =IFERROR(E51/E26,0) -> 0 | F52: =IFERROR(F51/F26,0) -> 0 | G52: =IFERROR(G51/G26,0) -> 0 | H52: =IFERROR(H51/H26,0) -> 0 | I52: =IFERROR(I51/I26,0) -> 0
A53: Levererad värme till tappvarmvatten (kWh/år) | C53: =IFERROR(C51/Mätdata!$B$42,0) -> 0 | D53: =IFERROR(D51/Mätdata!$B$42,0) -> 0 | E53: =IFERROR(E51/Mätdata!$B$42,0) -> 0 | F53: =IFERROR(F51/Mätdata!$B$42,0) -> 0 | G53: =IFERROR(G51/Mätdata!$B$42,0) -> 0 | H53: =IFERROR(H51/Mätdata!$B$42,0) -> 0 | I53: =SUM(C53:H53) -> 0
A55: Köpt energi per värmekälla (uppvärmning och tappvarmvatten)
A56: Byggnad | C56: =Byggnader!C12 -> Byggnad 1 | D56: =Byggnader!D12 -> Byggnad 2 | E56: =Byggnader!E12 -> Byggnad 3 | F56: =Byggnader!F12 -> Byggnad 4 | G56: =Byggnader!G12 -> Byggnad 5 | H56: =Byggnader!H12 -> Byggnad 6 | I56: Summa
A57: Fjärrvärme | C57: =(SUMIFS(Mätdata!$E$6:$E$25,Mätdata!$B$6:$B$25,"Fjärrvärme",Mätdata!$C$6:$C$25,"Värme och tappvarmvatten",Mätdata!$D$6:$D$25,Byggnader!C$12)+SUMIFS(Mätdata!$E$6:$E$25,Mätdata!$B$6:$B$25,"Fjärrvärme",Mätdata!$C$6:$C$25,"Värme och tappvarmvatten",Mätdata!$D$6:$D$25,"Alla")*Byggnader!C$39) -> 0 | D57: =(SUMIFS(Mätdata!$E$6:$E$25,Mätdata!$B$6:$B$25,"Fjärrvärme",Mätdata!$C$6:$C$25,"Värme och tappvarmvatten",Mätdata!$D$6:$D$25,Byggnader!D$12)+SUMIFS(Mätdata!$E$6:$E$25,Mätdata!$B$6:$B$25,"Fjärrvärme",Mätdata!$C$6:$C$25,"Värme och tappvarmvatten",Mätdata!$D$6:$D$25,"Alla")*Byggnader!D$39) -> 0 | E57: =(SUMIFS(Mätdata!$E$6:$E$25,Mätdata!$B$6:$B$25,"Fjärrvärme",Mätdata!$C$6:$C$25,"Värme och tappvarmvatten",Mätdata!$D$6:$D$25,Byggnader!E$12)+SUMIFS(Mätdata!$E$6:$E$25,Mätdata!$B$6:$B$25,"Fjärrvärme",Mätdata!$C$6:$C$25,"Värme och tappvarmvatten",Mätdata!$D$6:$D$25,"Alla")*Byggnader!E$39) -> 0 | F57: =(SUMIFS(Mätdata!$E$6:$E$25,Mätdata!$B$6:$B$25,"Fjärrvärme",Mätdata!$C$6:$C$25,"Värme och tappvarmvatten",Mätdata!$D$6:$D$25,Byggnader!F$12)+SUMIFS(Mätdata!$E$6:$E$25,Mätdata!$B$6:$B$25,"Fjärrvärme",Mätdata!$C$6:$C$25,"Värme och tappvarmvatten",Mätdata!$D$6:$D$25,"Alla")*Byggnader!F$39) -> 0 | G57: =(SUMIFS(Mätdata!$E$6:$E$25,Mätdata!$B$6:$B$25,"Fjärrvärme",Mätdata!$C$6:$C$25,"Värme och tappvarmvatten",Mätdata!$D$6:$D$25,Byggnader!G$12)+SUMIFS(Mätdata!$E$6:$E$25,Mätdata!$B$6:$B$25,"Fjärrvärme",Mätdata!$C$6:$C$25,"Värme och tappvarmvatten",Mätdata!$D$6:$D$25,"Alla")*Byggnader!G$39) -> 0 | H57: =(SUMIFS(Mätdata!$E$6:$E$25,Mätdata!$B$6:$B$25,"Fjärrvärme",Mätdata!$C$6:$C$25,"Värme och tappvarmvatten",Mätdata!$D$6:$D$25,Byggnader!H$12)+SUMIFS(Mätdata!$E$6:$E$25,Mätdata!$B$6:$B$25,"Fjärrvärme",Mätdata!$C$6:$C$25,"Värme och tappvarmvatten",Mätdata!$D$6:$D$25,"Alla")*Byggnader!H$39) -> 0 | I57: =SUM(C57:H57) -> 0
A58: Värmepump (el) | C58: =(SUMIFS(Mätdata!$E$6:$E$25,Mätdata!$B$6:$B$25,"El",Mätdata!$C$6:$C$25,"Värmepump",Mätdata!$D$6:$D$25,Byggnader!C$12)+SUMIFS(Mätdata!$E$6:$E$25,Mätdata!$B$6:$B$25,"El",Mätdata!$C$6:$C$25,"Värmepump",Mätdata!$D$6:$D$25,"Alla")*Byggnader!C$39)+Mätdata!C62*Byggnader!C$39 -> 0 | D58: =(SUMIFS(Mätdata!$E$6:$E$25,Mätdata!$B$6:$B$25,"El",Mätdata!$C$6:$C$25,"Värmepump",Mätdata!$D$6:$D$25,Byggnader!D$12)+SUMIFS(Mätdata!$E$6:$E$25,Mätdata!$B$6:$B$25,"El",Mätdata!$C$6:$C$25,"Värmepump",Mätdata!$D$6:$D$25,"Alla")*Byggnader!D$39)+Mätdata!C62*Byggnader!D$39 -> 0 | E58: =(SUMIFS(Mätdata!$E$6:$E$25,Mätdata!$B$6:$B$25,"El",Mätdata!$C$6:$C$25,"Värmepump",Mätdata!$D$6:$D$25,Byggnader!E$12)+SUMIFS(Mätdata!$E$6:$E$25,Mätdata!$B$6:$B$25,"El",Mätdata!$C$6:$C$25,"Värmepump",Mätdata!$D$6:$D$25,"Alla")*Byggnader!E$39)+Mätdata!C62*Byggnader!E$39 -> 0 | F58: =(SUMIFS(Mätdata!$E$6:$E$25,Mätdata!$B$6:$B$25,"El",Mätdata!$C$6:$C$25,"Värmepump",Mätdata!$D$6:$D$25,Byggnader!F$12)+SUMIFS(Mätdata!$E$6:$E$25,Mätdata!$B$6:$B$25,"El",Mätdata!$C$6:$C$25,"Värmepump",Mätdata!$D$6:$D$25,"Alla")*Byggnader!F$39)+Mätdata!C62*Byggnader!F$39 -> 0 | G58: =(SUMIFS(Mätdata!$E$6:$E$25,Mätdata!$B$6:$B$25,"El",Mätdata!$C$6:$C$25,"Värmepump",Mätdata!$D$6:$D$25,Byggnader!G$12)+SUMIFS(Mätdata!$E$6:$E$25,Mätdata!$B$6:$B$25,"El",Mätdata!$C$6:$C$25,"Värmepump",Mätdata!$D$6:$D$25,"Alla")*Byggnader!G$39)+Mätdata!C62*Byggnader!G$39 -> 0 | H58: =(SUMIFS(Mätdata!$E$6:$E$25,Mätdata!$B$6:$B$25,"El",Mätdata!$C$6:$C$25,"Värmepump",Mätdata!$D$6:$D$25,Byggnader!H$12)+SUMIFS(Mätdata!$E$6:$E$25,Mätdata!$B$6:$B$25,"El",Mätdata!$C$6:$C$25,"Värmepump",Mätdata!$D$6:$D$25,"Alla")*Byggnader!H$39)+Mätdata!C62*Byggnader!H$39 -> 0 | I58: =SUM(C58:H58) -> 0
A59: Elvärme | C59: =(SUMIFS(Mätdata!$E$6:$E$25,Mätdata!$B$6:$B$25,"El",Mätdata!$C$6:$C$25,"Elvärme",Mätdata!$D$6:$D$25,Byggnader!C$12)+SUMIFS(Mätdata!$E$6:$E$25,Mätdata!$B$6:$B$25,"El",Mätdata!$C$6:$C$25,"Elvärme",Mätdata!$D$6:$D$25,"Alla")*Byggnader!C$39)+Mätdata!C63*Byggnader!C$39 -> 0 | D59: =(SUMIFS(Mätdata!$E$6:$E$25,Mätdata!$B$6:$B$25,"El",Mätdata!$C$6:$C$25,"Elvärme",Mätdata!$D$6:$D$25,Byggnader!D$12)+SUMIFS(Mätdata!$E$6:$E$25,Mätdata!$B$6:$B$25,"El",Mätdata!$C$6:$C$25,"Elvärme",Mätdata!$D$6:$D$25,"Alla")*Byggnader!D$39)+Mätdata!C63*Byggnader!D$39 -> 0 | E59: =(SUMIFS(Mätdata!$E$6:$E$25,Mätdata!$B$6:$B$25,"El",Mätdata!$C$6:$C$25,"Elvärme",Mätdata!$D$6:$D$25,Byggnader!E$12)+SUMIFS(Mätdata!$E$6:$E$25,Mätdata!$B$6:$B$25,"El",Mätdata!$C$6:$C$25,"Elvärme",Mätdata!$D$6:$D$25,"Alla")*Byggnader!E$39)+Mätdata!C63*Byggnader!E$39 -> 0 | F59: =(SUMIFS(Mätdata!$E$6:$E$25,Mätdata!$B$6:$B$25,"El",Mätdata!$C$6:$C$25,"Elvärme",Mätdata!$D$6:$D$25,Byggnader!F$12)+SUMIFS(Mätdata!$E$6:$E$25,Mätdata!$B$6:$B$25,"El",Mätdata!$C$6:$C$25,"Elvärme",Mätdata!$D$6:$D$25,"Alla")*Byggnader!F$39)+Mätdata!C63*Byggnader!F$39 -> 0 | G59: =(SUMIFS(Mätdata!$E$6:$E$25,Mätdata!$B$6:$B$25,"El",Mätdata!$C$6:$C$25,"Elvärme",Mätdata!$D$6:$D$25,Byggnader!G$12)+SUMIFS(Mätdata!$E$6:$E$25,Mätdata!$B$6:$B$25,"El",Mätdata!$C$6:$C$25,"Elvärme",Mätdata!$D$6:$D$25,"Alla")*Byggnader!G$39)+Mätdata!C63*Byggnader!G$39 -> 0 | H59: =(SUMIFS(Mätdata!$E$6:$E$25,Mätdata!$B$6:$B$25,"El",Mätdata!$C$6:$C$25,"Elvärme",Mätdata!$D$6:$D$25,Byggnader!H$12)+SUMIFS(Mätdata!$E$6:$E$25,Mätdata!$B$6:$B$25,"El",Mätdata!$C$6:$C$25,"Elvärme",Mätdata!$D$6:$D$25,"Alla")*Byggnader!H$39)+Mätdata!C63*Byggnader!H$39 -> 0 | I59: =SUM(C59:H59) -> 0
A60: Olja | C60: =(SUMIFS(Mätdata!$E$6:$E$25,Mätdata!$B$6:$B$25,"Olja",Mätdata!$C$6:$C$25,"Värme och tappvarmvatten",Mätdata!$D$6:$D$25,Byggnader!C$12)+SUMIFS(Mätdata!$E$6:$E$25,Mätdata!$B$6:$B$25,"Olja",Mätdata!$C$6:$C$25,"Värme och tappvarmvatten",Mätdata!$D$6:$D$25,"Alla")*Byggnader!C$39) -> 0 | D60: =(SUMIFS(Mätdata!$E$6:$E$25,Mätdata!$B$6:$B$25,"Olja",Mätdata!$C$6:$C$25,"Värme och tappvarmvatten",Mätdata!$D$6:$D$25,Byggnader!D$12)+SUMIFS(Mätdata!$E$6:$E$25,Mätdata!$B$6:$B$25,"Olja",Mätdata!$C$6:$C$25,"Värme och tappvarmvatten",Mätdata!$D$6:$D$25,"Alla")*Byggnader!D$39) -> 0 | E60: =(SUMIFS(Mätdata!$E$6:$E$25,Mätdata!$B$6:$B$25,"Olja",Mätdata!$C$6:$C$25,"Värme och tappvarmvatten",Mätdata!$D$6:$D$25,Byggnader!E$12)+SUMIFS(Mätdata!$E$6:$E$25,Mätdata!$B$6:$B$25,"Olja",Mätdata!$C$6:$C$25,"Värme och tappvarmvatten",Mätdata!$D$6:$D$25,"Alla")*Byggnader!E$39) -> 0 | F60: =(SUMIFS(Mätdata!$E$6:$E$25,Mätdata!$B$6:$B$25,"Olja",Mätdata!$C$6:$C$25,"Värme och tappvarmvatten",Mätdata!$D$6:$D$25,Byggnader!F$12)+SUMIFS(Mätdata!$E$6:$E$25,Mätdata!$B$6:$B$25,"Olja",Mätdata!$C$6:$C$25,"Värme och tappvarmvatten",Mätdata!$D$6:$D$25,"Alla")*Byggnader!F$39) -> 0 | G60: =(SUMIFS(Mätdata!$E$6:$E$25,Mätdata!$B$6:$B$25,"Olja",Mätdata!$C$6:$C$25,"Värme och tappvarmvatten",Mätdata!$D$6:$D$25,Byggnader!G$12)+SUMIFS(Mätdata!$E$6:$E$25,Mätdata!$B$6:$B$25,"Olja",Mätdata!$C$6:$C$25,"Värme och tappvarmvatten",Mätdata!$D$6:$D$25,"Alla")*Byggnader!G$39) -> 0 | H60: =(SUMIFS(Mätdata!$E$6:$E$25,Mätdata!$B$6:$B$25,"Olja",Mätdata!$C$6:$C$25,"Värme och tappvarmvatten",Mätdata!$D$6:$D$25,Byggnader!H$12)+SUMIFS(Mätdata!$E$6:$E$25,Mätdata!$B$6:$B$25,"Olja",Mätdata!$C$6:$C$25,"Värme och tappvarmvatten",Mätdata!$D$6:$D$25,"Alla")*Byggnader!H$39) -> 0 | I60: =SUM(C60:H60) -> 0
A61: Gas | C61: =(SUMIFS(Mätdata!$E$6:$E$25,Mätdata!$B$6:$B$25,"Gas",Mätdata!$C$6:$C$25,"Värme och tappvarmvatten",Mätdata!$D$6:$D$25,Byggnader!C$12)+SUMIFS(Mätdata!$E$6:$E$25,Mätdata!$B$6:$B$25,"Gas",Mätdata!$C$6:$C$25,"Värme och tappvarmvatten",Mätdata!$D$6:$D$25,"Alla")*Byggnader!C$39) -> 0 | D61: =(SUMIFS(Mätdata!$E$6:$E$25,Mätdata!$B$6:$B$25,"Gas",Mätdata!$C$6:$C$25,"Värme och tappvarmvatten",Mätdata!$D$6:$D$25,Byggnader!D$12)+SUMIFS(Mätdata!$E$6:$E$25,Mätdata!$B$6:$B$25,"Gas",Mätdata!$C$6:$C$25,"Värme och tappvarmvatten",Mätdata!$D$6:$D$25,"Alla")*Byggnader!D$39) -> 0 | E61: =(SUMIFS(Mätdata!$E$6:$E$25,Mätdata!$B$6:$B$25,"Gas",Mätdata!$C$6:$C$25,"Värme och tappvarmvatten",Mätdata!$D$6:$D$25,Byggnader!E$12)+SUMIFS(Mätdata!$E$6:$E$25,Mätdata!$B$6:$B$25,"Gas",Mätdata!$C$6:$C$25,"Värme och tappvarmvatten",Mätdata!$D$6:$D$25,"Alla")*Byggnader!E$39) -> 0 | F61: =(SUMIFS(Mätdata!$E$6:$E$25,Mätdata!$B$6:$B$25,"Gas",Mätdata!$C$6:$C$25,"Värme och tappvarmvatten",Mätdata!$D$6:$D$25,Byggnader!F$12)+SUMIFS(Mätdata!$E$6:$E$25,Mätdata!$B$6:$B$25,"Gas",Mätdata!$C$6:$C$25,"Värme och tappvarmvatten",Mätdata!$D$6:$D$25,"Alla")*Byggnader!F$39) -> 0 | G61: =(SUMIFS(Mätdata!$E$6:$E$25,Mätdata!$B$6:$B$25,"Gas",Mätdata!$C$6:$C$25,"Värme och tappvarmvatten",Mätdata!$D$6:$D$25,Byggnader!G$12)+SUMIFS(Mätdata!$E$6:$E$25,Mätdata!$B$6:$B$25,"Gas",Mätdata!$C$6:$C$25,"Värme och tappvarmvatten",Mätdata!$D$6:$D$25,"Alla")*Byggnader!G$39) -> 0 | H61: =(SUMIFS(Mätdata!$E$6:$E$25,Mätdata!$B$6:$B$25,"Gas",Mätdata!$C$6:$C$25,"Värme och tappvarmvatten",Mätdata!$D$6:$D$25,Byggnader!H$12)+SUMIFS(Mätdata!$E$6:$E$25,Mätdata!$B$6:$B$25,"Gas",Mätdata!$C$6:$C$25,"Värme och tappvarmvatten",Mätdata!$D$6:$D$25,"Alla")*Byggnader!H$39) -> 0 | I61: =SUM(C61:H61) -> 0
A62: Pellets/flis/briketter | C62: =(SUMIFS(Mätdata!$E$6:$E$25,Mätdata!$B$6:$B$25,"Pellets/flis/briketter",Mätdata!$C$6:$C$25,"Värme och tappvarmvatten",Mätdata!$D$6:$D$25,Byggnader!C$12)+SUMIFS(Mätdata!$E$6:$E$25,Mätdata!$B$6:$B$25,"Pellets/flis/briketter",Mätdata!$C$6:$C$25,"Värme och tappvarmvatten",Mätdata!$D$6:$D$25,"Alla")*Byggnader!C$39) -> 0 | D62: =(SUMIFS(Mätdata!$E$6:$E$25,Mätdata!$B$6:$B$25,"Pellets/flis/briketter",Mätdata!$C$6:$C$25,"Värme och tappvarmvatten",Mätdata!$D$6:$D$25,Byggnader!D$12)+SUMIFS(Mätdata!$E$6:$E$25,Mätdata!$B$6:$B$25,"Pellets/flis/briketter",Mätdata!$C$6:$C$25,"Värme och tappvarmvatten",Mätdata!$D$6:$D$25,"Alla")*Byggnader!D$39) -> 0 | E62: =(SUMIFS(Mätdata!$E$6:$E$25,Mätdata!$B$6:$B$25,"Pellets/flis/briketter",Mätdata!$C$6:$C$25,"Värme och tappvarmvatten",Mätdata!$D$6:$D$25,Byggnader!E$12)+SUMIFS(Mätdata!$E$6:$E$25,Mätdata!$B$6:$B$25,"Pellets/flis/briketter",Mätdata!$C$6:$C$25,"Värme och tappvarmvatten",Mätdata!$D$6:$D$25,"Alla")*Byggnader!E$39) -> 0 | F62: =(SUMIFS(Mätdata!$E$6:$E$25,Mätdata!$B$6:$B$25,"Pellets/flis/briketter",Mätdata!$C$6:$C$25,"Värme och tappvarmvatten",Mätdata!$D$6:$D$25,Byggnader!F$12)+SUMIFS(Mätdata!$E$6:$E$25,Mätdata!$B$6:$B$25,"Pellets/flis/briketter",Mätdata!$C$6:$C$25,"Värme och tappvarmvatten",Mätdata!$D$6:$D$25,"Alla")*Byggnader!F$39) -> 0 | G62: =(SUMIFS(Mätdata!$E$6:$E$25,Mätdata!$B$6:$B$25,"Pellets/flis/briketter",Mätdata!$C$6:$C$25,"Värme och tappvarmvatten",Mätdata!$D$6:$D$25,Byggnader!G$12)+SUMIFS(Mätdata!$E$6:$E$25,Mätdata!$B$6:$B$25,"Pellets/flis/briketter",Mätdata!$C$6:$C$25,"Värme och tappvarmvatten",Mätdata!$D$6:$D$25,"Alla")*Byggnader!G$39) -> 0 | H62: =(SUMIFS(Mätdata!$E$6:$E$25,Mätdata!$B$6:$B$25,"Pellets/flis/briketter",Mätdata!$C$6:$C$25,"Värme och tappvarmvatten",Mätdata!$D$6:$D$25,Byggnader!H$12)+SUMIFS(Mätdata!$E$6:$E$25,Mätdata!$B$6:$B$25,"Pellets/flis/briketter",Mätdata!$C$6:$C$25,"Värme och tappvarmvatten",Mätdata!$D$6:$D$25,"Alla")*Byggnader!H$39) -> 0 | I62: =SUM(C62:H62) -> 0
A63: Ved | C63: =(SUMIFS(Mätdata!$E$6:$E$25,Mätdata!$B$6:$B$25,"Ved",Mätdata!$C$6:$C$25,"Värme och tappvarmvatten",Mätdata!$D$6:$D$25,Byggnader!C$12)+SUMIFS(Mätdata!$E$6:$E$25,Mätdata!$B$6:$B$25,"Ved",Mätdata!$C$6:$C$25,"Värme och tappvarmvatten",Mätdata!$D$6:$D$25,"Alla")*Byggnader!C$39) -> 0 | D63: =(SUMIFS(Mätdata!$E$6:$E$25,Mätdata!$B$6:$B$25,"Ved",Mätdata!$C$6:$C$25,"Värme och tappvarmvatten",Mätdata!$D$6:$D$25,Byggnader!D$12)+SUMIFS(Mätdata!$E$6:$E$25,Mätdata!$B$6:$B$25,"Ved",Mätdata!$C$6:$C$25,"Värme och tappvarmvatten",Mätdata!$D$6:$D$25,"Alla")*Byggnader!D$39) -> 0 | E63: =(SUMIFS(Mätdata!$E$6:$E$25,Mätdata!$B$6:$B$25,"Ved",Mätdata!$C$6:$C$25,"Värme och tappvarmvatten",Mätdata!$D$6:$D$25,Byggnader!E$12)+SUMIFS(Mätdata!$E$6:$E$25,Mätdata!$B$6:$B$25,"Ved",Mätdata!$C$6:$C$25,"Värme och tappvarmvatten",Mätdata!$D$6:$D$25,"Alla")*Byggnader!E$39) -> 0 | F63: =(SUMIFS(Mätdata!$E$6:$E$25,Mätdata!$B$6:$B$25,"Ved",Mätdata!$C$6:$C$25,"Värme och tappvarmvatten",Mätdata!$D$6:$D$25,Byggnader!F$12)+SUMIFS(Mätdata!$E$6:$E$25,Mätdata!$B$6:$B$25,"Ved",Mätdata!$C$6:$C$25,"Värme och tappvarmvatten",Mätdata!$D$6:$D$25,"Alla")*Byggnader!F$39) -> 0 | G63: =(SUMIFS(Mätdata!$E$6:$E$25,Mätdata!$B$6:$B$25,"Ved",Mätdata!$C$6:$C$25,"Värme och tappvarmvatten",Mätdata!$D$6:$D$25,Byggnader!G$12)+SUMIFS(Mätdata!$E$6:$E$25,Mätdata!$B$6:$B$25,"Ved",Mätdata!$C$6:$C$25,"Värme och tappvarmvatten",Mätdata!$D$6:$D$25,"Alla")*Byggnader!G$39) -> 0 | H63: =(SUMIFS(Mätdata!$E$6:$E$25,Mätdata!$B$6:$B$25,"Ved",Mätdata!$C$6:$C$25,"Värme och tappvarmvatten",Mätdata!$D$6:$D$25,Byggnader!H$12)+SUMIFS(Mätdata!$E$6:$E$25,Mätdata!$B$6:$B$25,"Ved",Mätdata!$C$6:$C$25,"Värme och tappvarmvatten",Mätdata!$D$6:$D$25,"Alla")*Byggnader!H$39) -> 0 | I63: =SUM(C63:H63) -> 0
A64: Övrigt biobränsle | C64: =(SUMIFS(Mätdata!$E$6:$E$25,Mätdata!$B$6:$B$25,"Övrigt biobränsle",Mätdata!$C$6:$C$25,"Värme och tappvarmvatten",Mätdata!$D$6:$D$25,Byggnader!C$12)+SUMIFS(Mätdata!$E$6:$E$25,Mätdata!$B$6:$B$25,"Övrigt biobränsle",Mätdata!$C$6:$C$25,"Värme och tappvarmvatten",Mätdata!$D$6:$D$25,"Alla")*Byggnader!C$39) -> 0 | D64: =(SUMIFS(Mätdata!$E$6:$E$25,Mätdata!$B$6:$B$25,"Övrigt biobränsle",Mätdata!$C$6:$C$25,"Värme och tappvarmvatten",Mätdata!$D$6:$D$25,Byggnader!D$12)+SUMIFS(Mätdata!$E$6:$E$25,Mätdata!$B$6:$B$25,"Övrigt biobränsle",Mätdata!$C$6:$C$25,"Värme och tappvarmvatten",Mätdata!$D$6:$D$25,"Alla")*Byggnader!D$39) -> 0 | E64: =(SUMIFS(Mätdata!$E$6:$E$25,Mätdata!$B$6:$B$25,"Övrigt biobränsle",Mätdata!$C$6:$C$25,"Värme och tappvarmvatten",Mätdata!$D$6:$D$25,Byggnader!E$12)+SUMIFS(Mätdata!$E$6:$E$25,Mätdata!$B$6:$B$25,"Övrigt biobränsle",Mätdata!$C$6:$C$25,"Värme och tappvarmvatten",Mätdata!$D$6:$D$25,"Alla")*Byggnader!E$39) -> 0 | F64: =(SUMIFS(Mätdata!$E$6:$E$25,Mätdata!$B$6:$B$25,"Övrigt biobränsle",Mätdata!$C$6:$C$25,"Värme och tappvarmvatten",Mätdata!$D$6:$D$25,Byggnader!F$12)+SUMIFS(Mätdata!$E$6:$E$25,Mätdata!$B$6:$B$25,"Övrigt biobränsle",Mätdata!$C$6:$C$25,"Värme och tappvarmvatten",Mätdata!$D$6:$D$25,"Alla")*Byggnader!F$39) -> 0 | G64: =(SUMIFS(Mätdata!$E$6:$E$25,Mätdata!$B$6:$B$25,"Övrigt biobränsle",Mätdata!$C$6:$C$25,"Värme och tappvarmvatten",Mätdata!$D$6:$D$25,Byggnader!G$12)+SUMIFS(Mätdata!$E$6:$E$25,Mätdata!$B$6:$B$25,"Övrigt biobränsle",Mätdata!$C$6:$C$25,"Värme och tappvarmvatten",Mätdata!$D$6:$D$25,"Alla")*Byggnader!G$39) -> 0 | H64: =(SUMIFS(Mätdata!$E$6:$E$25,Mätdata!$B$6:$B$25,"Övrigt biobränsle",Mätdata!$C$6:$C$25,"Värme och tappvarmvatten",Mätdata!$D$6:$D$25,Byggnader!H$12)+SUMIFS(Mätdata!$E$6:$E$25,Mätdata!$B$6:$B$25,"Övrigt biobränsle",Mätdata!$C$6:$C$25,"Värme och tappvarmvatten",Mätdata!$D$6:$D$25,"Alla")*Byggnader!H$39) -> 0 | I64: =SUM(C64:H64) -> 0
A65: Summa | C65: =SUM(C57:C64) -> 0 | D65: =SUM(D57:D64) -> 0 | E65: =SUM(E57:E64) -> 0 | F65: =SUM(F57:F64) -> 0 | G65: =SUM(G57:G64) -> 0 | H65: =SUM(H57:H64) -> 0 | I65: =SUM(I57:I64) -> 0
A67: Köpt energi tappvarmvatten
A68: Byggnad | C68: =Byggnader!C12 -> Byggnad 1 | D68: =Byggnader!D12 -> Byggnad 2 | E68: =Byggnader!E12 -> Byggnad 3 | F68: =Byggnader!F12 -> Byggnad 4 | G68: =Byggnader!G12 -> Byggnad 5 | H68: =Byggnader!H12 -> Byggnad 6 | I68: Summa
A69: Fjärrvärme | C69: =IFERROR(MIN(C57,C$53*Mätdata!$C$47/Mätdata!$D$47),0) -> 0 | D69: =IFERROR(MIN(D57,D$53*Mätdata!$C$47/Mätdata!$D$47),0) -> 0 | E69: =IFERROR(MIN(E57,E$53*Mätdata!$C$47/Mätdata!$D$47),0) -> 0 | F69: =IFERROR(MIN(F57,F$53*Mätdata!$C$47/Mätdata!$D$47),0) -> 0 | G69: =IFERROR(MIN(G57,G$53*Mätdata!$C$47/Mätdata!$D$47),0) -> 0 | H69: =IFERROR(MIN(H57,H$53*Mätdata!$C$47/Mätdata!$D$47),0) -> 0 | I69: =SUM(C69:H69) -> 0
A70: Värmepump (el) | C70: =IFERROR(MIN(C58,C$53*Mätdata!$C$48/Mätdata!$D$48),0) -> 0 | D70: =IFERROR(MIN(D58,D$53*Mätdata!$C$48/Mätdata!$D$48),0) -> 0 | E70: =IFERROR(MIN(E58,E$53*Mätdata!$C$48/Mätdata!$D$48),0) -> 0 | F70: =IFERROR(MIN(F58,F$53*Mätdata!$C$48/Mätdata!$D$48),0) -> 0 | G70: =IFERROR(MIN(G58,G$53*Mätdata!$C$48/Mätdata!$D$48),0) -> 0 | H70: =IFERROR(MIN(H58,H$53*Mätdata!$C$48/Mätdata!$D$48),0) -> 0 | I70: =SUM(C70:H70) -> 0
A71: Elvärme | C71: =IFERROR(MIN(C59,C$53*Mätdata!$C$49/Mätdata!$D$49),0) -> 0 | D71: =IFERROR(MIN(D59,D$53*Mätdata!$C$49/Mätdata!$D$49),0) -> 0 | E71: =IFERROR(MIN(E59,E$53*Mätdata!$C$49/Mätdata!$D$49),0) -> 0 | F71: =IFERROR(MIN(F59,F$53*Mätdata!$C$49/Mätdata!$D$49),0) -> 0 | G71: =IFERROR(MIN(G59,G$53*Mätdata!$C$49/Mätdata!$D$49),0) -> 0 | H71: =IFERROR(MIN(H59,H$53*Mätdata!$C$49/Mätdata!$D$49),0) -> 0 | I71: =SUM(C71:H71) -> 0
A72: Olja | C72: =IFERROR(MIN(C60,C$53*Mätdata!$C$50/Mätdata!$D$50),0) -> 0 | D72: =IFERROR(MIN(D60,D$53*Mätdata!$C$50/Mätdata!$D$50),0) -> 0 | E72: =IFERROR(MIN(E60,E$53*Mätdata!$C$50/Mätdata!$D$50),0) -> 0 | F72: =IFERROR(MIN(F60,F$53*Mätdata!$C$50/Mätdata!$D$50),0) -> 0 | G72: =IFERROR(MIN(G60,G$53*Mätdata!$C$50/Mätdata!$D$50),0) -> 0 | H72: =IFERROR(MIN(H60,H$53*Mätdata!$C$50/Mätdata!$D$50),0) -> 0 | I72: =SUM(C72:H72) -> 0
A73: Gas | C73: =IFERROR(MIN(C61,C$53*Mätdata!$C$51/Mätdata!$D$51),0) -> 0 | D73: =IFERROR(MIN(D61,D$53*Mätdata!$C$51/Mätdata!$D$51),0) -> 0 | E73: =IFERROR(MIN(E61,E$53*Mätdata!$C$51/Mätdata!$D$51),0) -> 0 | F73: =IFERROR(MIN(F61,F$53*Mätdata!$C$51/Mätdata!$D$51),0) -> 0 | G73: =IFERROR(MIN(G61,G$53*Mätdata!$C$51/Mätdata!$D$51),0) -> 0 | H73: =IFERROR(MIN(H61,H$53*Mätdata!$C$51/Mätdata!$D$51),0) -> 0 | I73: =SUM(C73:H73) -> 0
A74: Pellets/flis/briketter | C74: =IFERROR(MIN(C62,C$53*Mätdata!$C$52/Mätdata!$D$52),0) -> 0 | D74: =IFERROR(MIN(D62,D$53*Mätdata!$C$52/Mätdata!$D$52),0) -> 0 | E74: =IFERROR(MIN(E62,E$53*Mätdata!$C$52/Mätdata!$D$52),0) -> 0 | F74: =IFERROR(MIN(F62,F$53*Mätdata!$C$52/Mätdata!$D$52),0) -> 0 | G74: =IFERROR(MIN(G62,G$53*Mätdata!$C$52/Mätdata!$D$52),0) -> 0 | H74: =IFERROR(MIN(H62,H$53*Mätdata!$C$52/Mätdata!$D$52),0) -> 0 | I74: =SUM(C74:H74) -> 0
A75: Ved | C75: =IFERROR(MIN(C63,C$53*Mätdata!$C$53/Mätdata!$D$53),0) -> 0 | D75: =IFERROR(MIN(D63,D$53*Mätdata!$C$53/Mätdata!$D$53),0) -> 0 | E75: =IFERROR(MIN(E63,E$53*Mätdata!$C$53/Mätdata!$D$53),0) -> 0 | F75: =IFERROR(MIN(F63,F$53*Mätdata!$C$53/Mätdata!$D$53),0) -> 0 | G75: =IFERROR(MIN(G63,G$53*Mätdata!$C$53/Mätdata!$D$53),0) -> 0 | H75: =IFERROR(MIN(H63,H$53*Mätdata!$C$53/Mätdata!$D$53),0) -> 0 | I75: =SUM(C75:H75) -> 0
A76: Övrigt biobränsle | C76: =IFERROR(MIN(C64,C$53*Mätdata!$C$54/Mätdata!$D$54),0) -> 0 | D76: =IFERROR(MIN(D64,D$53*Mätdata!$C$54/Mätdata!$D$54),0) -> 0 | E76: =IFERROR(MIN(E64,E$53*Mätdata!$C$54/Mätdata!$D$54),0) -> 0 | F76: =IFERROR(MIN(F64,F$53*Mätdata!$C$54/Mätdata!$D$54),0) -> 0 | G76: =IFERROR(MIN(G64,G$53*Mätdata!$C$54/Mätdata!$D$54),0) -> 0 | H76: =IFERROR(MIN(H64,H$53*Mätdata!$C$54/Mätdata!$D$54),0) -> 0 | I76: =SUM(C76:H76) -> 0
A77: Summa | C77: =SUM(C69:C76) -> 0 | D77: =SUM(D69:D76) -> 0 | E77: =SUM(E69:E76) -> 0 | F77: =SUM(F69:F76) -> 0 | G77: =SUM(G69:G76) -> 0 | H77: =SUM(H69:H76) -> 0 | I77: =SUM(I69:I76) -> 0
A79: Köpt energi uppvärmning
A80: Byggnad | C80: =Byggnader!C12 -> Byggnad 1 | D80: =Byggnader!D12 -> Byggnad 2 | E80: =Byggnader!E12 -> Byggnad 3 | F80: =Byggnader!F12 -> Byggnad 4 | G80: =Byggnader!G12 -> Byggnad 5 | H80: =Byggnader!H12 -> Byggnad 6 | I80: Summa
A81: Fjärrvärme | C81: =MAX(0,C57-C69-IF(Mätdata!$B$57="Räknas bort",Mätdata!$B$56*Byggnader!C$39*IFERROR(Mätdata!$B$47/Mätdata!$B$55,0),0)) -> 0 | D81: =MAX(0,D57-D69-IF(Mätdata!$B$57="Räknas bort",Mätdata!$B$56*Byggnader!D$39*IFERROR(Mätdata!$B$47/Mätdata!$B$55,0),0)) -> 0 | E81: =MAX(0,E57-E69-IF(Mätdata!$B$57="Räknas bort",Mätdata!$B$56*Byggnader!E$39*IFERROR(Mätdata!$B$47/Mätdata!$B$55,0),0)) -> 0 | F81: =MAX(0,F57-F69-IF(Mätdata!$B$57="Räknas bort",Mätdata!$B$56*Byggnader!F$39*IFERROR(Mätdata!$B$47/Mätdata!$B$55,0),0)) -> 0 | G81: =MAX(0,G57-G69-IF(Mätdata!$B$57="Räknas bort",Mätdata!$B$56*Byggnader!G$39*IFERROR(Mätdata!$B$47/Mätdata!$B$55,0),0)) -> 0 | H81: =MAX(0,H57-H69-IF(Mätdata!$B$57="Räknas bort",Mätdata!$B$56*Byggnader!H$39*IFERROR(Mätdata!$B$47/Mätdata!$B$55,0),0)) -> 0 | I81: =SUM(C81:H81) -> 0
A82: Värmepump (el) | C82: =MAX(0,C58-C70-IF(Mätdata!$B$57="Räknas bort",Mätdata!$B$56*Byggnader!C$39*IFERROR(Mätdata!$B$48/Mätdata!$B$55,0),0)) -> 0 | D82: =MAX(0,D58-D70-IF(Mätdata!$B$57="Räknas bort",Mätdata!$B$56*Byggnader!D$39*IFERROR(Mätdata!$B$48/Mätdata!$B$55,0),0)) -> 0 | E82: =MAX(0,E58-E70-IF(Mätdata!$B$57="Räknas bort",Mätdata!$B$56*Byggnader!E$39*IFERROR(Mätdata!$B$48/Mätdata!$B$55,0),0)) -> 0 | F82: =MAX(0,F58-F70-IF(Mätdata!$B$57="Räknas bort",Mätdata!$B$56*Byggnader!F$39*IFERROR(Mätdata!$B$48/Mätdata!$B$55,0),0)) -> 0 | G82: =MAX(0,G58-G70-IF(Mätdata!$B$57="Räknas bort",Mätdata!$B$56*Byggnader!G$39*IFERROR(Mätdata!$B$48/Mätdata!$B$55,0),0)) -> 0 | H82: =MAX(0,H58-H70-IF(Mätdata!$B$57="Räknas bort",Mätdata!$B$56*Byggnader!H$39*IFERROR(Mätdata!$B$48/Mätdata!$B$55,0),0)) -> 0 | I82: =SUM(C82:H82) -> 0
A83: Elvärme | C83: =MAX(0,C59-C71-IF(Mätdata!$B$57="Räknas bort",Mätdata!$B$56*Byggnader!C$39*IFERROR(Mätdata!$B$49/Mätdata!$B$55,0),0)) -> 0 | D83: =MAX(0,D59-D71-IF(Mätdata!$B$57="Räknas bort",Mätdata!$B$56*Byggnader!D$39*IFERROR(Mätdata!$B$49/Mätdata!$B$55,0),0)) -> 0 | E83: =MAX(0,E59-E71-IF(Mätdata!$B$57="Räknas bort",Mätdata!$B$56*Byggnader!E$39*IFERROR(Mätdata!$B$49/Mätdata!$B$55,0),0)) -> 0 | F83: =MAX(0,F59-F71-IF(Mätdata!$B$57="Räknas bort",Mätdata!$B$56*Byggnader!F$39*IFERROR(Mätdata!$B$49/Mätdata!$B$55,0),0)) -> 0 | G83: =MAX(0,G59-G71-IF(Mätdata!$B$57="Räknas bort",Mätdata!$B$56*Byggnader!G$39*IFERROR(Mätdata!$B$49/Mätdata!$B$55,0),0)) -> 0 | H83: =MAX(0,H59-H71-IF(Mätdata!$B$57="Räknas bort",Mätdata!$B$56*Byggnader!H$39*IFERROR(Mätdata!$B$49/Mätdata!$B$55,0),0)) -> 0 | I83: =SUM(C83:H83) -> 0
A84: Olja | C84: =MAX(0,C60-C72-IF(Mätdata!$B$57="Räknas bort",Mätdata!$B$56*Byggnader!C$39*IFERROR(Mätdata!$B$50/Mätdata!$B$55,0),0)) -> 0 | D84: =MAX(0,D60-D72-IF(Mätdata!$B$57="Räknas bort",Mätdata!$B$56*Byggnader!D$39*IFERROR(Mätdata!$B$50/Mätdata!$B$55,0),0)) -> 0 | E84: =MAX(0,E60-E72-IF(Mätdata!$B$57="Räknas bort",Mätdata!$B$56*Byggnader!E$39*IFERROR(Mätdata!$B$50/Mätdata!$B$55,0),0)) -> 0 | F84: =MAX(0,F60-F72-IF(Mätdata!$B$57="Räknas bort",Mätdata!$B$56*Byggnader!F$39*IFERROR(Mätdata!$B$50/Mätdata!$B$55,0),0)) -> 0 | G84: =MAX(0,G60-G72-IF(Mätdata!$B$57="Räknas bort",Mätdata!$B$56*Byggnader!G$39*IFERROR(Mätdata!$B$50/Mätdata!$B$55,0),0)) -> 0 | H84: =MAX(0,H60-H72-IF(Mätdata!$B$57="Räknas bort",Mätdata!$B$56*Byggnader!H$39*IFERROR(Mätdata!$B$50/Mätdata!$B$55,0),0)) -> 0 | I84: =SUM(C84:H84) -> 0
A85: Gas | C85: =MAX(0,C61-C73-IF(Mätdata!$B$57="Räknas bort",Mätdata!$B$56*Byggnader!C$39*IFERROR(Mätdata!$B$51/Mätdata!$B$55,0),0)) -> 0 | D85: =MAX(0,D61-D73-IF(Mätdata!$B$57="Räknas bort",Mätdata!$B$56*Byggnader!D$39*IFERROR(Mätdata!$B$51/Mätdata!$B$55,0),0)) -> 0 | E85: =MAX(0,E61-E73-IF(Mätdata!$B$57="Räknas bort",Mätdata!$B$56*Byggnader!E$39*IFERROR(Mätdata!$B$51/Mätdata!$B$55,0),0)) -> 0 | F85: =MAX(0,F61-F73-IF(Mätdata!$B$57="Räknas bort",Mätdata!$B$56*Byggnader!F$39*IFERROR(Mätdata!$B$51/Mätdata!$B$55,0),0)) -> 0 | G85: =MAX(0,G61-G73-IF(Mätdata!$B$57="Räknas bort",Mätdata!$B$56*Byggnader!G$39*IFERROR(Mätdata!$B$51/Mätdata!$B$55,0),0)) -> 0 | H85: =MAX(0,H61-H73-IF(Mätdata!$B$57="Räknas bort",Mätdata!$B$56*Byggnader!H$39*IFERROR(Mätdata!$B$51/Mätdata!$B$55,0),0)) -> 0 | I85: =SUM(C85:H85) -> 0
A86: Pellets/flis/briketter | C86: =MAX(0,C62-C74-IF(Mätdata!$B$57="Räknas bort",Mätdata!$B$56*Byggnader!C$39*IFERROR(Mätdata!$B$52/Mätdata!$B$55,0),0)) -> 0 | D86: =MAX(0,D62-D74-IF(Mätdata!$B$57="Räknas bort",Mätdata!$B$56*Byggnader!D$39*IFERROR(Mätdata!$B$52/Mätdata!$B$55,0),0)) -> 0 | E86: =MAX(0,E62-E74-IF(Mätdata!$B$57="Räknas bort",Mätdata!$B$56*Byggnader!E$39*IFERROR(Mätdata!$B$52/Mätdata!$B$55,0),0)) -> 0 | F86: =MAX(0,F62-F74-IF(Mätdata!$B$57="Räknas bort",Mätdata!$B$56*Byggnader!F$39*IFERROR(Mätdata!$B$52/Mätdata!$B$55,0),0)) -> 0 | G86: =MAX(0,G62-G74-IF(Mätdata!$B$57="Räknas bort",Mätdata!$B$56*Byggnader!G$39*IFERROR(Mätdata!$B$52/Mätdata!$B$55,0),0)) -> 0 | H86: =MAX(0,H62-H74-IF(Mätdata!$B$57="Räknas bort",Mätdata!$B$56*Byggnader!H$39*IFERROR(Mätdata!$B$52/Mätdata!$B$55,0),0)) -> 0 | I86: =SUM(C86:H86) -> 0
A87: Ved | C87: =MAX(0,C63-C75-IF(Mätdata!$B$57="Räknas bort",Mätdata!$B$56*Byggnader!C$39*IFERROR(Mätdata!$B$53/Mätdata!$B$55,0),0)) -> 0 | D87: =MAX(0,D63-D75-IF(Mätdata!$B$57="Räknas bort",Mätdata!$B$56*Byggnader!D$39*IFERROR(Mätdata!$B$53/Mätdata!$B$55,0),0)) -> 0 | E87: =MAX(0,E63-E75-IF(Mätdata!$B$57="Räknas bort",Mätdata!$B$56*Byggnader!E$39*IFERROR(Mätdata!$B$53/Mätdata!$B$55,0),0)) -> 0 | F87: =MAX(0,F63-F75-IF(Mätdata!$B$57="Räknas bort",Mätdata!$B$56*Byggnader!F$39*IFERROR(Mätdata!$B$53/Mätdata!$B$55,0),0)) -> 0 | G87: =MAX(0,G63-G75-IF(Mätdata!$B$57="Räknas bort",Mätdata!$B$56*Byggnader!G$39*IFERROR(Mätdata!$B$53/Mätdata!$B$55,0),0)) -> 0 | H87: =MAX(0,H63-H75-IF(Mätdata!$B$57="Räknas bort",Mätdata!$B$56*Byggnader!H$39*IFERROR(Mätdata!$B$53/Mätdata!$B$55,0),0)) -> 0 | I87: =SUM(C87:H87) -> 0
A88: Övrigt biobränsle | C88: =MAX(0,C64-C76-IF(Mätdata!$B$57="Räknas bort",Mätdata!$B$56*Byggnader!C$39*IFERROR(Mätdata!$B$54/Mätdata!$B$55,0),0)) -> 0 | D88: =MAX(0,D64-D76-IF(Mätdata!$B$57="Räknas bort",Mätdata!$B$56*Byggnader!D$39*IFERROR(Mätdata!$B$54/Mätdata!$B$55,0),0)) -> 0 | E88: =MAX(0,E64-E76-IF(Mätdata!$B$57="Räknas bort",Mätdata!$B$56*Byggnader!E$39*IFERROR(Mätdata!$B$54/Mätdata!$B$55,0),0)) -> 0 | F88: =MAX(0,F64-F76-IF(Mätdata!$B$57="Räknas bort",Mätdata!$B$56*Byggnader!F$39*IFERROR(Mätdata!$B$54/Mätdata!$B$55,0),0)) -> 0 | G88: =MAX(0,G64-G76-IF(Mätdata!$B$57="Räknas bort",Mätdata!$B$56*Byggnader!G$39*IFERROR(Mätdata!$B$54/Mätdata!$B$55,0),0)) -> 0 | H88: =MAX(0,H64-H76-IF(Mätdata!$B$57="Räknas bort",Mätdata!$B$56*Byggnader!H$39*IFERROR(Mätdata!$B$54/Mätdata!$B$55,0),0)) -> 0 | I88: =SUM(C88:H88) -> 0
A89: Summa | C89: =SUM(C81:C88) -> 0 | D89: =SUM(D81:D88) -> 0 | E89: =SUM(E81:E88) -> 0 | F89: =SUM(F81:F88) -> 0 | G89: =SUM(G81:G88) -> 0 | H89: =SUM(H81:H88) -> 0 | I89: =SUM(I81:I88) -> 0
A91: Producerad värme för uppvärmning (köpt × verkningsgrad)
A92: Byggnad | C92: =Byggnader!C12 -> Byggnad 1 | D92: =Byggnader!D12 -> Byggnad 2 | E92: =Byggnader!E12 -> Byggnad 3 | F92: =Byggnader!F12 -> Byggnad 4 | G92: =Byggnader!G12 -> Byggnad 5 | H92: =Byggnader!H12 -> Byggnad 6 | I92: Summa
A93: Fjärrvärme | C93: =C81*Mätdata!$D$47 -> 0 | D93: =D81*Mätdata!$D$47 -> 0 | E93: =E81*Mätdata!$D$47 -> 0 | F93: =F81*Mätdata!$D$47 -> 0 | G93: =G81*Mätdata!$D$47 -> 0 | H93: =H81*Mätdata!$D$47 -> 0 | I93: =SUM(C93:H93) -> 0
A94: Värmepump (el) | C94: =C82*Mätdata!$D$48 -> 0 | D94: =D82*Mätdata!$D$48 -> 0 | E94: =E82*Mätdata!$D$48 -> 0 | F94: =F82*Mätdata!$D$48 -> 0 | G94: =G82*Mätdata!$D$48 -> 0 | H94: =H82*Mätdata!$D$48 -> 0 | I94: =SUM(C94:H94) -> 0
A95: Elvärme | C95: =C83*Mätdata!$D$49 -> 0 | D95: =D83*Mätdata!$D$49 -> 0 | E95: =E83*Mätdata!$D$49 -> 0 | F95: =F83*Mätdata!$D$49 -> 0 | G95: =G83*Mätdata!$D$49 -> 0 | H95: =H83*Mätdata!$D$49 -> 0 | I95: =SUM(C95:H95) -> 0
A96: Olja | C96: =C84*Mätdata!$D$50 -> 0 | D96: =D84*Mätdata!$D$50 -> 0 | E96: =E84*Mätdata!$D$50 -> 0 | F96: =F84*Mätdata!$D$50 -> 0 | G96: =G84*Mätdata!$D$50 -> 0 | H96: =H84*Mätdata!$D$50 -> 0 | I96: =SUM(C96:H96) -> 0
A97: Gas | C97: =C85*Mätdata!$D$51 -> 0 | D97: =D85*Mätdata!$D$51 -> 0 | E97: =E85*Mätdata!$D$51 -> 0 | F97: =F85*Mätdata!$D$51 -> 0 | G97: =G85*Mätdata!$D$51 -> 0 | H97: =H85*Mätdata!$D$51 -> 0 | I97: =SUM(C97:H97) -> 0
A98: Pellets/flis/briketter | C98: =C86*Mätdata!$D$52 -> 0 | D98: =D86*Mätdata!$D$52 -> 0 | E98: =E86*Mätdata!$D$52 -> 0 | F98: =F86*Mätdata!$D$52 -> 0 | G98: =G86*Mätdata!$D$52 -> 0 | H98: =H86*Mätdata!$D$52 -> 0 | I98: =SUM(C98:H98) -> 0
A99: Ved | C99: =C87*Mätdata!$D$53 -> 0 | D99: =D87*Mätdata!$D$53 -> 0 | E99: =E87*Mätdata!$D$53 -> 0 | F99: =F87*Mätdata!$D$53 -> 0 | G99: =G87*Mätdata!$D$53 -> 0 | H99: =H87*Mätdata!$D$53 -> 0 | I99: =SUM(C99:H99) -> 0
A100: Övrigt biobränsle | C100: =C88*Mätdata!$D$54 -> 0 | D100: =D88*Mätdata!$D$54 -> 0 | E100: =E88*Mätdata!$D$54 -> 0 | F100: =F88*Mätdata!$D$54 -> 0 | G100: =G88*Mätdata!$D$54 -> 0 | H100: =H88*Mätdata!$D$54 -> 0 | I100: =SUM(C100:H100) -> 0
A101: Summa | C101: =SUM(C93:C100) -> 0 | D101: =SUM(D93:D100) -> 0 | E101: =SUM(E93:E100) -> 0 | F101: =SUM(F93:F100) -> 0 | G101: =SUM(G93:G100) -> 0 | H101: =SUM(H93:H100) -> 0 | I101: =SUM(I93:I100) -> 0
A103: Normaliseringarnas påverkan på värmebehovet (kWh/år)
A104: Byggnad | C104: =Byggnader!C12 -> Byggnad 1 | D104: =Byggnader!D12 -> Byggnad 2 | E104: =Byggnader!E12 -> Byggnad 3 | F104: =Byggnader!F12 -> Byggnad 4 | G104: =Byggnader!G12 -> Byggnad 5 | H104: =Byggnader!H12 -> Byggnad 6 | I104: Summa
A105: Innetemperatur | C105: =IF(C$19="Ja",C101*$B$5*(C$39-C$14),0) -> 0 | D105: =IF(D$19="Ja",D101*$B$5*(D$39-D$14),0) -> 0 | E105: =IF(E$19="Ja",E101*$B$5*(E$39-E$14),0) -> 0 | F105: =IF(F$19="Ja",F101*$B$5*(F$39-F$14),0) -> 0 | G105: =IF(G$19="Ja",G101*$B$5*(G$39-G$14),0) -> 0 | H105: =IF(H$19="Ja",H101*$B$5*(H$39-H$14),0) -> 0 | I105: =SUM(C105:H105) -> 0
A106: Internlast | C106: =IF(C$21="Ja",(C$49-C$41)*C$26*$B$9/1000,0) -> 0 | D106: =IF(D$21="Ja",(D$49-D$41)*D$26*$B$9/1000,0) -> 0 | E106: =IF(E$21="Ja",(E$49-E$41)*E$26*$B$9/1000,0) -> 0 | F106: =IF(F$21="Ja",(F$49-F$41)*F$26*$B$9/1000,0) -> 0 | G106: =IF(G$21="Ja",(G$49-G$41)*G$26*$B$9/1000,0) -> 0 | H106: =IF(H$21="Ja",(H$49-H$41)*H$26*$B$9/1000,0) -> 0 | I106: =SUM(C106:H106) -> 0
A107: Uteluftsflöde | C107: =IF(C$20="Ja",-1.2*(C$15-C$40)/1000*C$26*$B$10*(1-C$16),0) -> 0 | D107: =IF(D$20="Ja",-1.2*(D$15-D$40)/1000*D$26*$B$10*(1-D$16),0) -> 0 | E107: =IF(E$20="Ja",-1.2*(E$15-E$40)/1000*E$26*$B$10*(1-E$16),0) -> 0 | F107: =IF(F$20="Ja",-1.2*(F$15-F$40)/1000*F$26*$B$10*(1-F$16),0) -> 0 | G107: =IF(G$20="Ja",-1.2*(G$15-G$40)/1000*G$26*$B$10*(1-G$16),0) -> 0 | H107: =IF(H$20="Ja",-1.2*(H$15-H$40)/1000*H$26*$B$10*(1-H$16),0) -> 0 | I107: =SUM(C107:H107) -> 0
A108: Summa | C108: =SUM(C105:C107) -> 0 | D108: =SUM(D105:D107) -> 0 | E108: =SUM(E105:E107) -> 0 | F108: =SUM(F105:F107) -> 0 | G108: =SUM(G105:G107) -> 0 | H108: =SUM(H105:H107) -> 0 | I108: =SUM(C108:H108) -> 0
A110: Normaliserad energi uppvärmning, ej klimatkorrigerad (till Gripen)
...

Sheet Resultat
A1: Energiprestandatal och energiklass
A2: Kontrollberäkning av det Gripen räknar fram. Uppvärmningen klimatkorrigeras med energiindex i Byggnader C10.
A4: Byggnad | C4: =Byggnader!C12 -> Byggnad 1 | D4: =Byggnader!D12 -> Byggnad 2 | E4: =Byggnader!E12 -> Byggnad 3 | F4: =Byggnader!F12 -> Byggnad 4 | G4: =Byggnader!G12 -> Byggnad 5 | H4: =Byggnader!H12 -> Byggnad 6 | I4: Fastighet
A5: Egen beteckning | C5: =IF(Byggnader!C13="","",Byggnader!C13) | D5: =IF(Byggnader!D13="","",Byggnader!D13) | E5: =IF(Byggnader!E13="","",Byggnader!E13) | F5: =IF(Byggnader!F13="","",Byggnader!F13) | G5: =IF(Byggnader!G13="","",Byggnader!G13) | H5: =IF(Byggnader!H13="","",Byggnader!H13)
A6: A-temp (m²) | C6: =Normalisering!C26 -> 0 | D6: =Normalisering!D26 -> 0 | E6: =Normalisering!E26 -> 0 | F6: =Normalisering!F26 -> 0 | G6: =Normalisering!G26 -> 0 | H6: =Normalisering!H26 -> 0 | I6: =Normalisering!I26 -> 0
A7: Uppvärmning, klimatkorrigerad (kWh/år) | C7: =Normalisering!C120/Byggnader!$C$10 -> 0 | D7: =Normalisering!D120/Byggnader!$C$10 -> 0 | E7: =Normalisering!E120/Byggnader!$C$10 -> 0 | F7: =Normalisering!F120/Byggnader!$C$10 -> 0 | G7: =Normalisering!G120/Byggnader!$C$10 -> 0 | H7: =Normalisering!H120/Byggnader!$C$10 -> 0 | I7: =Normalisering!I120/Byggnader!$C$10 -> 0
A8: Tappvarmvatten (kWh/år) | C8: =Normalisering!C132 -> 0 | D8: =Normalisering!D132 -> 0 | E8: =Normalisering!E132 -> 0 | F8: =Normalisering!F132 -> 0 | G8: =Normalisering!G132 -> 0 | H8: =Normalisering!H132 -> 0 | I8: =Normalisering!I132 -> 0
A9: Övrig energi som ingår, el (kWh/år) | C9: =Normalisering!C139-Normalisering!C142 -> 0 | D9: =Normalisering!D139-Normalisering!D142 -> 0 | E9: =Normalisering!E139-Normalisering!E142 -> 0 | F9: =Normalisering!F139-Normalisering!F142 -> 0 | G9: =Normalisering!G139-Normalisering!G142 -> 0 | H9: =Normalisering!H139-Normalisering!H142 -> 0 | I9: =Normalisering!I139-Normalisering!I142 -> 0
A10: Komfortkyla och fjärrkyla (kWh/år) | C10: =Normalisering!C140+Normalisering!C141 -> 0 | D10: =Normalisering!D140+Normalisering!D141 -> 0 | E10: =Normalisering!E140+Normalisering!E141 -> 0 | F10: =Normalisering!F140+Normalisering!F141 -> 0 | G10: =Normalisering!G140+Normalisering!G141 -> 0 | H10: =Normalisering!H140+Normalisering!H141 -> 0 | I10: =Normalisering!I140+Normalisering!I141 -> 0
A11: Byggnadens energianvändning (kWh/år) | C11: =C7+C8+C9+C10 -> 0 | D11: =D7+D8+D9+D10 -> 0 | E11: =E7+E8+E9+E10 -> 0 | F11: =F7+F8+F9+F10 -> 0 | G11: =G7+G8+G9+G10 -> 0 | H11: =H7+H8+H9+H10 -> 0 | I11: =I7+I8+I9+I10 -> 0
A12: Byggnadens viktade energianvändning (kWh/år) | C12: =SUMPRODUCT(Normalisering!C112:C119,Mätdata!$E$47:$E$54)/Byggnader!$C$10+SUMPRODUCT(Normalisering!C124:C131,Mätdata!$E$47:$E$54)+'Regler BFS 2026'!$B$4*(C9+Normalisering!C140)+'Regler BFS 2026'!$B$6*Normalisering!C141 -> 0 | D12: =SUMPRODUCT(Normalisering!D112:D119,Mätdata!$E$47:$E$54)/Byggnader!$C$10+SUMPRODUCT(Normalisering!D124:D131,Mätdata!$E$47:$E$54)+'Regler BFS 2026'!$B$4*(D9+Normalisering!D140)+'Regler BFS 2026'!$B$6*Normalisering!D141 -> 0 | E12: =SUMPRODUCT(Normalisering!E112:E119,Mätdata!$E$47:$E$54)/Byggnader!$C$10+SUMPRODUCT(Normalisering!E124:E131,Mätdata!$E$47:$E$54)+'Regler BFS 2026'!$B$4*(E9+Normalisering!E140)+'Regler BFS 2026'!$B$6*Normalisering!E141 -> 0 | F12: =SUMPRODUCT(Normalisering!F112:F119,Mätdata!$E$47:$E$54)/Byggnader!$C$10+SUMPRODUCT(Normalisering!F124:F131,Mätdata!$E$47:$E$54)+'Regler BFS 2026'!$B$4*(F9+Normalisering!F140)+'Regler BFS 2026'!$B$6*Normalisering!F141 -> 0 | G12: =SUMPRODUCT(Normalisering!G112:G119,Mätdata!$E$47:$E$54)/Byggnader!$C$10+SUMPRODUCT(Normalisering!G124:G131,Mätdata!$E$47:$E$54)+'Regler BFS 2026'!$B$4*(G9+Normalisering!G140)+'Regler BFS 2026'!$B$6*Normalisering!G141 -> 0 | H12: =SUMPRODUCT(Normalisering!H112:H119,Mätdata!$E$47:$E$54)/Byggnader!$C$10+SUMPRODUCT(Normalisering!H124:H131,Mätdata!$E$47:$E$54)+'Regler BFS 2026'!$B$4*(H9+Normalisering!H140)+'Regler BFS 2026'!$B$6*Normalisering!H141 -> 0 | I12: =SUMPRODUCT(Normalisering!I112:I119,Mätdata!$E$47:$E$54)/Byggnader!$C$10+SUMPRODUCT(Normalisering!I124:I131,Mätdata!$E$47:$E$54)+'Regler BFS 2026'!$B$4*(I9+Normalisering!I140)+'Regler BFS 2026'!$B$6*Normalisering!I141 -> 0
A13: Energiprestandatal Etal (kWh/m²,år) | C13: =IF(C6=0,"",C12/C6) | D13: =IF(D6=0,"",D12/D6) | E13: =IF(E6=0,"",E12/E6) | F13: =IF(F6=0,"",F12/F6) | G13: =IF(G6=0,"",G12/G6) | H13: =IF(H6=0,"",H12/H6) | I13: =IF(I6=0,"",I12/I6)
A14: Energianvändning, oviktad (kWh/m²,år) | C14: =IF(C6=0,"",C11/C6) | D14: =IF(D6=0,"",D11/D6) | E14: =IF(E6=0,"",E11/E6) | F14: =IF(F6=0,"",F11/F6) | G14: =IF(G6=0,"",G11/G6) | H14: =IF(H6=0,"",H11/H6) | I14: =IF(I6=0,"",I11/I6)
A16: Högsta Etal per energiklass (kWh/m²,år)
A17: Klass A | C17: =IF(Normalisering!C$38=0,"",(SUMPRODUCT(Normalisering!C$27:C$37,'Regler BFS 2026'!$F$12:$F$22)+Byggnader!$C$7*SUMPRODUCT(Normalisering!C$27:C$37,'Regler BFS 2026'!$G$12:$G$22))/Normalisering!C$38) | D17: =IF(Normalisering!D$38=0,"",(SUMPRODUCT(Normalisering!D$27:D$37,'Regler BFS 2026'!$F$12:$F$22)+Byggnader!$C$7*SUMPRODUCT(Normalisering!D$27:D$37,'Regler BFS 2026'!$G$12:$G$22))/Normalisering!D$38) | E17: =IF(Normalisering!E$38=0,"",(SUMPRODUCT(Normalisering!E$27:E$37,'Regler BFS 2026'!$F$12:$F$22)+Byggnader!$C$7*SUMPRODUCT(Normalisering!E$27:E$37,'Regler BFS 2026'!$G$12:$G$22))/Normalisering!E$38) | F17: =IF(Normalisering!F$38=0,"",(SUMPRODUCT(Normalisering!F$27:F$37,'Regler BFS 2026'!$F$12:$F$22)+Byggnader!$C$7*SUMPRODUCT(Normalisering!F$27:F$37,'Regler BFS 2026'!$G$12:$G$22))/Normalisering!F$38) | G17: =IF(Normalisering!G$38=0,"",(SUMPRODUCT(Normalisering!G$27:G$37,'Regler BFS 2026'!$F$12:$F$22)+Byggnader!$C$7*SUMPRODUCT(Normalisering!G$27:G$37,'Regler BFS 2026'!$G$12:$G$22))/Normalisering!G$38) | H17: =IF(Normalisering!H$38=0,"",(SUMPRODUCT(Normalisering!H$27:H$37,'Regler BFS 2026'!$F$12:$F$22)+Byggnader!$C$7*SUMPRODUCT(Normalisering!H$27:H$37,'Regler BFS 2026'!$G$12:$G$22))/Normalisering!H$38) | I17: =IF(Normalisering!I$38=0,"",(SUMPRODUCT(Normalisering!I$27:I$37,'Regler BFS 2026'!$F$12:$F$22)+Byggnader!$C$7*SUMPRODUCT(Normalisering!I$27:I$37,'Regler BFS 2026'!$G$12:$G$22))/Normalisering!I$38)
A18: Klass B | C18: =IF(Normalisering!C$38=0,"",(SUMPRODUCT(Normalisering!C$27:C$37,'Regler BFS 2026'!$H$12:$H$22)+Byggnader!$C$7*SUMPRODUCT(Normalisering!C$27:C$37,'Regler BFS 2026'!$I$12:$I$22))/Normalisering!C$38) | D18: =IF(Normalisering!D$38=0,"",(SUMPRODUCT(Normalisering!D$27:D$37,'Regler BFS 2026'!$H$12:$H$22)+Byggnader!$C$7*SUMPRODUCT(Normalisering!D$27:D$37,'Regler BFS 2026'!$I$12:$I$22))/Normalisering!D$38) | E18: =IF(Normalisering!E$38=0,"",(SUMPRODUCT(Normalisering!E$27:E$37,'Regler BFS 2026'!$H$12:$H$22)+Byggnader!$C$7*SUMPRODUCT(Normalisering!E$27:E$37,'Regler BFS 2026'!$I$12:$I$22))/Normalisering!E$38) | F18: =IF(Normalisering!F$38=0,"",(SUMPRODUCT(Normalisering!F$27:F$37,'Regler BFS 2026'!$H$12:$H$22)+Byggnader!$C$7*SUMPRODUCT(Normalisering!F$27:F$37,'Regler BFS 2026'!$I$12:$I$22))/Normalisering!F$38) | G18: =IF(Normalisering!G$38=0,"",(SUMPRODUCT(Normalisering!G$27:G$37,'Regler BFS 2026'!$H$12:$H$22)+Byggnader!$C$7*SUMPRODUCT(Normalisering!G$27:G$37,'Regler BFS 2026'!$I$12:$I$22))/Normalisering!G$38) | H18: =IF(Normalisering!H$38=0,"",(SUMPRODUCT(Normalisering!H$27:H$37,'Regler BFS 2026'!$H$12:$H$22)+Byggnader!$C$7*SUMPRODUCT(Normalisering!H$27:H$37,'Regler BFS 2026'!$I$12:$I$22))/Normalisering!H$38) | I18: =IF(Normalisering!I$38=0,"",(SUMPRODUCT(Normalisering!I$27:I$37,'Regler BFS 2026'!$H$12:$H$22)+Byggnader!$C$7*SUMPRODUCT(Normalisering!I$27:I$37,'Regler BFS 2026'!$I$12:$I$22))/Normalisering!I$38)
A19: Klass C | C19: =IF(Normalisering!C$38=0,"",(SUMPRODUCT(Normalisering!C$27:C$37,'Regler BFS 2026'!$J$12:$J$22)+Byggnader!$C$7*SUMPRODUCT(Normalisering!C$27:C$37,'Regler BFS 2026'!$K$12:$K$22))/Normalisering!C$38) | D19: =IF(Normalisering!D$38=0,"",(SUMPRODUCT(Normalisering!D$27:D$37,'Regler BFS 2026'!$J$12:$J$22)+Byggnader!$C$7*SUMPRODUCT(Normalisering!D$27:D$37,'Regler BFS 2026'!$K$12:$K$22))/Normalisering!D$38) | E19: =IF(Normalisering!E$38=0,"",(SUMPRODUCT(Normalisering!E$27:E$37,'Regler BFS 2026'!$J$12:$J$22)+Byggnader!$C$7*SUMPRODUCT(Normalisering!E$27:E$37,'Regler BFS 2026'!$K$12:$K$22))/Normalisering!E$38) | F19: =IF(Normalisering!F$38=0,"",(SUMPRODUCT(Normalisering!F$27:F$37,'Regler BFS 2026'!$J$12:$J$22)+Byggnader!$C$7*SUMPRODUCT(Normalisering!F$27:F$37,'Regler BFS 2026'!$K$12:$K$22))/Normalisering!F$38) | G19: =IF(Normalisering!G$38=0,"",(SUMPRODUCT(Normalisering!G$27:G$37,'Regler BFS 2026'!$J$12:$J$22)+Byggnader!$C$7*SUMPRODUCT(Normalisering!G$27:G$37,'Regler BFS 2026'!$K$12:$K$22))/Normalisering!G$38) | H19: =IF(Normalisering!H$38=0,"",(SUMPRODUCT(Normalisering!H$27:H$37,'Regler BFS 2026'!$J$12:$J$22)+Byggnader!$C$7*SUMPRODUCT(Normalisering!H$27:H$37,'Regler BFS 2026'!$K$12:$K$22))/Normalisering!H$38) | I19: =IF(Normalisering!I$38=0,"",(SUMPRODUCT(Normalisering!I$27:I$37,'Regler BFS 2026'!$J$12:$J$22)+Byggnader!$C$7*SUMPRODUCT(Normalisering!I$27:I$37,'Regler BFS 2026'!$K$12:$K$22))/Normalisering!I$38)
A20: Klass D | C20: =IF(Normalisering!C$38=0,"",(SUMPRODUCT(Normalisering!C$27:C$37,'Regler BFS 2026'!$L$12:$L$22)+Byggnader!$C$7*SUMPRODUCT(Normalisering!C$27:C$37,'Regler BFS 2026'!$M$12:$M$22))/Normalisering!C$38) | D20: =IF(Normalisering!D$38=0,"",(SUMPRODUCT(Normalisering!D$27:D$37,'Regler BFS 2026'!$L$12:$L$22)+Byggnader!$C$7*SUMPRODUCT(Normalisering!D$27:D$37,'Regler BFS 2026'!$M$12:$M$22))/Normalisering!D$38) | E20: =IF(Normalisering!E$38=0,"",(SUMPRODUCT(Normalisering!E$27:E$37,'Regler BFS 2026'!$L$12:$L$22)+Byggnader!$C$7*SUMPRODUCT(Normalisering!E$27:E$37,'Regler BFS 2026'!$M$12:$M$22))/Normalisering!E$38) | F20: =IF(Normalisering!F$38=0,"",(SUMPRODUCT(Normalisering!F$27:F$37,'Regler BFS 2026'!$L$12:$L$22)+Byggnader!$C$7*SUMPRODUCT(Normalisering!F$27:F$37,'Regler BFS 2026'!$M$12:$M$22))/Normalisering!F$38) | G20: =IF(Normalisering!G$38=0,"",(SUMPRODUCT(Normalisering!G$27:G$37,'Regler BFS 2026'!$L$12:$L$22)+Byggnader!$C$7*SUMPRODUCT(Normalisering!G$27:G$37,'Regler BFS 2026'!$M$12:$M$22))/Normalisering!G$38) | H20: =IF(Normalisering!H$38=0,"",(SUMPRODUCT(Normalisering!H$27:H$37,'Regler BFS 2026'!$L$12:$L$22)+Byggnader!$C$7*SUMPRODUCT(Normalisering!H$27:H$37,'Regler BFS 2026'!$M$12:$M$22))/Normalisering!H$38) | I20: =IF(Normalisering!I$38=0,"",(SUMPRODUCT(Normalisering!I$27:I$37,'Regler BFS 2026'!$L$12:$L$22)+Byggnader!$C$7*SUMPRODUCT(Normalisering!I$27:I$37,'Regler BFS 2026'!$M$12:$M$22))/Normalisering!I$38)
A21: Klass E | C21: =IF(Normalisering!C$38=0,"",(SUMPRODUCT(Normalisering!C$27:C$37,'Regler BFS 2026'!$N$12:$N$22)+Byggnader!$C$7*SUMPRODUCT(Normalisering!C$27:C$37,'Regler BFS 2026'!$O$12:$O$22))/Normalisering!C$38) | D21: =IF(Normalisering!D$38=0,"",(SUMPRODUCT(Normalisering!D$27:D$37,'Regler BFS 2026'!$N$12:$N$22)+Byggnader!$C$7*SUMPRODUCT(Normalisering!D$27:D$37,'Regler BFS 2026'!$O$12:$O$22))/Normalisering!D$38) | E21: =IF(Normalisering!E$38=0,"",(SUMPRODUCT(Normalisering!E$27:E$37,'Regler BFS 2026'!$N$12:$N$22)+Byggnader!$C$7*SUMPRODUCT(Normalisering!E$27:E$37,'Regler BFS 2026'!$O$12:$O$22))/Normalisering!E$38) | F21: =IF(Normalisering!F$38=0,"",(SUMPRODUCT(Normalisering!F$27:F$37,'Regler BFS 2026'!$N$12:$N$22)+Byggnader!$C$7*SUMPRODUCT(Normalisering!F$27:F$37,'Regler BFS 2026'!$O$12:$O$22))/Normalisering!F$38) | G21: =IF(Normalisering!G$38=0,"",(SUMPRODUCT(Normalisering!G$27:G$37,'Regler BFS 2026'!$N$12:$N$22)+Byggnader!$C$7*SUMPRODUCT(Normalisering!G$27:G$37,'Regler BFS 2026'!$O$12:$O$22))/Normalisering!G$38) | H21: =IF(Normalisering!H$38=0,"",(SUMPRODUCT(Normalisering!H$27:H$37,'Regler BFS 2026'!$N$12:$N$22)+Byggnader!$C$7*SUMPRODUCT(Normalisering!H$27:H$37,'Regler BFS 2026'!$O$12:$O$22))/Normalisering!H$38) | I21: =IF(Normalisering!I$38=0,"",(SUMPRODUCT(Normalisering!I$27:I$37,'Regler BFS 2026'!$N$12:$N$22)+Byggnader!$C$7*SUMPRODUCT(Normalisering!I$27:I$37,'Regler BFS 2026'!$O$12:$O$22))/Normalisering!I$38)
A22: Klass F | C22: =IF(Normalisering!C$38=0,"",(SUMPRODUCT(Normalisering!C$27:C$37,'Regler BFS 2026'!$P$12:$P$22)+Byggnader!$C$7*SUMPRODUCT(Normalisering!C$27:C$37,'Regler BFS 2026'!$Q$12:$Q$22))/Normalisering!C$38) | D22: =IF(Normalisering!D$38=0,"",(SUMPRODUCT(Normalisering!D$27:D$37,'Regler BFS 2026'!$P$12:$P$22)+Byggnader!$C$7*SUMPRODUCT(Normalisering!D$27:D$37,'Regler BFS 2026'!$Q$12:$Q$22))/Normalisering!D$38) | E22: =IF(Normalisering!E$38=0,"",(SUMPRODUCT(Normalisering!E$27:E$37,'Regler BFS 2026'!$P$12:$P$22)+Byggnader!$C$7*SUMPRODUCT(Normalisering!E$27:E$37,'Regler BFS 2026'!$Q$12:$Q$22))/Normalisering!E$38) | F22: =IF(Normalisering!F$38=0,"",(SUMPRODUCT(Normalisering!F$27:F$37,'Regler BFS 2026'!$P$12:$P$22)+Byggnader!$C$7*SUMPRODUCT(Normalisering!F$27:F$37,'Regler BFS 2026'!$Q$12:$Q$22))/Normalisering!F$38) | G22: =IF(Normalisering!G$38=0,"",(SUMPRODUCT(Normalisering!G$27:G$37,'Regler BFS 2026'!$P$12:$P$22)+Byggnader!$C$7*SUMPRODUCT(Normalisering!G$27:G$37,'Regler BFS 2026'!$Q$12:$Q$22))/Normalisering!G$38) | H22: =IF(Normalisering!H$38=0,"",(SUMPRODUCT(Normalisering!H$27:H$37,'Regler BFS 2026'!$P$12:$P$22)+Byggnader!$C$7*SUMPRODUCT(Normalisering!H$27:H$37,'Regler BFS 2026'!$Q$12:$Q$22))/Normalisering!H$38) | I22: =IF(Normalisering!I$38=0,"",(SUMPRODUCT(Normalisering!I$27:I$37,'Regler BFS 2026'!$P$12:$P$22)+Byggnader!$C$7*SUMPRODUCT(Normalisering!I$27:I$37,'Regler BFS 2026'!$Q$12:$Q$22))/Normalisering!I$38)
A24: Energiklass BFS 2026:10 | C24: =IF(C13="","",IF(C13<=C17,"A",IF(C13<=C18,"B",IF(C13<=C19,"C",IF(C13<=C20,"D",IF(C13<=C21,"E",IF(C13<=C22,"F","G"))))))) | D24: =IF(D13="","",IF(D13<=D17,"A",IF(D13<=D18,"B",IF(D13<=D19,"C",IF(D13<=D20,"D",IF(D13<=D21,"E",IF(D13<=D22,"F","G"))))))) | E24: =IF(E13="","",IF(E13<=E17,"A",IF(E13<=E18,"B",IF(E13<=E19,"C",IF(E13<=E20,"D",IF(E13<=E21,"E",IF(E13<=E22,"F","G"))))))) | F24: =IF(F13="","",IF(F13<=F17,"A",IF(F13<=F18,"B",IF(F13<=F19,"C",IF(F13<=F20,"D",IF(F13<=F21,"E",IF(F13<=F22,"F","G"))))))) | G24: =IF(G13="","",IF(G13<=G17,"A",IF(G13<=G18,"B",IF(G13<=G19,"C",IF(G13<=G20,"D",IF(G13<=G21,"E",IF(G13<=G22,"F","G"))))))) | H24: =IF(H13="","",IF(H13<=H17,"A",IF(H13<=H18,"B",IF(H13<=H19,"C",IF(H13<=H20,"D",IF(H13<=H21,"E",IF(H13<=H22,"F","G"))))))) | I24: =IF(I13="","",IF(I13<=I17,"A",IF(I13<=I18,"B",IF(I13<=I19,"C",IF(I13<=I20,"D",IF(I13<=I21,"E",IF(I13<=I22,"F","G")))))))
A25: Fossila bränslen förbränns på plats | C25: =IF(C6=0,"",IF(Normalisering!C60+Normalisering!C61>0,"Ja","Nej")) | D25: =IF(D6=0,"",IF(Normalisering!D60+Normalisering!D61>0,"Ja","Nej")) | E25: =IF(E6=0,"",IF(Normalisering!E60+Normalisering!E61>0,"Ja","Nej")) | F25: =IF(F6=0,"",IF(Normalisering!F60+Normalisering!F61>0,"Ja","Nej")) | G25: =IF(G6=0,"",IF(Normalisering!G60+Normalisering!G61>0,"Ja","Nej")) | H25: =IF(H6=0,"",IF(Normalisering!H60+Normalisering!H61>0,"Ja","Nej")) | I25: =IF(I6=0,"",IF(Normalisering!I60+Normalisering!I61>0,"Ja","Nej"))
A26: Energiprestandakriterium nollutsläppsbyggnad (befintlig) | C26: =IF(C13="","",IF(C25="Ja","Ej uppfyllt (fossilt)",IF(C13<=C18,"Uppfyllt","Ej uppfyllt"))) | D26: =IF(D13="","",IF(D25="Ja","Ej uppfyllt (fossilt)",IF(D13<=D18,"Uppfyllt","Ej uppfyllt"))) | E26: =IF(E13="","",IF(E25="Ja","Ej uppfyllt (fossilt)",IF(E13<=E18,"Uppfyllt","Ej uppfyllt"))) | F26: =IF(F13="","",IF(F25="Ja","Ej uppfyllt (fossilt)",IF(F13<=F18,"Uppfyllt","Ej uppfyllt"))) | G26: =IF(G13="","",IF(G25="Ja","Ej uppfyllt (fossilt)",IF(G13<=G18,"Uppfyllt","Ej uppfyllt"))) | H26: =IF(H13="","",IF(H25="Ja","Ej uppfyllt (fossilt)",IF(H13<=H18,"Uppfyllt","Ej uppfyllt"))) | I26: =IF(I13="","",IF(I25="Ja","Ej uppfyllt (fossilt)",IF(I13<=I18,"Uppfyllt","Ej uppfyllt")))
A27: Högsta Etal nya nollutsläppsbyggnader (= gräns klass A) | C27: =C17 | D27: =D17 | E27: =E17 | F27: =F17 | G27: =G17 | H27: =H17 | I27: =I17
A28: Högsta Etal befintliga nollutsläppsbyggnader (= gräns klass B) | C28: =C18 | D28: =D18 | E28: =E18 | F28: =F18 | G28: =G18 | H28: =H18 | I28: =I18
A29: Krav ny nära-nollenergibyggnad, Etal (BFS 2026:9 tabell 1) | C29: =IF(Normalisering!C$38=0,"",(SUMPRODUCT(Normalisering!C$27:C$37,'Regler BFS 2026'!$R$12:$R$22)+Byggnader!$C$7*SUMPRODUCT(Normalisering!C$27:C$37,'Regler BFS 2026'!$S$12:$S$22))/Normalisering!C$38) | D29: =IF(Normalisering!D$38=0,"",(SUMPRODUCT(Normalisering!D$27:D$37,'Regler BFS 2026'!$R$12:$R$22)+Byggnader!$C$7*SUMPRODUCT(Normalisering!D$27:D$37,'Regler BFS 2026'!$S$12:$S$22))/Normalisering!D$38) | E29: =IF(Normalisering!E$38=0,"",(SUMPRODUCT(Normalisering!E$27:E$37,'Regler BFS 2026'!$R$12:$R$22)+Byggnader!$C$7*SUMPRODUCT(Normalisering!E$27:E$37,'Regler BFS 2026'!$S$12:$S$22))/Normalisering!E$38) | F29: =IF(Normalisering!F$38=0,"",(SUMPRODUCT(Normalisering!F$27:F$37,'Regler BFS 2026'!$R$12:$R$22)+Byggnader!$C$7*SUMPRODUCT(Normalisering!F$27:F$37,'Regler BFS 2026'!$S$12:$S$22))/Normalisering!F$38) | G29: =IF(Normalisering!G$38=0,"",(SUMPRODUCT(Normalisering!G$27:G$37,'Regler BFS 2026'!$R$12:$R$22)+Byggnader!$C$7*SUMPRODUCT(Normalisering!G$27:G$37,'Regler BFS 2026'!$S$12:$S$22))/Normalisering!G$38) | H29: =IF(Normalisering!H$38=0,"",(SUMPRODUCT(Normalisering!H$27:H$37,'Regler BFS 2026'!$R$12:$R$22)+Byggnader!$C$7*SUMPRODUCT(Normalisering!H$27:H$37,'Regler BFS 2026'!$S$12:$S$22))/Normalisering!H$38) | I29: =IF(Normalisering!I$38=0,"",(SUMPRODUCT(Normalisering!I$27:I$37,'Regler BFS 2026'!$R$12:$R$22)+Byggnader!$C$7*SUMPRODUCT(Normalisering!I$27:I$37,'Regler BFS 2026'!$S$12:$S$22))/Normalisering!I$38)
A31: Jämförelse med tidigare deklaration
A32: Tidigare primärenergital (kWh/m²,år) | C32: =IF(Byggnader!C51="","",Byggnader!C51) | D32: =IF(Byggnader!D51="","",Byggnader!D51) | E32: =IF(Byggnader!E51="","",Byggnader!E51) | F32: =IF(Byggnader!F51="","",Byggnader!F51) | G32: =IF(Byggnader!G51="","",Byggnader!G51) | H32: =IF(Byggnader!H51="","",Byggnader!H51)
A33: Tidigare energiklass | C33: =IF(Byggnader!C52="","",Byggnader!C52) | D33: =IF(Byggnader!D52="","",Byggnader!D52) | E33: =IF(Byggnader!E52="","",Byggnader!E52) | F33: =IF(Byggnader!F52="","",Byggnader!F52) | G33: =IF(Byggnader!G52="","",Byggnader!G52) | H33: =IF(Byggnader!H52="","",Byggnader!H52)
A34: Skillnad Etal − tidigare primärenergital | C34: =IF(OR(C13="",C32=""),"",C13-C32) | D34: =IF(OR(D13="",D32=""),"",D13-D32) | E34: =IF(OR(E13="",E32=""),"",E13-E32) | F34: =IF(OR(F13="",F32=""),"",F13-F32) | G34: =IF(OR(G13="",G32=""),"",G13-G32) | H34: =IF(OR(H13="",H32=""),"",H13-H32)

Sheet Gripen
A1: Inmatning i Gripen
A2: Välj byggnad. Avsnitten följer Gripens formulär. Grå celler förs över till Gripen.
A4: Byggnad | B4: Byggnad 1
A5: Kolumnindex (hjälpcell) | B5: =MATCH(B4,Byggnader!$C$12:$H$12,0) -> 1
A6: Egen beteckning / adress | B6: =INDEX(Byggnader!$C$13:$H$13,$B$5)&IF(INDEX(Byggnader!$C$14:$H$14,$B$5)="",""," – "&INDEX(Byggnader!$C$14:$H$14,$B$5))
A8: Egenskaper
A9: Atemp (m²) | B9: =INDEX(Normalisering!$C$26:$H$26,$B$5) -> 0
A10: Nybyggnadsår | B10: =IF(INDEX(Byggnader!$C$17:$H$17,$B$5)="","",INDEX(Byggnader!$C$17:$H$17,$B$5))
A12: Byggnadskategori
A13: Kategori | B13: Procent av Atemp
A14: Flerbostadshus | B14: =IFERROR((INDEX(Normalisering!$C$27:$H$27,$B$5))/INDEX(Normalisering!$C$38:$H$38,$B$5),0) -> 0
A15: En- och tvåbostadshus | B15: =IFERROR((INDEX(Normalisering!$C$28:$H$28,$B$5)+INDEX(Normalisering!$C$29:$H$29,$B$5)+INDEX(Normalisering!$C$30:$H$30,$B$5))/INDEX(Normalisering!$C$38:$H$38,$B$5),0) -> 0
A16: Kontor | B16: =IFERROR((INDEX(Normalisering!$C$31:$H$31,$B$5))/INDEX(Normalisering!$C$38:$H$38,$B$5),0) -> 0
A17: Utbildning | B17: =IFERROR((INDEX(Normalisering!$C$32:$H$32,$B$5))/INDEX(Normalisering!$C$38:$H$38,$B$5),0) -> 0
A18: Sjukhus | B18: =IFERROR((INDEX(Normalisering!$C$33:$H$33,$B$5))/INDEX(Normalisering!$C$38:$H$38,$B$5),0) -> 0
A19: Logi och restaurang | B19: =IFERROR((INDEX(Normalisering!$C$34:$H$34,$B$5))/INDEX(Normalisering!$C$38:$H$38,$B$5),0) -> 0
A20: Idrott | B20: =IFERROR((INDEX(Normalisering!$C$35:$H$35,$B$5))/INDEX(Normalisering!$C$38:$H$38,$B$5),0) -> 0
A21: Handel och kultur | B21: =IFERROR((INDEX(Normalisering!$C$36:$H$36,$B$5))/INDEX(Normalisering!$C$38:$H$38,$B$5),0) -> 0
A22: Annan typ av energianvändande byggnad | B22: =IFERROR((INDEX(Normalisering!$C$37:$H$37,$B$5))/INDEX(Normalisering!$C$38:$H$38,$B$5),0) -> 0
A23: Summa | B23: =SUM(B14:B22) -> 0
A25: Energianvändning
A26: Mätperiod från och med | B26: =Byggnader!C8 -> 0
A27: Mätperiod till och med | B27: =Byggnader!C9 -> 0
A28: Ort (energi-index) | B28: =Byggnader!C6 -> Karlstad
A30: För uppvärmning
A31: Energikälla | B31: Normaliserad energi kWh/år | C31: Köpt energi kWh/år | D31: Årsverkningsgrad
A32: =Mätdata!F47 -> Fjärrvärme | B32: =INDEX(Normalisering!$C$112:$H$112,$B$5) -> 0 | C32: =INDEX(Normalisering!$C$81:$H$81,$B$5) -> 0 | D32: =Mätdata!D47 -> 1
A33: =Mätdata!F48 -> Värmepump – välj typ | B33: =INDEX(Normalisering!$C$113:$H$113,$B$5) -> 0 | C33: =INDEX(Normalisering!$C$82:$H$82,$B$5) -> 0 | D33: =Mätdata!D48 -> 2.5
A34: =Mätdata!F49 -> El – välj typ | B34: =INDEX(Normalisering!$C$114:$H$114,$B$5) -> 0 | C34: =INDEX(Normalisering!$C$83:$H$83,$B$5) -> 0 | D34: =Mätdata!D49 -> 1
A35: =Mätdata!F50 -> Olja | B35: =INDEX(Normalisering!$C$115:$H$115,$B$5) -> 0 | C35: =INDEX(Normalisering!$C$84:$H$84,$B$5) -> 0 | D35: =Mätdata!D50 -> 0.85
A36: =Mätdata!F51 -> Gas | B36: =INDEX(Normalisering!$C$116:$H$116,$B$5) -> 0 | C36: =INDEX(Normalisering!$C$85:$H$85,$B$5) -> 0 | D36: =Mätdata!D51 -> 0.9
A37: =Mätdata!F52 -> Flis/pellets/briketter | B37: =INDEX(Normalisering!$C$117:$H$117,$B$5) -> 0 | C37: =INDEX(Normalisering!$C$86:$H$86,$B$5) -> 0 | D37: =Mätdata!D52 -> 0.85
A38: =Mätdata!F53 -> Ved | B38: =INDEX(Normalisering!$C$118:$H$118,$B$5) -> 0 | C38: =INDEX(Normalisering!$C$87:$H$87,$B$5) -> 0 | D38: =Mätdata!D53 -> 0.75
A39: =Mätdata!F54 -> Övrigt biobränsle | B39: =INDEX(Normalisering!$C$119:$H$119,$B$5) -> 0 | C39: =INDEX(Normalisering!$C$88:$H$88,$B$5) -> 0 | D39: =Mätdata!D54 -> 0.85
A41: För tappvarmvatten
A42: Energikälla | B42: Normaliserad energi kWh/år | C42: Köpt energi kWh/år | D42: Årsverkningsgrad
A43: =Mätdata!F47 -> Fjärrvärme | B43: =INDEX(Normalisering!$C$124:$H$124,$B$5) -> 0 | C43: =INDEX(Normalisering!$C$69:$H$69,$B$5) -> 0 | D43: =Mätdata!D47 -> 1
A44: =Mätdata!F48 -> Värmepump – välj typ | B44: =INDEX(Normalisering!$C$125:$H$125,$B$5) -> 0 | C44: =INDEX(Normalisering!$C$70:$H$70,$B$5) -> 0 | D44: =Mätdata!D48 -> 2.5
A45: =Mätdata!F49 -> El – välj typ | B45: =INDEX(Normalisering!$C$126:$H$126,$B$5) -> 0 | C45: =INDEX(Normalisering!$C$71:$H$71,$B$5) -> 0 | D45: =Mätdata!D49 -> 1
A46: =Mätdata!F50 -> Olja | B46: =INDEX(Normalisering!$C$127:$H$127,$B$5) -> 0 | C46: =INDEX(Normalisering!$C$72:$H$72,$B$5) -> 0 | D46: =Mätdata!D50 -> 0.85
A47: =Mätdata!F51 -> Gas | B47: =INDEX(Normalisering!$C$128:$H$128,$B$5) -> 0 | C47: =INDEX(Normalisering!$C$73:$H$73,$B$5) -> 0 | D47: =Mätdata!D51 -> 0.9
A48: =Mätdata!F52 -> Flis/pellets/briketter | B48: =INDEX(Normalisering!$C$129:$H$129,$B$5) -> 0 | C48: =INDEX(Normalisering!$C$74:$H$74,$B$5) -> 0 | D48: =Mätdata!D52 -> 0.85
A49: =Mätdata!F53 -> Ved | B49: =INDEX(Normalisering!$C$130:$H$130,$B$5) -> 0 | C49: =INDEX(Normalisering!$C$75:$H$75,$B$5) -> 0 | D49: =Mätdata!D53 -> 0.75
A50: =Mätdata!F54 -> Övrigt biobränsle | B50: =INDEX(Normalisering!$C$131:$H$131,$B$5) -> 0 | C50: =INDEX(Normalisering!$C$76:$H$76,$B$5) -> 0 | D50: =Mätdata!D54 -> 0.85
A52: Komfortkyla och övrig energi som ingår i energiprestanda
A53: Energikälla | B53: Normaliserad energi kWh/år | C53: Köpt energi kWh/år | D53: Årsverkningsgrad
A54: El för komfortkyla | B54: =INDEX(Normalisering!$C$140:$H$140,$B$5) -> 0 | C54: =INDEX(Normalisering!$C$140:$H$140,$B$5) -> 0
A55: Fjärrkyla | B55: =INDEX(Normalisering!$C$141:$H$141,$B$5) -> 0 | C55: =INDEX(Normalisering!$C$141:$H$141,$B$5) -> 0
A56: Övrig energi som ingår i energiprestanda (el) | B56: =INDEX(Normalisering!$C$139:$H$139,$B$5) -> 0 | C56: =INDEX(Normalisering!$C$139:$H$139,$B$5) -> 0
A58: Förnybar energi producerad på plats
A59: Egenanvänd solel som minskar energiprestandatalet (kWh/år) | B59: =INDEX(Normalisering!$C$138:$H$138,$B$5)+INDEX(Normalisering!$C$142:$H$142,$B$5) -> 0
A60: Solceller: installerad effekt (kWp) / produktion (kWh/år) | B60: =INDEX(Solceller!$C$13:$H$13,$B$5) -> 0 | C60: =INDEX(Solceller!$C$16:$H$16,$B$5) -> 0
A61: Övrig energi som inte ingår i energiprestanda
A62: Hushållsel | B62: =INDEX(Normalisering!$C$143:$H$143,$B$5) -> 0
A63: Verksamhetsel | B63: =INDEX(Normalisering!$C$144:$H$144,$B$5) -> 0
A64: El utanför systemgräns (t.ex. hiss) | B64: =INDEX(Normalisering!$C$145:$H$145,$B$5) -> 0
A66: Kontroll mot Gripens beräkning
A67: Jämför efter Beräkna i Gripen. Kräver samma energiindex i Byggnader C10 som Gripen använder.
A68: Energiprestandatal (kWh/m²,år) | B68: =INDEX(Resultat!$C$13:$H$13,$B$5)
A69: Byggnadens energianvändning (kWh/år) | B69: =INDEX(Resultat!$C$11:$H$11,$B$5) -> 0
A70: Byggnadens viktade energianvändning (kWh/år) | B70: =INDEX(Resultat!$C$12:$H$12,$B$5) -> 0
A71: Högsta Etal nya nollutsläppsbyggnader | B71: =INDEX(Resultat!$C$27:$H$27,$B$5)
A72: Högsta Etal befintliga nollutsläppsbyggnader | B72: =INDEX(Resultat!$C$28:$H$28,$B$5)
A73: Energiklass | B73: =INDEX(Resultat!$C$24:$H$24,$B$5)
A74: Energibehov för uppvärmning och kyla, ej klimatkorrigerat (kWh/år) | B74: =INDEX(Normalisering!$C$120:$H$120,$B$5)+INDEX(Normalisering!$C$140:$H$140,$B$5)+INDEX(Normalisering!$C$141:$H$141,$B$5) -> 0
A76: Underlag för normalisering av energivärde
A77: Parameter | B77: Faktisk användning/drift | C77: Kategoritypisk enligt BFS 2026:9 | D77: Har normalisering utförts? | E77: Påverkan kWh/m²,år | F77: Kommentar (förslag, redigera fritt)
A78: Innetemperatur uppvärmningssäsong (°C) | B78: =INDEX(Normalisering!$C$14:$H$14,$B$5) -> 21 | C78: =INDEX(Normalisering!$C$39:$H$39,$B$5) -> 0 | D78: =INDEX(Normalisering!$C$19:$H$19,$B$5) -> Ja | E78: =IFERROR(INDEX(Normalisering!$C$105:$H$105,$B$5)/$B$9,0) -> 0 | F78: =IF(ABS(B78-C78)<0.005,"Faktisk användning motsvarar kategoritypisk.",IF(D78="Ja","Normaliserat från "&FIXED(B78,1)&" till kategoritypiska "&FIXED(C78,1)&" °C. Påverkan "&FIXED(E78,1)&" kWh/m²,år.","Ej normaliserat, avvikelsen bedöms försumbar.")) -> Normaliserat från 21.0 till kategoritypiska 0.0 °C. Påverkan 0.0 kWh/m²,år.
A79: Årsmedelflöde uteluft (l/s,m² Atemp) | B79: =INDEX(Normalisering!$C$15:$H$15,$B$5) -> 0.35 | C79: =INDEX(Normalisering!$C$40:$H$40,$B$5) -> 0 | D79: =INDEX(Normalisering!$C$20:$H$20,$B$5) -> Ja | E79: =IFERROR(INDEX(Normalisering!$C$107:$H$107,$B$5)/$B$9,0) -> 0 | F79: =IF(ABS(B79-C79)<0.005,"Faktisk användning motsvarar kategoritypisk.",IF(D79="Ja","Normaliserat från "&FIXED(B79,2)&" till kategoritypiska "&FIXED(C79,2)&" l/s,m². Påverkan "&FIXED(E79,1)&" kWh/m²,år.","Ej normaliserat, avvikelsen bedöms försumbar.")) -> Normaliserat från 0.35 till kategoritypiska 0.00 l/s,m². Påverkan 0.0 kWh/m²,år.
A80: Genomsnittlig internlast (W/m² Atemp) | B80: =INDEX(Normalisering!$C$49:$H$49,$B$5) -> 0 | C80: =INDEX(Normalisering!$C$41:$H$41,$B$5) -> 0 | D80: =INDEX(Normalisering!$C$21:$H$21,$B$5) -> Ja | E80: =IFERROR(INDEX(Normalisering!$C$106:$H$106,$B$5)/$B$9,0) -> 0 | F80: =IF(ABS(B80-C80)<0.005,"Faktisk användning motsvarar kategoritypisk.",IF(D80="Ja","Normaliserat från "&FIXED(B80,2)&" till kategoritypiska "&FIXED(C80,2)&" W/m². Påverkan "&FIXED(E80,1)&" kWh/m²,år.","Ej normaliserat, avvikelsen bedöms försumbar.")) -> Faktisk användning motsvarar kategoritypisk.
A81: Energibehov för tappvarmvatten (kWh/m² Atemp,år) | B81: =INDEX(Normalisering!$C$52:$H$52,$B$5) -> 0 | C81: =INDEX(Normalisering!$C$42:$H$42,$B$5) -> 0 | D81: =INDEX(Normalisering!$C$22:$H$22,$B$5) -> Ja | E81: =IFERROR((INDEX(Normalisering!$C$132:$H$132,$B$5)-INDEX(Normalisering!$C$77:$H$77,$B$5))/$B$9,0) -> 0 | F81: =IF(ABS(B81-C81)<0.005,"Faktisk användning motsvarar kategoritypisk.",IF(D81="Ja","Normaliserat från "&FIXED(B81,1)&" till kategoritypiska "&FIXED(C81,1)&" kWh/m². Påverkan "&FIXED(E81,1)&" kWh/m²,år.","Ej normaliserat, avvikelsen bedöms försumbar.")) -> Faktisk användning motsvarar kategoritypisk.
A83: Kontroller och inspektioner, nominell effekt
A84: Leveransdata för fjärrvärme, hela värmecentralen (kW) | B84: =Besiktningsprotokoll!H30 -> 63.39
A85: Övrigt: W/m² × A-temp för denna byggnad (kW) | B85: =Besiktningsprotokoll!B28*$B$9/1000 -> #DIV/0!
A87: Rekommenderade åtgärder (aktiverade i åtgärdsflikarna)
A88: Åtgärd | B88: Aktiverad | C88: Besparing hela fastigheten kWh/år | D88: Besparing denna byggnad kWh/år | E88: Besparingskostnad kr/kWh
A89: ='Installera bergvärme'!A1 -> Bergvärme | B89: ='Installera bergvärme'!B2 -> Nej | C89: =Sammanfattning!N19 | D89: =IF(B89="Ja",IFERROR(C89*INDEX(Byggnader!$C$33:$H$33,$B$5),0),"") | E89: =IFERROR(IF(B89="Ja",'Installera bergvärme'!C43,""),"")
A90: ='Injustering av värmesystem'!A1 -> Injustering av värmesystem | B90: ='Injustering av värmesystem'!B2 -> Nej | C90: =Sammanfattning!N20 | D90: =IF(B90="Ja",IFERROR(C90*INDEX(Byggnader!$C$33:$H$33,$B$5),0),"") | E90: =IFERROR(IF(B90="Ja",'Injustering av värmesystem'!C43,""),"")
A91: ='Styrsystem för värme'!A1 -> Byte styrsystem för värme | B91: ='Styrsystem för värme'!B2 -> Nej | C91: =Sammanfattning!N21 | D91: =IF(B91="Ja",IFERROR(C91*INDEX(Byggnader!$C$33:$H$33,$B$5),0),"") | E91: =IFERROR(IF(B91="Ja",'Styrsystem för värme'!C43,""),"")
A92: ='Tilläggisolering av vindsbjälk'!A1 -> Tilläggisolering av vindbjälklaget | B92: ='Tilläggisolering av vindsbjälk'!B2 -> Nej | C92: =Sammanfattning!N22 | D92: =IF(B92="Ja",IFERROR(C92*INDEX(Byggnader!$C$33:$H$33,$B$5),0),"") | E92: =IFERROR(IF(B92="Ja",'Tilläggisolering av vindsbjälk'!C43,""),"")
A93: ='Byte fönster'!A1 -> Byte av fönster | B93: ='Byte fönster'!B2 -> Nej | C93: =Sammanfattning!N23 | D93: =IF(B93="Ja",IFERROR(C93*INDEX(Byggnader!$C$33:$H$33,$B$5),0),"") | E93: =IFERROR(IF(B93="Ja",'Byte fönster'!C43,""),"")
A94: ='Tilläggisol fasad'!A1 -> Tilläggisolering av fasader | B94: ='Tilläggisol fasad'!B2 -> Nej | C94: =Sammanfattning!N24 | D94: =IF(B94="Ja",IFERROR(C94*INDEX(Byggnader!$C$33:$H$33,$B$5),0),"") | E94: =IFERROR(IF(B94="Ja",'Tilläggisol fasad'!C43,""),"")
A95: ='Installation F-återvinning'!A1 -> Installation av frånluftsåtervinning | B95: ='Installation F-återvinning'!B2 -> Nej | C95: =Sammanfattning!N25 | D95: =IF(B95="Ja",IFERROR(C95*INDEX(Byggnader!$C$33:$H$33,$B$5),0),"") | E95: =IFERROR(IF(B95="Ja",'Installation F-återvinning'!C43,""),"")
A96: ='Installation av solceller'!A1 -> Installation av solceller på taket | B96: ='Installation av solceller'!B2 -> Nej | C96: =Sammanfattning!N26 | D96: =IF(B96="Ja",IFERROR(C96*INDEX(Byggnader!$C$33:$H$33,$B$5),0),"") | E96: =IFERROR(IF(B96="Ja",'Installation av solceller'!C43,""),"")
A97: ='Byte av pump'!A1 -> Byte av pump till tryckstyrd med bättre effektivitet | B97: ='Byte av pump'!B2 -> Nej | C97: =Sammanfattning!N27 | D97: =IF(B97="Ja",IFERROR(C97*INDEX(Byggnader!$C$33:$H$33,$B$5),0),"") | E97: =IFERROR(IF(B97="Ja",'Byte av pump'!C43,""),"")
A98: ='Byte av fläkt'!A1 -> Byte av fläktar till tryckstyrd med bättre effektivitet | B98: ='Byte av fläkt'!B2 -> Nej | C98: =Sammanfattning!N28 | D98: =IF(B98="Ja",IFERROR(C98*INDEX(Byggnader!$C$33:$H$33,$B$5),0),"") | E98: =IFERROR(IF(B98="Ja",'Byte av fläkt'!C43,""),"")
A99: ='Övrig åtgärd'!A1 -> Övrig åtgärd | B99: ='Övrig åtgärd'!B2 -> Nej | C99: =Sammanfattning!N29 | D99: =IF(B99="Ja",IFERROR(C99*INDEX(Byggnader!$C$33:$H$33,$B$5),0),"") | E99: =IFERROR(IF(B99="Ja",'Övrig åtgärd'!C43,""),"")
A100: Kriterier för nollutsläppsbyggnad (A0)
A101: Fossila bränslen förbränns på plats | B101: =INDEX(Resultat!$C$25:$H$25,$B$5)
A102: Energiprestandakriterium (befintlig byggnad) | B102: =INDEX(Resultat!$C$26:$H$26,$B$5)

Sheet Beräkningshjälp schabloner
A6: Beräkning U-värde
A7: U-bef | B7: 0.35
A8: R-värde tilläggsisolering | B8: 7
A9: Nytt U-värde | B9: =1/((1/B7)+B8) -> 0.10144928
A11: Beräkning bjälklagsförluster
A12: Antal våningar | B12: 4
A13: Antal bjälklag | B13: 5
A14: %fönsteryta | B14: 0.15
A15: U-värde vägg | B15: 0.4
A16: U-värde bjälklag | B16: 0.31
A17: Gradtimmar | B17: 100000
A18: Invändig bredd | B18: 10
A19: Invändig längd | B19: 30
A20: Förluster bjälklag kWh/m2 väggyta | B20: =B16*(B18+B19+B18+B19)*B13/(((B18+B19+B18+B19)*B12*2.7-B14*B18*B19*B12))*100000/1000 -> 18.128655
A23: Beräkning U-värde besparing
C24: Energianvändning | D24: Energianvändning/m2
A25: Gradtimmar Före | B25: 110000
A26: Gradtimmar Efter | B26: 100000
A27: Yta m2 | B27: 3679
A28: U-värde bef | B28: 0.35 | C28: =B28*B27*B25/1000 -> 141641.5 | D28: =C28/B27 -> 38.5
A29: U-värde nytt | B29: 0.1 | C29: =B29*B27*B26/1000 -> 36790 | D29: =C29/B27 -> 10
A30: Energibesparing/år | B30: =(B28*B27*B25/1000)-(B29*B27*B26/1000) -> 104851.5 | D30: =D28-D29 -> 28.5
A32: Beräkning injustering värmesystem/sänkning rumstemperatur
A34: Genomsnittstemperatur bef | B34: 22
A35: Genomsnittstemperatur ny | B35: 21
A36: Beräknad besparing/sänkt grad % | B36: 5 | C36: =(B34-B35)/100*B36 -> 0.05
A37: Energiförbrukning värme befintligt kWh/m2 | B37: =Normalisering!$I$89/Byggnader!$I$32 -> #DIV/0!
A38: Energiförbrukning värme ny kWh/m2 | B38: =B37-B37*C36 -> #DIV/0!
A39: Besparing kwh/m2 | B39: =B37-B38 -> #DIV/0!
A42: Beräkning Tryck/tempstyrning vent
A44: Luftflöde befintligt/m2 | B44: 0.35
A45: Minskning vid -20 | B45: 0.15
A46: Minskning vid -10 | B46: 0.1
A47: Minkning vid 0 | B47: 0.05
A53: Beräkning installation av frånluftsvärmepump
A55: Befintligt dimensionerat luftflöde L/s m2 | B55: 0.35
A56: Totalt luftflöde M3/s | B56: =Byggnader!$I$32*B55/1000 -> 0
A57: Avluftstemperatur | B57: 4
A58: Frånluftstemperatur | B58: 18
A59: Drifttid/år | B59: 5500
A60: Potentiell återvunnen energimängd | B60: =(B58-B57)*B56*1.2*1*5000 -> 0
A61: Beräknad värmefaktor | B61: 3.2
A62: Driftenergi värmepump | B62: =B60/B61 -> 0
A63: Extra driveffekt frånluftsfläktar kW | B63: 1
A64: Extra driftenergi fläktar | B64: =B63*8760 -> 8760
A68: Beräkning installation av solvärme
A69: Varmvatten sommarmånad | B69: =Normalisering!$I$53/12 -> 0
A70: Solfångararea | B70: 100
A71: Förväntad energi kwh/m2 | B71: 450
A72: Energiproduktion | B72: =B71*B70 -> 45000
A73: Drivenergi pump el kWh | B73: =1000 -> 1000
A74: Drivenergi styr el kWh | B74: 200
A78: Antal våningar | B78: 4
A79: Antal bjälklag | B79: 5
A80: %fönsteryta | B80: 0.15
A81: U-värde vägg | B81: 0.4
A82: U-värde bjälklag | B82: 0.31
A83: Gradtimmar | B83: 100000
A84: Invändig bredd | B84: 10
A85: Invändig längd | B85: 30
A88: Förluster bjälklag | B88: =B82*(B84+B85+B84+B85)*B79/(((B84+B85+B84+B85)*B78*2.7-B80*B84*B85*B78))*100000/1000 -> 18.128655
A91: Kulvertförluster
B92: Nya kWh/m år | C92: Gamla kWh/m år Före 1975
A93: DN 50 | B93: 240 | C93: 700
A94: DN 65 | B94: 270 | C94: 800
A95: DN 80 | B95: 285 | C95: 850
A96: DN 100 | B96: 300 | C96: 900

Sheet Nyckeltal
A2: Åtgärd | B2: kr/m2 A-temp | C2: kr/lgh | D2: kr/m2 | E2: kr | F2: kr/kW | G2: Kommentar
A3: Fasadisolering och ny puts | B3: 2400 | C3: 225000 | G3: 5-10 cm skiva och ny puts
A4: Fönsterbyte | B4: 1100 | C4: 61000 | G4: Avser plast billigaste alternativet
A5: FX återvinning utbyte | B5: 20000 | G5: Det finns sedan tidigare FX
A6: FX återvinning från scratch | B6: 35000 | G6: Avser total med nya batterier sugkamm och FX mot rad
A7: FTX lgh aggregat | C7: 80000 | G7: Nytt krydhylla aggregat med kanalsystem
A8: Ventilbyte och injustering värme | C8: 27000 | G8: Total injsutering nya ventiler med avgas och filter
A9: Installation solceller | F9: 17500 | G9: OBS: Värdet i F9 är kr/m2 solcellsyta, INTE kr/kW som kolumnrubriken (F2) anger för övriga rader.
A10: Installation IMD el | C10: 4500 | G10: ny elmätare kopplad till IMD
A11: Installation IMD VV | C11: 3500 | G11: två nya VV-mätare
A12: Tilläggisolering av vindsbjälklag 300 mm lösull | D12: 200 | G12: Enkelt vindsbjälklag
A13: Styrsystem för värme | C13: 2000 | E13: 100000 | G13: En st DUC i UC med tempgiv/lgh
A16: OBS: Manuell referenstabell | B16: Dessa nyckeltal är INTE kopplade till beräkningarna i åtgärdsflikarna. Flera åtgärdsflikar (t.ex. "Tilläggisol fasad" och "Byte fönster") har egna, mer detaljerade nyckeltal i kr/m2 fasadyta respektive fönsteryta - en annan enhet än kr/m2 A-temp här. Jämför manuellt vid behov och uppdatera båda ställena om marknadspriser ändras.

Sheet Energiprisfaktorer
B3: Fjärrvärme | C3: El
A4: Pris | B4: 1.15 | C4: 2
A5: Prishöjning/år bedömd | B5: 0.03 | C5: 0.04
A6: Kalkylränta | B6: 0.04
A7: UH kostnad årlig höjning | B7: 0.02

Sheet Installera bergvärme
A1: Bergvärme | C1: För känslighetsanalys tryck + ovan
A2: Ta med i sammanfattning? | B2: Nej | E2: Lönsamhetsgränser
C3: Kvantitet | D3: Enhet | E3: Känslighetsanalys
A4: Mängduppgift | C4: =Byggnader!$I$32 -> 0 | D4: m2 At
A5: Kalkylränta | C5: =Energiprisfaktorer!B6 -> 0.04 | D5: nominell | F5: Internränta
A6: Kalkylperiod | C6: 20 | D6: år | E6: =(D20-C20)/(C34+C22-D34-D22) -> #DIV/0! | F6: Pay-off utan ränta
A7: Unerhållskostnad prisutveckling per år | C7: =Energiprisfaktorer!B7 -> 0.02 | D7: =D5 -> nominell | I7: Investeringskalkyl
A8: Energislag | C8: Fjärrvärme | D8: kWh
A9: Energipris rörligt | C9: =Energiprisfaktorer!B4 -> 1.15 | D9: kr per kWh | I9: Nyckeltal invest kr/kW | K9: 20000
A10: Energiprisutveckling per år | C10: =Energiprisfaktorer!B5 -> 0.03 | D10: =D5 -> nominell | I10: Investeringskostnad | K10: =K9*J21*0.001 -> 0
A11: Energislag 2 | C11: El
A12: Energipris rörligt | C12: =Energiprisfaktorer!C4 -> 2 | D12: kr per kWh | I12: Beräkningar
A13: Energiprisutveckling per år | C13: =Energiprisfaktorer!C5 -> 0.04 | D13: =D5 -> nominell
A14: Energislag 3 | I14: Egen kalkyl förklaring
A15: Energipris rörligt | C15: 0.6 | D15: kr per kWh | I15: Installation av frånluftsåtervinning med värmepump. Befintligt frånluftssystem förses med återvinningsbatterier som kyler av frånluften från byggnaden. Värmen återvinns via värmepumpar och återförs byggnadens värmesystem.
A16: Energiprisutveckling per år | C16: 0.04 | D16: =D5 -> nominell
A17: <<<Om fler energislag: tryck +
I18: Egen kalkyl beräkning
C19: Före åtgärd | D19: Efter åtgärd | I19: Dimensionering nominell av värme | J19: 0.5
A20: Investeringskostnad kr | C20: 0 | D20: =K10 -> 0 | E20: =D20+C41-D41 -> #DIV/0! | F20: Investeringsgräns | I20: Värmeeffekt | J20: =Besiktningsprotokoll!B27 -> 0
I21: VP-effekt | J21: =J20*J19 -> 0
A22: Underhållskostnad kr per år | C22: 0 | D22: 0 | I22: Antaget COP | J22: 3.5
A23: Underhållskostnad, periodisk år 0 kr
A24: Underhållskostnad, periodisk år 10 kr
A25: Underhållskostnad, periodisk år 20 kr
A26: <<<Om fler uh-kostnader: tryck + | I26: Aktivt djup borrhål meter | J26: =J28/25 -> 0
I27: VP eleffekt | J27: =J21/(J22) -> 0
A28: Energianvändning kWh per mängdenhet och år | C28: =Normalisering!$I$89/'Installera bergvärme'!C4 -> #DIV/0! | D28: =(Normalisering!$I$89-'Installera bergvärme'!J30)/'Installera bergvärme'!C4 -> #DIV/0! | I28: VP kyleffekt | J28: =J21-J27 -> 0
A29: Energikostnad kr per år | C29: =C28*$C$4*$C$9 -> #DIV/0! | D29: =D28*$C$4*$C$9 -> #DIV/0! | I29: Drifttid | J29: 5000
A30: Energianvändning 2 kWh per mängdenhet och år | C30: =Mätdata!$D$68/'Installera bergvärme'!C4 -> #DIV/0! | D30: =(Mätdata!$D$68+'Installera bergvärme'!J31)/C4 -> #DIV/0! | I30: Årsprod kWh | J30: =J21*J29*0.001 -> 0
A31: Energikostnad 2 kr per år | C31: =C30*$C$4*$C$12 -> #DIV/0! | D31: =D30*$C$4*$C$12 -> #DIV/0! | I31: Årskons kWh | J31: =J27*J29*0.001 -> 0
A32: Energianvändning 3 kWh per mängdenhet och år
A33: Energikostnad 3 kr per år | C33: =C32*$C$4*$C$15 -> 0 | D33: =D32*$C$4*$C$15 -> 0
A34: Summa energikostnad kr per år | C34: =C29+C31+C33 -> #DIV/0! | D34: =D29+D31+D33 -> #DIV/0!
A35: Summa energianvändning kWh per år | C35: =(C28+C30+C32)*$C$4 -> #DIV/0! | D35: =(D28+D30+D32)*$C$4 -> #DIV/0!
A36: Energikostnad medelvärde kr per kWh | C36: =C34/C35 -> #DIV/0!
A37: <<<Om fler energislag: tryck +
A39: Summa nuvärde, investering och underhåll | C39: =C20-PV($C$5-$C$7,$C$6,C22)+C23+C24/(1+$C$5-$C$7)^10+C25/(1+$C$5-$C$7)^20 -> 0 | D39: =D20-PV($C$5-$C$7,$C$6,D22)+D23+D24/(1+$C$5-$C$7)^10+D25/(1+$C$5-$C$7)^20 -> 0
A40: Summa nuvärde, energikostnader | C40: =-PV($C$5-$C$10,$C$6,C29)-PV($C$5-$C$13,$C$6,C31)-PV($C$5-$C$16,$C$6,C33) -> #DIV/0! | D40: =-PV($C$5-$C$10,$C$6,D29)-PV($C$5-$C$13,$C$6,D31)-PV($C$5-$C$16,$C$6,D33) -> #DIV/0!
A41: Summa nuvärde, alla kostnader | C41: =C39+C40 -> #DIV/0! | D41: =D39+D40 -> #DIV/0!
C42: Differens: | D42: =C41-D41 -> #DIV/0!
A43: Besparingskostnad kr per kWh | C43: =(D39-C39)/(C40-D40)*C36 -> #DIV/0! | D43: =IF($D42>0,"LÖNSAMT","EJ LÖNSAMT") -> #DIV/0!
A44: Energikostnad (mv ) kr per kWh | C44: =C36 -> #DIV/0!
A47: Minskad användning av CO2 ton per år | D47: Ej beräknat

Sheet Injustering av värmesystem
A1: Injustering av värmesystem | C1: För känslighetsanalys tryck + ovan
A2: Ta med i sammanfattning? | B2: Nej | E2: Lönsamhetsgränser
C3: Kvantitet | D3: Enhet | E3: Känslighetsanalys
A4: Mängduppgift | C4: =Byggnader!$I$32 -> 0 | D4: m2 At
A5: Kalkylränta | C5: =Energiprisfaktorer!B6 -> 0.04 | D5: nominell | F5: Internränta
A6: Kalkylperiod | C6: 20 | D6: år | E6: =(D20-C20)/(C34+C22-D34-D22) -> #DIV/0! | F6: Pay-off utan ränta
A7: Unerhållskostnad prisutveckling per år | C7: =Energiprisfaktorer!B7 -> 0.02 | D7: =D5 -> nominell | I7: Investeringskalkyl
A8: Energislag | C8: Fjärrvärme | D8: kWh
A9: Energipris rörligt | C9: =Energiprisfaktorer!B4 -> 1.15 | D9: kr per kWh | I9: Beräknad besparing | K9: 0.1
A10: Energiprisutveckling per år | C10: =Energiprisfaktorer!B5 -> 0.03 | D10: =D5 -> nominell | I10: Investeringskostnad | K10: =J21*J20*J19 -> 0
A11: Energislag 2 | C11: El
A12: Energipris rörligt | C12: =Energiprisfaktorer!C4 -> 2 | D12: kr per kWh | I12: Beräkningar
A13: Energiprisutveckling per år | C13: =Energiprisfaktorer!C5 -> 0.04 | D13: =D5 -> nominell
A14: Energislag 3 | I14: Egen kalkyl förklaring
A15: Energipris rörligt | C15: 0.6 | D15: kr per kWh | I15: Injustering av värmesystemet för att uppnå en jämnare temperatur i byggnaden. Flöden till värmestammar och radiatorer injusteras för att avge rätt värmeeffekt. Värmebesparing uppnås genom en lägre genomsnittstemperatur och mindre vädring
A16: Energiprisutveckling per år | C16: 0.04 | D16: =D5 -> nominell
A17: <<<Om fler energislag: tryck +
I18: Egen kalkyl beräkning
C19: Före åtgärd | D19: Efter åtgärd | I19: Antal lgh | J19: =Byggnader!$I$18 -> 0
A20: Investeringskostnad kr | C20: 0 | D20: =K10 -> 0 | E20: =D20+C41-D41 -> #DIV/0! | F20: Investeringsgräns | I20: Rad/lgh | J20: 6
I21: Pris/rad | J21: 800
A22: Underhållskostnad kr per år | C22: 0 | D22: 0
A23: Underhållskostnad, periodisk år 0 kr
A24: Underhållskostnad, periodisk år 10 kr
A25: Underhållskostnad, periodisk år 20 kr
A26: <<<Om fler uh-kostnader: tryck +
A28: Energianvändning kWh per mängdenhet och år | C28: =Normalisering!$I$112/'Injustering av värmesystem'!C4 -> #DIV/0! | D28: =C28-K9*C28 -> #DIV/0!
A29: Energikostnad kr per år | C29: =C28*$C$4*$C$9 -> #DIV/0! | D29: =D28*$C$4*$C$9 -> #DIV/0!
A30: Energianvändning 2 kWh per mängdenhet och år | C30: =Normalisering!$I$113/'Injustering av värmesystem'!C4 -> #DIV/0! | D30: =C30-K9*C30 -> #DIV/0!
A31: Energikostnad 2 kr per år | C31: =C30*$C$4*$C$12 -> #DIV/0! | D31: =D30*$C$4*$C$12 -> #DIV/0!
A32: Energianvändning 3 kWh per mängdenhet och år
A33: Energikostnad 3 kr per år | C33: =C32*$C$4*$C$15 -> 0 | D33: =D32*$C$4*$C$15 -> 0
A34: Summa energikostnad kr per år | C34: =C29+C31+C33 -> #DIV/0! | D34: =D29+D31+D33 -> #DIV/0!
A35: Summa energianvändning kWh per år | C35: =(C28+C30+C32)*$C$4 -> #DIV/0! | D35: =(D28+D30+D32)*$C$4 -> #DIV/0!
A36: Energikostnad medelvärde kr per kWh | C36: =C34/C35 -> #DIV/0!
A37: <<<Om fler energislag: tryck +
A39: Summa nuvärde, investering och underhåll | C39: =C20-PV($C$5-$C$7,$C$6,C22)+C23+C24/(1+$C$5-$C$7)^10+C25/(1+$C$5-$C$7)^20 -> 0 | D39: =D20-PV($C$5-$C$7,$C$6,D22)+D23+D24/(1+$C$5-$C$7)^10+D25/(1+$C$5-$C$7)^20 -> 0
A40: Summa nuvärde, energikostnader | C40: =-PV($C$5-$C$10,$C$6,C29)-PV($C$5-$C$13,$C$6,C31)-PV($C$5-$C$16,$C$6,C33) -> #DIV/0! | D40: =-PV($C$5-$C$10,$C$6,D29)-PV($C$5-$C$13,$C$6,D31)-PV($C$5-$C$16,$C$6,D33) -> #DIV/0!
A41: Summa nuvärde, alla kostnader | C41: =C39+C40 -> #DIV/0! | D41: =D39+D40 -> #DIV/0!
C42: Differens: | D42: =C41-D41 -> #DIV/0!
A43: Besparingskostnad kr per kWh | C43: =(D39-C39)/(C40-D40)*C36 -> #DIV/0! | D43: =IF($D42>0,"LÖNSAMT","EJ LÖNSAMT") -> #DIV/0!
A44: Energikostnad (mv ) kr per kWh | C44: =C36 -> #DIV/0!
A47: Minskad användning av CO2 ton per år | D47: Ej beräknat

Sheet Styrsystem för värme
A1: Byte styrsystem för värme | C1: För känslighetsanalys tryck + ovan
A2: Ta med i sammanfattning? | B2: Nej | E2: Lönsamhetsgränser
C3: Kvantitet | D3: Enhet | E3: Känslighetsanalys
A4: Mängduppgift | C4: =Byggnader!$I$32 -> 0 | D4: m2 At
A5: Kalkylränta | C5: =Energiprisfaktorer!B6 -> 0.04 | D5: nominell | F5: Internränta
A6: Kalkylperiod | C6: 20 | D6: år | E6: =(D20-C20)/(C34+C22-D34-D22) -> #DIV/0! | F6: Pay-off utan ränta
A7: Unerhållskostnad prisutveckling per år | C7: =Energiprisfaktorer!B7 -> 0.02 | D7: =D5 -> nominell | I7: Investeringskalkyl
A8: Energislag | C8: Fjärrvärme | D8: kWh
A9: Energipris rörligt | C9: =Energiprisfaktorer!B4 -> 1.15 | D9: kr per kWh | I9: Beräknad besparing | K9: 0.1
A10: Energiprisutveckling per år | C10: =Energiprisfaktorer!B5 -> 0.03 | D10: =D5 -> nominell | I10: Investeringskostnad | K10: =55000+1500*Byggnader!$I$18 -> 55000
A11: Energislag 2 | C11: El
A12: Energipris rörligt | C12: =Energiprisfaktorer!C4 -> 2 | D12: kr per kWh | I12: Beräkningar
A13: Energiprisutveckling per år | C13: =Energiprisfaktorer!C5 -> 0.04 | D13: =D5 -> nominell
A14: Energislag 3 | I14: Egen kalkyl förklaring
A15: Energipris rörligt | C15: 0.6 | D15: kr per kWh | I15: Byte av styr och reglerutrustning för värmesystem. Befintligt styrsystem har endast utegivare för utstyrning av värme. Genom att sätta in en ny styrdator som även mäter inomhustemperatur kan värmeöverskottet som uppstår vid viss väderlek och årstid automatiskt besparas.
A16: Energiprisutveckling per år | C16: 0.04 | D16: =D5 -> nominell
A17: <<<Om fler energislag: tryck +
C19: Före åtgärd | D19: Efter åtgärd
A20: Investeringskostnad kr | C20: 0 | D20: =K10 -> 55000 | E20: =D20+C41-D41 -> #DIV/0! | F20: Investeringsgräns
A22: Underhållskostnad kr per år | C22: 0 | D22: 0
A23: Underhållskostnad, periodisk år 0 kr
A24: Underhållskostnad, periodisk år 10 kr
A25: Underhållskostnad, periodisk år 20 kr
A26: <<<Om fler uh-kostnader: tryck +
A28: Energianvändning kWh per mängdenhet och år | C28: =Normalisering!$I$89/Byggnader!$I$32 -> #DIV/0! | D28: =C28-K9*C28 -> #DIV/0!
A29: Energikostnad kr per år | C29: =C28*$C$4*$C$9 -> #DIV/0! | D29: =D28*$C$4*$C$9 -> #DIV/0!
A30: Energianvändning 2 kWh per mängdenhet och år
A31: Energikostnad 2 kr per år | C31: =C30*$C$4*$C$12 -> 0 | D31: =D30*$C$4*$C$12 -> 0
A32: Energianvändning 3 kWh per mängdenhet och år
A33: Energikostnad 3 kr per år | C33: =C32*$C$4*$C$15 -> 0 | D33: =D32*$C$4*$C$15 -> 0
A34: Summa energikostnad kr per år | C34: =C29+C31+C33 -> #DIV/0! | D34: =D29+D31+D33 -> #DIV/0!
A35: Summa energianvändning kWh per år | C35: =(C28+C30+C32)*$C$4 -> #DIV/0! | D35: =(D28+D30+D32)*$C$4 -> #DIV/0!
A36: Energikostnad medelvärde kr per kWh | C36: =C34/C35 -> #DIV/0!
A37: <<<Om fler energislag: tryck +
A39: Summa nuvärde, investering och underhåll | C39: =C20-PV($C$5-$C$7,$C$6,C22)+C23+C24/(1+$C$5-$C$7)^10+C25/(1+$C$5-$C$7)^20 -> 0 | D39: =D20-PV($C$5-$C$7,$C$6,D22)+D23+D24/(1+$C$5-$C$7)^10+D25/(1+$C$5-$C$7)^20 -> 55000
A40: Summa nuvärde, energikostnader | C40: =-PV($C$5-$C$10,$C$6,C29)-PV($C$5-$C$13,$C$6,C31)-PV($C$5-$C$16,$C$6,C33) -> #DIV/0! | D40: =-PV($C$5-$C$10,$C$6,D29)-PV($C$5-$C$13,$C$6,D31)-PV($C$5-$C$16,$C$6,D33) -> #DIV/0!
A41: Summa nuvärde, alla kostnader | C41: =C39+C40 -> #DIV/0! | D41: =D39+D40 -> #DIV/0!
C42: Differens: | D42: =C41-D41 -> #DIV/0!
A43: Besparingskostnad kr per kWh | C43: =(D39-C39)/(C40-D40)*C36 -> #DIV/0! | D43: =IF($D42>0,"LÖNSAMT","EJ LÖNSAMT") -> #DIV/0!
A44: Energikostnad (mv ) kr per kWh | C44: =C36 -> #DIV/0!
A47: Minskad användning av CO2 ton per år | D47: Ej beräknat

Sheet Tilläggisolering av vindsbjälk
A1: Tilläggisolering av vindbjälklaget | C1: För känslighetsanalys tryck + ovan
A2: Ta med i sammanfattning? | B2: Nej | E2: Lönsamhetsgränser
C3: Kvantitet | D3: Enhet | E3: Känslighetsanalys
A4: Mängduppgift | C4: =Byggnader!$I$32 -> 0 | D4: m2 At
A5: Kalkylränta | C5: =Energiprisfaktorer!B6 -> 0.04 | D5: nominell | F5: Internränta
A6: Kalkylperiod | C6: 20 | D6: år | E6: =(D20-C20)/(C34+C22-D34-D22) -> #DIV/0! | F6: Pay-off utan ränta
A7: Unerhållskostnad prisutveckling per år | C7: =Energiprisfaktorer!B7 -> 0.02 | D7: =D5 -> nominell | I7: Investeringskalkyl
A8: Energislag | C8: El | D8: kWh | I8: Nyckeltal investering/m2 | K8: 120
A9: Energipris rörligt | C9: =Energiprisfaktorer!C4 -> 2 | D9: kr per kWh | I9: Investeringskostnad | K9: =K8*K19 -> 14400
A10: Energiprisutveckling per år | C10: =Energiprisfaktorer!B5 -> 0.03 | D10: =D5 -> nominell | I10: Beräknad besparing kWh/år | K10: =K26-K27 -> 1848
A11: Energislag 2 | C11: Fjärrvärme
A12: Energipris rörligt | C12: =Energiprisfaktorer!B4 -> 1.15 | D12: kr per kWh | I12: Beräkningar
A13: Energiprisutveckling per år | C13: =Energiprisfaktorer!C5 -> 0.04 | D13: =D5 -> nominell
A14: Energislag 3 | I14: Egen kalkyl förklaring
A15: Energipris rörligt | C15: 0.6 | D15: kr per kWh | I15: Befintlig isolering är xx cm tjock. Det finns bra förutsättningar att tilläggisolera vindsbjälklaget med ytterliggare xx cm lösull. Därigenom kan man minska värmeläckaget genom vinden.
A16: Energiprisutveckling per år | C16: 0.04 | D16: =D5 -> nominell
A17: <<<Om fler energislag: tryck +
I18: Egen kalkyl beräkning
C19: Före åtgärd | D19: Efter åtgärd | I19: Takyta | K19: 120
A20: Investeringskostnad kr | C20: 0 | D20: =K9 -> 14400 | E20: =D20+C41-D41 -> #DIV/0! | F20: Investeringsgräns | I20: Bef U | K20: 0.25
I21: Nytt U | K21: 0.11
A22: Underhållskostnad kr per år | C22: 0 | D22: 0 | I22: Gradtimmar | K22: 110000 | L22: K-D 17 gränstemp
A23: Underhållskostnad, periodisk år 0 kr
A24: Underhållskostnad, periodisk år 10 kr
A25: Underhållskostnad, periodisk år 20 kr
A26: <<<Om fler uh-kostnader: tryck + | I26: Bef energi genom tak kWh/år | K26: =K19*K20*K22*0.001 -> 3300
I27: Ny energi genom tak kWh/år | K27: =K19*K21*K22*0.001 -> 1452
A28: Energianvändning kWh per mängdenhet och år | C28: 0 | D28: 0 | I28: Energibesparing | K28: =K26-K27 -> 1848
A29: Energikostnad kr per år | C29: =C28*$C$4*$C$9 -> 0 | D29: =D28*$C$4*$C$9 -> 0
A30: Energianvändning 2 kWh per mängdenhet och år | C30: =Normalisering!$I$112/(Byggnader!$I$32) -> #DIV/0! | D30: =(Normalisering!$I$112-K10)/(Byggnader!$I$32) -> #DIV/0!
A31: Energikostnad 2 kr per år | C31: =C30*$C$4*$C$12 -> #DIV/0! | D31: =D30*$C$4*$C$12 -> #DIV/0!
A32: Energianvändning 3 kWh per mängdenhet och år
A33: Energikostnad 3 kr per år | C33: =C32*$C$4*$C$15 -> 0 | D33: =D32*$C$4*$C$15 -> 0
A34: Summa energikostnad kr per år | C34: =C29+C31+C33 -> #DIV/0! | D34: =D29+D31+D33 -> #DIV/0!
A35: Summa energianvändning kWh per år | C35: =(C28+C30+C32)*$C$4 -> #DIV/0! | D35: =(D28+D30+D32)*$C$4 -> #DIV/0!
A36: Energikostnad medelvärde kr per kWh | C36: =C34/C35 -> #DIV/0!
A37: <<<Om fler energislag: tryck +
A39: Summa nuvärde, investering och underhåll | C39: =C20-PV($C$5-$C$7,$C$6,C22)+C23+C24/(1+$C$5-$C$7)^10+C25/(1+$C$5-$C$7)^20 -> 0 | D39: =D20-PV($C$5-$C$7,$C$6,D22)+D23+D24/(1+$C$5-$C$7)^10+D25/(1+$C$5-$C$7)^20 -> 14400
A40: Summa nuvärde, energikostnader | C40: =-PV($C$5-$C$10,$C$6,C29)-PV($C$5-$C$13,$C$6,C31)-PV($C$5-$C$16,$C$6,C33) -> #DIV/0! | D40: =-PV($C$5-$C$10,$C$6,D29)-PV($C$5-$C$13,$C$6,D31)-PV($C$5-$C$16,$C$6,D33) -> #DIV/0!
A41: Summa nuvärde, alla kostnader | C41: =C39+C40 -> #DIV/0! | D41: =D39+D40 -> #DIV/0!
C42: Differens: | D42: =C41-D41 -> #DIV/0!
A43: Besparingskostnad kr per kWh | C43: =(D39-C39)/(C40-D40)*C36 -> #DIV/0! | D43: =IF($D42>0,"LÖNSAMT","EJ LÖNSAMT") -> #DIV/0!
A44: Energikostnad (mv ) kr per kWh | C44: =C36 -> #DIV/0!
A47: Minskad användning av CO2 ton per år | D47: Ej beräknat

Sheet Byte fönster
A1: Byte av fönster | C1: För känslighetsanalys tryck + ovan
A2: Ta med i sammanfattning? | B2: Nej | E2: Lönsamhetsgränser
C3: Kvantitet | D3: Enhet | E3: Känslighetsanalys
A4: Mängduppgift | C4: =Byggnader!$I$32 -> 0 | D4: m2 At
A5: Kalkylränta | C5: =Energiprisfaktorer!B6 -> 0.04 | D5: nominell | F5: Internränta
A6: Kalkylperiod | C6: 20 | D6: år | E6: =(D20-C20)/(C34+C22-D34-D22) -> #DIV/0! | F6: Pay-off utan ränta
A7: Unerhållskostnad prisutveckling per år | C7: =Energiprisfaktorer!B7 -> 0.02 | D7: =D5 -> nominell | I7: Investeringskalkyl
A8: Energislag | C8: El | D8: kWh
A9: Energipris rörligt | C9: =Energiprisfaktorer!C4 -> 2 | D9: kr per kWh | I9: Beräknad besparing kWh/år | K9: =K24-K25 -> 11000
A10: Energiprisutveckling per år | C10: =Energiprisfaktorer!B5 -> 0.03 | D10: =D5 -> nominell | I10: Nyckeltal kr/m2 fönster | K10: 6500
A11: Energislag 2 | C11: Fjärrvärme | I11: Investeringskostnad | K11: =K10*K20*K19 -> 325000
A12: Energipris rörligt | C12: =Energiprisfaktorer!B4 -> 1.15 | D12: kr per kWh | I12: Beräkningar
A13: Energiprisutveckling per år | C13: =Energiprisfaktorer!C5 -> 0.04 | D13: =D5 -> nominell
A14: Energislag 3 | I14: Egen kalkyl förklaring
A15: Energipris rörligt | C15: 0.6 | D15: kr per kWh | I15: Byte av fönster
A16: Energiprisutveckling per år | C16: 0.04 | D16: =D5 -> nominell
A17: <<<Om fler energislag: tryck +
I18: Egen kalkyl beräkning
C19: Före åtgärd | D19: Efter åtgärd | I19: Fasadyta exkl fönster | K19: 200
A20: Investeringskostnad kr | C20: 0 | D20: =K11 -> 325000 | E20: =D20+C41-D41 -> #DIV/0! | F20: Investeringsgräns | I20: Fönster % | K20: 0.25
I21: Bef U | K21: 3
A22: Underhållskostnad kr per år | C22: 0 | D22: 0 | I22: Nytt U | K22: 1
A23: Underhållskostnad, periodisk år 0 kr | I23: Gradtimmar | K23: 110000 | L23: K-D 17 gränstemp
A24: Underhållskostnad, periodisk år 10 kr | I24: Bef energi fönster kWh/år | K24: =(K19*K20)*K21*K23*0.001 -> 16500
A25: Underhållskostnad, periodisk år 20 kr | I25: Ny energi fönster kWh/år | K25: =(K19*K20)*K22*K23*0.001 -> 5500
A26: <<<Om fler uh-kostnader: tryck + | I26: Energibesparing | K26: =K24-K25 -> 11000
A28: Energianvändning kWh per mängdenhet och år | C28: 0 | D28: 0
A29: Energikostnad kr per år | C29: =C28*$C$4*$C$9 -> 0 | D29: =D28*$C$4*$C$9 -> 0
A30: Energianvändning 2 kWh per mängdenhet och år | C30: =Normalisering!$I$112/'Byte fönster'!C4 -> #DIV/0! | D30: =(Normalisering!$I$112-K26)/'Byte fönster'!C4 -> #DIV/0!
A31: Energikostnad 2 kr per år | C31: =C30*$C$4*$C$12 -> #DIV/0! | D31: =D30*$C$4*$C$12 -> #DIV/0!
A32: Energianvändning 3 kWh per mängdenhet och år
A33: Energikostnad 3 kr per år | C33: =C32*$C$4*$C$15 -> 0 | D33: =D32*$C$4*$C$15 -> 0
A34: Summa energikostnad kr per år | C34: =C29+C31+C33 -> #DIV/0! | D34: =D29+D31+D33 -> #DIV/0!
A35: Summa energianvändning kWh per år | C35: =(C28+C30+C32)*$C$4 -> #DIV/0! | D35: =(D28+D30+D32)*$C$4 -> #DIV/0!
A36: Energikostnad medelvärde kr per kWh | C36: =C34/C35 -> #DIV/0!
A37: <<<Om fler energislag: tryck +
A39: Summa nuvärde, investering och underhåll | C39: =C20-PV($C$5-$C$7,$C$6,C22)+C23+C24/(1+$C$5-$C$7)^10+C25/(1+$C$5-$C$7)^20 -> 0 | D39: =D20-PV($C$5-$C$7,$C$6,D22)+D23+D24/(1+$C$5-$C$7)^10+D25/(1+$C$5-$C$7)^20 -> 325000
A40: Summa nuvärde, energikostnader | C40: =-PV($C$5-$C$10,$C$6,C29)-PV($C$5-$C$13,$C$6,C31)-PV($C$5-$C$16,$C$6,C33) -> #DIV/0! | D40: =-PV($C$5-$C$10,$C$6,D29)-PV($C$5-$C$13,$C$6,D31)-PV($C$5-$C$16,$C$6,D33) -> #DIV/0!
A41: Summa nuvärde, alla kostnader | C41: =C39+C40 -> #DIV/0! | D41: =D39+D40 -> #DIV/0!
C42: Differens: | D42: =C41-D41 -> #DIV/0!
A43: Besparingskostnad kr per kWh | C43: =(D39-C39)/(C40-D40)*C36 -> #DIV/0! | D43: =IF($D42>0,"LÖNSAMT","EJ LÖNSAMT") -> #DIV/0!
A44: Energikostnad (mv ) kr per kWh | C44: =C36 -> #DIV/0!
A47: Minskad användning av CO2 ton per år | D47: Ej beräknat

Sheet Tilläggisol fasad
A1: Tilläggisolering av fasader | C1: För känslighetsanalys tryck + ovan
A2: Ta med i sammanfattning? | B2: Nej | E2: Lönsamhetsgränser
C3: Kvantitet | D3: Enhet | E3: Känslighetsanalys
A4: Mängduppgift | C4: =Byggnader!$I$32 -> 0 | D4: m2 At
A5: Kalkylränta | C5: =Energiprisfaktorer!B6 -> 0.04 | D5: nominell | F5: Internränta
A6: Kalkylperiod | C6: 20 | D6: år | E6: =(D20-C20)/(C34+C22-D34-D22) -> #DIV/0! | F6: Pay-off utan ränta
A7: Unerhållskostnad prisutveckling per år | C7: =Energiprisfaktorer!B7 -> 0.02 | D7: =D5 -> nominell | I7: Investeringskalkyl
A8: Energislag | C8: El | D8: kWh
A9: Energipris rörligt | C9: =Energiprisfaktorer!C4 -> 2 | D9: kr per kWh | I9: Beräknad besparing kWh/år | K9: =K24-K25 -> 71280
A10: Energiprisutveckling per år | C10: =Energiprisfaktorer!B5 -> 0.03 | D10: =D5 -> nominell | I10: Nyckeltal kr/m2 fasad | K10: 1500
A11: Energislag 2 | C11: Fjärrvärme | I11: Investeringskostnad | K11: =K10*K19 -> 2160000
A12: Energipris rörligt | C12: =Energiprisfaktorer!B4 -> 1.15 | D12: kr per kWh | I12: Beräkningar
A13: Energiprisutveckling per år | C13: =Energiprisfaktorer!C5 -> 0.04 | D13: =D5 -> nominell
A14: Energislag 3 | I14: Egen kalkyl förklaring
A15: Energipris rörligt | C15: 0.6 | D15: kr per kWh | I15: Tilläggisolera fasaden med
A16: Energiprisutveckling per år | C16: 0.04 | D16: =D5 -> nominell
A17: <<<Om fler energislag: tryck +
I18: Egen kalkyl beräkning
C19: Före åtgärd | D19: Efter åtgärd | I19: Fasadyta exkl fönster | K19: =90*8*2 -> 1440
A20: Investeringskostnad kr | C20: 0 | D20: =K11 -> 2160000 | E20: =D20+C41-D41 -> #DIV/0! | F20: Investeringsgräns | I20: Fönster % | K20: 0.25
I21: Bef U | K21: 0.8
A22: Underhållskostnad kr per år | C22: 0 | D22: 0 | I22: Nytt U | K22: 0.2
A23: Underhållskostnad, periodisk år 0 kr | I23: Gradtimmar | K23: 110000 | L23: K-D 17 gränstemp
A24: Underhållskostnad, periodisk år 10 kr | I24: Bef energi fasad kWh/år | K24: =(K19-(K19*K20))*K21*K23*0.001 -> 95040
A25: Underhållskostnad, periodisk år 20 kr | I25: Ny energi fasad kWh/år | K25: =(K19-(K19*K20))*K22*K23*0.001 -> 23760
A26: <<<Om fler uh-kostnader: tryck + | I26: Energibesparing | K26: =K24-K25 -> 71280
A28: Energianvändning kWh per mängdenhet och år | C28: 0 | D28: 0
A29: Energikostnad kr per år | C29: =C28*$C$4*$C$9 -> 0 | D29: =D28*$C$4*$C$9 -> 0
A30: Energianvändning 2 kWh per mängdenhet och år | C30: =Normalisering!$I$112/(Byggnader!$I$32) -> #DIV/0! | D30: =(Normalisering!$I$112-K9)/(Byggnader!$I$32) -> #DIV/0!
A31: Energikostnad 2 kr per år | C31: =C30*$C$4*$C$12 -> #DIV/0! | D31: =D30*$C$4*$C$12 -> #DIV/0!
A32: Energianvändning 3 kWh per mängdenhet och år
A33: Energikostnad 3 kr per år | C33: =C32*$C$4*$C$15 -> 0 | D33: =D32*$C$4*$C$15 -> 0
A34: Summa energikostnad kr per år | C34: =C29+C31+C33 -> #DIV/0! | D34: =D29+D31+D33 -> #DIV/0!
A35: Summa energianvändning kWh per år | C35: =(C28+C30+C32)*$C$4 -> #DIV/0! | D35: =(D28+D30+D32)*$C$4 -> #DIV/0!
A36: Energikostnad medelvärde kr per kWh | C36: =C34/C35 -> #DIV/0!
A37: <<<Om fler energislag: tryck +
A39: Summa nuvärde, investering och underhåll | C39: =C20-PV($C$5-$C$7,$C$6,C22)+C23+C24/(1+$C$5-$C$7)^10+C25/(1+$C$5-$C$7)^20 -> 0 | D39: =D20-PV($C$5-$C$7,$C$6,D22)+D23+D24/(1+$C$5-$C$7)^10+D25/(1+$C$5-$C$7)^20 -> 2160000
A40: Summa nuvärde, energikostnader | C40: =-PV($C$5-$C$10,$C$6,C29)-PV($C$5-$C$13,$C$6,C31)-PV($C$5-$C$16,$C$6,C33) -> #DIV/0! | D40: =-PV($C$5-$C$10,$C$6,D29)-PV($C$5-$C$13,$C$6,D31)-PV($C$5-$C$16,$C$6,D33) -> #DIV/0!
A41: Summa nuvärde, alla kostnader | C41: =C39+C40 -> #DIV/0! | D41: =D39+D40 -> #DIV/0!
C42: Differens: | D42: =C41-D41 -> #DIV/0!
A43: Besparingskostnad kr per kWh | C43: =(D39-C39)/(C40-D40)*C36 -> #DIV/0! | D43: =IF($D42>0,"LÖNSAMT","EJ LÖNSAMT") -> #DIV/0!
A44: Energikostnad (mv ) kr per kWh | C44: =C36 -> #DIV/0!
A47: Minskad användning av CO2 ton per år | D47: Ej beräknat

Sheet Installation F-återvinning
A1: Installation av frånluftsåtervinning | C1: För känslighetsanalys tryck + ovan
A2: Ta med i sammanfattning? | B2: Nej | E2: Lönsamhetsgränser
C3: Kvantitet | D3: Enhet | E3: Känslighetsanalys
A4: Mängduppgift | C4: =Byggnader!$I$32 -> 0 | D4: m2 At
A5: Kalkylränta | C5: =Energiprisfaktorer!B6 -> 0.04 | D5: nominell | F5: Internränta
A6: Kalkylperiod | C6: 20 | D6: år | E6: =(D20-C20)/(C34+C22-D34-D22) -> #DIV/0! | F6: Pay-off utan ränta
A7: Unerhållskostnad prisutveckling per år | C7: =Energiprisfaktorer!B7 -> 0.02 | D7: =D5 -> nominell | I7: Investeringskalkyl
A8: Energislag | C8: Fjärrvärme | D8: kWh
A9: Energipris rörligt | C9: =Energiprisfaktorer!B4 -> 1.15 | D9: kr per kWh | I9: Nyckeltal invest kr/kW | K9: 30000
A10: Energiprisutveckling per år | C10: =Energiprisfaktorer!B5 -> 0.03 | D10: =D5 -> nominell | I10: Investeringskostnad | K10: =J27*K9 -> 0
A11: Energislag 2 | C11: El
A12: Energipris rörligt | C12: =Energiprisfaktorer!C4 -> 2 | D12: kr per kWh | I12: Beräkningar
A13: Energiprisutveckling per år | C13: =Energiprisfaktorer!C5 -> 0.04 | D13: =D5 -> nominell
A14: Energislag 3 | I14: Egen kalkyl förklaring
A15: Energipris rörligt | C15: 0.6 | D15: kr per kWh | I15: Installation av frånluftsåtervinning med värmepump. Befintligt frånluftssystem förses med återvinningsbatterier som kyler av frånluften från byggnaden. Värmen återvinns via värmepumpar och återförs byggnadens värmesystem.
A16: Energiprisutveckling per år | C16: 0.04 | D16: =D5 -> nominell
A17: <<<Om fler energislag: tryck +
I18: Egen kalkyl beräkning
C19: Före åtgärd | D19: Efter åtgärd | I19: Luftflöde m3/s | J19: =0.35*C4*0.001 -> 0
A20: Investeringskostnad kr | C20: 0 | D20: =K10 -> 0 | E20: =D20+C41-D41 -> #DIV/0! | F20: Investeringsgräns | I20: Avkylning grader | J20: 15
I21: Kyleffekt kW | J21: =1.2*J20*J19 -> 0
A22: Underhållskostnad kr per år | C22: 0 | D22: 0 | I22: Scop VP antagen | J22: 3.5
A23: Underhållskostnad, periodisk år 0 kr
A24: Underhållskostnad, periodisk år 10 kr
A25: Underhållskostnad, periodisk år 20 kr
A26: <<<Om fler uh-kostnader: tryck + | I26: Komp effekt | J26: =J21/(J22-1) -> 0
I27: Vp effekt | J27: =J26+J21 -> 0
A28: Energianvändning kWh per mängdenhet och år | C28: =Normalisering!$I$89/Byggnader!$I$32 -> #DIV/0! | D28: =(Normalisering!$I$89-J29)/Byggnader!$I$32 -> #DIV/0! | I28: Antagen drifttid | J28: 6000 | K28: Värmedrift | L28: 5500 h/år | N28: Värme+VV drift | P28: 7000 h/år
A29: Energikostnad kr per år | C29: =C28*$C$4*$C$9 -> #DIV/0! | D29: =D28*$C$4*$C$9 -> #DIV/0! | I29: Minskad värme/år kWh | J29: =J28*J27 -> 0
A30: Energianvändning 2 kWh per mängdenhet och år | C30: =Mätdata!$D$68/'Installation F-återvinning'!C4 -> #DIV/0! | D30: =(Mätdata!$D$68+J30)/'Installation F-återvinning'!C4 -> #DIV/0! | I30: Ökad el/år kWh | J30: =J28*J26 -> 0
A31: Energikostnad 2 kr per år | C31: =C30*$C$4*$C$12 -> #DIV/0! | D31: =D30*$C$4*$C$12 -> #DIV/0!
A32: Energianvändning 3 kWh per mängdenhet och år
A33: Energikostnad 3 kr per år | C33: =C32*$C$4*$C$15 -> 0 | D33: =D32*$C$4*$C$15 -> 0
A34: Summa energikostnad kr per år | C34: =C29+C31+C33 -> #DIV/0! | D34: =D29+D31+D33 -> #DIV/0!
A35: Summa energianvändning kWh per år | C35: =(C28+C30+C32)*$C$4 -> #DIV/0! | D35: =(D28+D30+D32)*$C$4 -> #DIV/0!
A36: Energikostnad medelvärde kr per kWh | C36: =C34/C35 -> #DIV/0!
A37: <<<Om fler energislag: tryck +
A39: Summa nuvärde, investering och underhåll | C39: =C20-PV($C$5-$C$7,$C$6,C22)+C23+C24/(1+$C$5-$C$7)^10+C25/(1+$C$5-$C$7)^20 -> 0 | D39: =D20-PV($C$5-$C$7,$C$6,D22)+D23+D24/(1+$C$5-$C$7)^10+D25/(1+$C$5-$C$7)^20 -> 0
A40: Summa nuvärde, energikostnader | C40: =-PV($C$5-$C$10,$C$6,C29)-PV($C$5-$C$13,$C$6,C31)-PV($C$5-$C$16,$C$6,C33) -> #DIV/0! | D40: =-PV($C$5-$C$10,$C$6,D29)-PV($C$5-$C$13,$C$6,D31)-PV($C$5-$C$16,$C$6,D33) -> #DIV/0!
A41: Summa nuvärde, alla kostnader | C41: =C39+C40 -> #DIV/0! | D41: =D39+D40 -> #DIV/0!
C42: Differens: | D42: =C41-D41 -> #DIV/0!
A43: Besparingskostnad kr per kWh | C43: =(D39-C39)/(C40-D40)*C36 -> #DIV/0! | D43: =IF($D42>0,"LÖNSAMT","EJ LÖNSAMT") -> #DIV/0!
A44: Energikostnad (mv ) kr per kWh | C44: =C36 -> #DIV/0!
A47: Minskad användning av CO2 ton per år | D47: Ej beräknat

Sheet Installation av solceller
A1: Installation av solceller på taket | C1: För känslighetsanalys tryck + ovan
A2: Ta med i sammanfattning? | B2: Nej | E2: Lönsamhetsgränser
C3: Kvantitet | D3: Enhet | E3: Känslighetsanalys
A4: Mängduppgift | C4: =Byggnader!$I$32 -> 0 | D4: m2 At
A5: Kalkylränta | C5: =Energiprisfaktorer!B6 -> 0.04 | D5: nominell | F5: Internränta
A6: Kalkylperiod | C6: 20 | D6: år | E6: =(D20-C20)/(C34+C22-D34-D22) -> #DIV/0! | F6: Pay-off utan ränta
A7: Unerhållskostnad prisutveckling per år | C7: =Energiprisfaktorer!B7 -> 0.02 | D7: =D5 -> nominell | I7: Investeringskalkyl
A8: Energislag | C8: Fjärrvärme | D8: kWh
A9: Energipris rörligt | C9: =Energiprisfaktorer!B4 -> 1.15 | D9: kr per kWh | I9: Beräknad besparing kWh/år | K9: =K26-K27 -> 0
A10: Energiprisutveckling per år | C10: =Energiprisfaktorer!B5 -> 0.03 | D10: =D5 -> nominell | I10: Investeringskostnad | K10: =2500*K19 -> 50000
A11: Energislag 2 | C11: El
A12: Energipris rörligt | C12: =Energiprisfaktorer!C4 -> 2 | D12: kr per kWh | I12: Beräkningar
A13: Energiprisutveckling per år | C13: =Energiprisfaktorer!C5 -> 0.04 | D13: =D5 -> nominell
A14: Energislag 3 | I14: Egen kalkyl förklaring
A15: Energipris rörligt | C15: 0.6 | D15: kr per kWh | I15: Installera solceller på taket
A16: Energiprisutveckling per år | C16: 0.04 | D16: =D5 -> nominell
A17: <<<Om fler energislag: tryck +
I18: Egen kalkyl beräkning
C19: Före åtgärd | D19: Efter åtgärd | I19: Solcellsyta | K19: 20
A20: Investeringskostnad kr | C20: 0 | D20: =K10 -> 50000 | E20: =D20+C41-D41 -> #DIV/0! | F20: Investeringsgräns | I20: Beräknad m2 produktion | K20: 150 | L20: 130 lågt 180 högt beronde på läge lutning verkningsgrad paneler
I21: Produktion | K21: =K20*K19 -> 3000
A22: Underhållskostnad kr per år | C22: 0 | D22: 0 | I22: Varav fastighetsel tillgodo % | K22: 0.5
A23: Underhållskostnad, periodisk år 0 kr
A24: Underhållskostnad, periodisk år 10 kr
A25: Underhållskostnad, periodisk år 20 kr
A26: <<<Om fler uh-kostnader: tryck +
A28: Energianvändning kWh per mängdenhet och år | C28: =Normalisering!$I$89/Byggnader!$I$32 -> #DIV/0! | D28: =(Normalisering!$I$89-K9)/Byggnader!$I$32 -> #DIV/0!
A29: Energikostnad kr per år | C29: =C28*$C$4*$C$9 -> #DIV/0! | D29: =D28*$C$4*$C$9 -> #DIV/0!
A30: Energianvändning 2 kWh per mängdenhet och år | C30: =Mätdata!$D$70/'Installation av solceller'!C4 -> #DIV/0! | D30: =(Mätdata!$D$70-K21)/'Installation av solceller'!C4 -> #DIV/0!
A31: Energikostnad 2 kr per år | C31: =C30*$C$4*$C$12 -> #DIV/0! | D31: =D30*$C$4*$C$12 -> #DIV/0!
A32: Energianvändning 3 kWh per mängdenhet och år
A33: Energikostnad 3 kr per år | C33: =C32*$C$4*$C$15 -> 0 | D33: =D32*$C$4*$C$15 -> 0
A34: Summa energikostnad kr per år | C34: =C29+C31+C33 -> #DIV/0! | D34: =D29+D31+D33 -> #DIV/0!
A35: Summa energianvändning kWh per år | C35: =(C28+C30+C32)*$C$4 -> #DIV/0! | D35: =(D28+D30+D32)*$C$4 -> #DIV/0!
A36: Energikostnad medelvärde kr per kWh | C36: =C34/C35 -> #DIV/0!
A37: <<<Om fler energislag: tryck +
A39: Summa nuvärde, investering och underhåll | C39: =C20-PV($C$5-$C$7,$C$6,C22)+C23+C24/(1+$C$5-$C$7)^10+C25/(1+$C$5-$C$7)^20 -> 0 | D39: =D20-PV($C$5-$C$7,$C$6,D22)+D23+D24/(1+$C$5-$C$7)^10+D25/(1+$C$5-$C$7)^20 -> 50000
A40: Summa nuvärde, energikostnader | C40: =-PV($C$5-$C$10,$C$6,C29)-PV($C$5-$C$13,$C$6,C31)-PV($C$5-$C$16,$C$6,C33) -> #DIV/0! | D40: =-PV($C$5-$C$10,$C$6,D29)-PV($C$5-$C$13,$C$6,D31)-PV($C$5-$C$16,$C$6,D33) -> #DIV/0!
A41: Summa nuvärde, alla kostnader | C41: =C39+C40 -> #DIV/0! | D41: =D39+D40 -> #DIV/0!
C42: Differens: | D42: =C41-D41 -> #DIV/0!
A43: Besparingskostnad kr per kWh | C43: =(D39-C39)/(C40-D40)*C36 -> #DIV/0! | D43: =IF($D42>0,"LÖNSAMT","EJ LÖNSAMT") -> #DIV/0!
A44: Energikostnad (mv ) kr per kWh | C44: =C36 -> #DIV/0!
A47: Minskad användning av CO2 ton per år | D47: Ej beräknat

Sheet Byte av pump
A1: Byte av pump till tryckstyrd med bättre effektivitet | C1: För känslighetsanalys tryck + ovan
A2: Ta med i sammanfattning? | B2: Nej | E2: Lönsamhetsgränser
C3: Kvantitet | D3: Enhet | E3: Känslighetsanalys
A4: Mängduppgift | C4: =Byggnader!$I$32 -> 0 | D4: m2 At
A5: Kalkylränta | C5: =Energiprisfaktorer!B6 -> 0.04 | D5: nominell | F5: Internränta
A6: Kalkylperiod | C6: 20 | D6: år | E6: =(D20-C20)/(C34+C22-D34-D22) -> #DIV/0! | F6: Pay-off utan ränta
A7: Unerhållskostnad prisutveckling per år | C7: =Energiprisfaktorer!B7 -> 0.02 | D7: =D5 -> nominell | I7: Investeringskalkyl
A8: Energislag | C8: Fjärrvärme | D8: kWh
A9: Energipris rörligt | C9: =Energiprisfaktorer!B4 -> 1.15 | D9: kr per kWh
A10: Energiprisutveckling per år | C10: =Energiprisfaktorer!B5 -> 0.03 | D10: =D5 -> nominell | I10: Investeringskostnad | K10: 10000
A11: Energislag 2 | C11: El
A12: Energipris rörligt | C12: =Energiprisfaktorer!C4 -> 2 | D12: kr per kWh | I12: Beräkningar
A13: Energiprisutveckling per år | C13: =Energiprisfaktorer!C5 -> 0.04 | D13: =D5 -> nominell
A14: Energislag 3 | I14: Egen kalkyl förklaring
A15: Energipris rörligt | C15: 0.6 | D15: kr per kWh | I15: Byte av cirkulationspumpar till nya tryckreglerade med bättre energieffektivitet.
A16: Energiprisutveckling per år | C16: 0.04 | D16: =D5 -> nominell
A17: <<<Om fler energislag: tryck +
I18: Egen kalkyl beräkning
C19: Före åtgärd | D19: Efter åtgärd | I19: Effekt befintliga pumpar kW | J19: =Besiktningsprotokoll!B111+Besiktningsprotokoll!B112 -> 0.275
A20: Investeringskostnad kr | C20: 0 | D20: =K10 -> 10000 | E20: =D20+C41-D41 -> #DIV/0! | F20: Investeringsgräns | I20: Drifttid h per år | J20: 8760
I21: Bef energiförbrukning kWh/år | J21: =J19*J20 -> 2409
A22: Underhållskostnad kr per år | C22: 0 | D22: 0 | I22: Effekt nya pumpar kW | J22: =0.5*J19 -> 0.1375
A23: Underhållskostnad, periodisk år 0 kr
A24: Underhållskostnad, periodisk år 10 kr
A25: Underhållskostnad, periodisk år 20 kr
A26: <<<Om fler uh-kostnader: tryck + | I26: Drifttid per år | J26: 8760
I27: Ny energiförbrukning | J27: =J22*J26 -> 1204.5
A28: Energianvändning kWh per mängdenhet och år | C28: =Normalisering!$I$89/Byggnader!$I$32 -> #DIV/0! | D28: =(Normalisering!$I$89-J29)/Byggnader!$I$32 -> #DIV/0! | I28: Årlig energibesparing | J28: =J21-J27 -> 1204.5
A29: Energikostnad kr per år | C29: =C28*$C$4*$C$9 -> #DIV/0! | D29: =D28*$C$4*$C$9 -> #DIV/0!
A30: Energianvändning 2 kWh per mängdenhet och år | C30: =J21/C4 -> #DIV/0! | D30: =J27/C4 -> #DIV/0!
A31: Energikostnad 2 kr per år | C31: =C30*$C$4*$C$12 -> #DIV/0! | D31: =D30*$C$4*$C$12 -> #DIV/0!
A32: Energianvändning 3 kWh per mängdenhet och år
A33: Energikostnad 3 kr per år | C33: =C32*$C$4*$C$15 -> 0 | D33: =D32*$C$4*$C$15 -> 0
A34: Summa energikostnad kr per år | C34: =C29+C31+C33 -> #DIV/0! | D34: =D29+D31+D33 -> #DIV/0!
A35: Summa energianvändning kWh per år | C35: =(C28+C30+C32)*$C$4 -> #DIV/0! | D35: =(D28+D30+D32)*$C$4 -> #DIV/0!
A36: Energikostnad medelvärde kr per kWh | C36: =C34/C35 -> #DIV/0!
A37: <<<Om fler energislag: tryck +
A39: Summa nuvärde, investering och underhåll | C39: =C20-PV($C$5-$C$7,$C$6,C22)+C23+C24/(1+$C$5-$C$7)^10+C25/(1+$C$5-$C$7)^20 -> 0 | D39: =D20-PV($C$5-$C$7,$C$6,D22)+D23+D24/(1+$C$5-$C$7)^10+D25/(1+$C$5-$C$7)^20 -> 10000
A40: Summa nuvärde, energikostnader | C40: =-PV($C$5-$C$10,$C$6,C29)-PV($C$5-$C$13,$C$6,C31)-PV($C$5-$C$16,$C$6,C33) -> #DIV/0! | D40: =-PV($C$5-$C$10,$C$6,D29)-PV($C$5-$C$13,$C$6,D31)-PV($C$5-$C$16,$C$6,D33) -> #DIV/0!
A41: Summa nuvärde, alla kostnader | C41: =C39+C40 -> #DIV/0! | D41: =D39+D40 -> #DIV/0!
C42: Differens: | D42: =C41-D41 -> #DIV/0!
A43: Besparingskostnad kr per kWh | C43: =(D39-C39)/(C40-D40)*C36 -> #DIV/0! | D43: =IF($D42>0,"LÖNSAMT","EJ LÖNSAMT") -> #DIV/0!
A44: Energikostnad (mv ) kr per kWh | C44: =C36 -> #DIV/0!
A47: Minskad användning av CO2 ton per år | D47: Ej beräknat

Sheet Byte av fläkt
A1: Byte av fläktar till tryckstyrd med bättre effektivitet | C1: För känslighetsanalys tryck + ovan
A2: Ta med i sammanfattning? | B2: Nej | E2: Lönsamhetsgränser
C3: Kvantitet | D3: Enhet | E3: Känslighetsanalys
A4: Mängduppgift | C4: =Byggnader!$I$32 -> 0 | D4: m2 At
A5: Kalkylränta | C5: =Energiprisfaktorer!B6 -> 0.04 | D5: nominell | F5: Internränta
A6: Kalkylperiod | C6: 20 | D6: år | E6: =(D20-C20)/(C34+C22-D34-D22) -> #DIV/0! | F6: Pay-off utan ränta
A7: Unerhållskostnad prisutveckling per år | C7: =Energiprisfaktorer!B7 -> 0.02 | D7: =D5 -> nominell | I7: Investeringskalkyl
A8: Energislag | C8: Fjärrvärme | D8: kWh
A9: Energipris rörligt | C9: =Energiprisfaktorer!B4 -> 1.15 | D9: kr per kWh
A10: Energiprisutveckling per år | C10: =Energiprisfaktorer!B5 -> 0.03 | D10: =D5 -> nominell | I10: Investeringskostnad | K10: 5000
A11: Energislag 2 | C11: El
A12: Energipris rörligt | C12: =Energiprisfaktorer!C4 -> 2 | D12: kr per kWh | I12: Beräkningar
A13: Energiprisutveckling per år | C13: =Energiprisfaktorer!C5 -> 0.04 | D13: =D5 -> nominell
A14: Energislag 3 | I14: Egen kalkyl förklaring
A15: Energipris rörligt | C15: 0.6 | D15: kr per kWh | I15: Byte av fläktar till nya tryckreglerade med bättre energieffektivitet och utetempkompensering.
A16: Energiprisutveckling per år | C16: 0.04 | D16: =D5 -> nominell
A17: <<<Om fler energislag: tryck +
I18: Egen kalkyl beräkning
C19: Före åtgärd | D19: Efter åtgärd | I19: Effekt befintliga fläktar kW | J19: =Besiktningsprotokoll!B53+Besiktningsprotokoll!C53+Besiktningsprotokoll!D53+Besiktningsprotokoll!B62+Besiktningsprotokoll!C62+Besiktningsprotokoll!D62 -> 5.54
A20: Investeringskostnad kr | C20: 0 | D20: =K10 -> 5000 | E20: =D20+C41-D41 -> #DIV/0! | F20: Investeringsgräns | I20: Drifttid h per år | J20: 8760
I21: SFP tal | J21: 3
A22: Underhållskostnad kr per år | C22: 0 | D22: 0 | I22: Bef energiförbrukning kWh/år | J22: =J19*J20 -> 48530.4
A23: Underhållskostnad, periodisk år 0 kr
A24: Underhållskostnad, periodisk år 10 kr
A25: Underhållskostnad, periodisk år 20 kr
A26: <<<Om fler uh-kostnader: tryck +
I27: Effekt nya fläktar kW | J27: =J19*0.5 -> 2.77
A28: Energianvändning kWh per mängdenhet och år | C28: =Normalisering!$I$89/Byggnader!$I$32 -> #DIV/0! | D28: =C28 -> #DIV/0! | I28: Drifttid per år | J28: 8760
A29: Energikostnad kr per år | C29: =C28*$C$4*$C$9 -> #DIV/0! | D29: =D28*$C$4*$C$9 -> #DIV/0! | I29: Ny energiförbrukning | J29: =J27*J28 -> 24265.2
A30: Energianvändning 2 kWh per mängdenhet och år | C30: =J22/C4 -> #DIV/0! | D30: =J29/C4 -> #DIV/0! | I30: Årlig energibesparing | J30: =J22-J29 -> 24265.2
A31: Energikostnad 2 kr per år | C31: =C30*$C$4*$C$12 -> #DIV/0! | D31: =D30*$C$4*$C$12 -> #DIV/0!
A32: Energianvändning 3 kWh per mängdenhet och år
A33: Energikostnad 3 kr per år | C33: =C32*$C$4*$C$15 -> 0 | D33: =D32*$C$4*$C$15 -> 0
A34: Summa energikostnad kr per år | C34: =C29+C31+C33 -> #DIV/0! | D34: =D29+D31+D33 -> #DIV/0!
A35: Summa energianvändning kWh per år | C35: =(C28+C30+C32)*$C$4 -> #DIV/0! | D35: =(D28+D30+D32)*$C$4 -> #DIV/0!
A36: Energikostnad medelvärde kr per kWh | C36: =C34/C35 -> #DIV/0!
A37: <<<Om fler energislag: tryck +
A39: Summa nuvärde, investering och underhåll | C39: =C20-PV($C$5-$C$7,$C$6,C22)+C23+C24/(1+$C$5-$C$7)^10+C25/(1+$C$5-$C$7)^20 -> 0 | D39: =D20-PV($C$5-$C$7,$C$6,D22)+D23+D24/(1+$C$5-$C$7)^10+D25/(1+$C$5-$C$7)^20 -> 5000
A40: Summa nuvärde, energikostnader | C40: =-PV($C$5-$C$10,$C$6,C29)-PV($C$5-$C$13,$C$6,C31)-PV($C$5-$C$16,$C$6,C33) -> #DIV/0! | D40: =-PV($C$5-$C$10,$C$6,D29)-PV($C$5-$C$13,$C$6,D31)-PV($C$5-$C$16,$C$6,D33) -> #DIV/0!
A41: Summa nuvärde, alla kostnader | C41: =C39+C40 -> #DIV/0! | D41: =D39+D40 -> #DIV/0!
C42: Differens: | D42: =C41-D41 -> #DIV/0!
A43: Besparingskostnad kr per kWh | C43: =(D39-C39)/(C40-D40)*C36 -> #DIV/0! | D43: =IF($D42>0,"LÖNSAMT","EJ LÖNSAMT") -> #DIV/0!
A44: Energikostnad (mv ) kr per kWh | C44: =C36 -> #DIV/0!
A47: Minskad användning av CO2 ton per år | D47: Ej beräknat

Sheet Övrig åtgärd
A1: Övrig åtgärd
A2: Ta med i sammanfattning? | B2: Nej | E2: Lönsamhetsgränser
C3: Kvantitet | D3: Enhet | E3: Känslighetsanalys
A4: Mängduppgift | C4: =Byggnader!$I$32 -> 0 | D4: m2 At
A5: Kalkylränta | C5: =Energiprisfaktorer!B6 -> 0.04 | D5: nominell | F5: Internränta | R5: Befintlig energiförbrukning ventilation uppvärmning | V5: =Besiktningsprotokoll!B57*1.2*100000 -> 0
A6: Kalkylperiod | C6: 25 | D6: år | E6: =IFERROR((D20-C20)/(C34+C22-D34-D22),"") | F6: Pay-off utan ränta | R6: Ny energiförbrukning ventilation uppvärmning | V6: =0.25*V5 -> 0
A7: Unerhållskostnad prisutveckling per år | C7: =Energiprisfaktorer!B7 -> 0.02 | D7: =D5 -> nominell | I7: Underlag för beräkning | R7: Ökad el till FTX | V7: =0.025*36*8760 -> 7884
A8: Energislag | C8: Fjärrvärme | D8: kWh
A9: Energipris rörligt | C9: =Energiprisfaktorer!B4 -> 1.15 | D9: kr per kWh | I9: Investeringskostnad (kr) | K9: 0
A10: Energiprisutveckling per år | C10: =Energiprisfaktorer!B5 -> 0.03 | D10: =D5 -> nominell
A11: Energislag 2 | C11: El | I11: Ändrad värmeförbrukning (kWh/år) | K11: 0
A12: Energipris rörligt | C12: =Energiprisfaktorer!C4 -> 2 | D12: kr per kWh | I12: Ändrad elförbrukning (kWh/år) | K12: 0
A13: Energiprisutveckling per år | C13: =Energiprisfaktorer!C5 -> 0.04 | D13: =D5 -> nominell | I13: Ökning anges positivt och minskning negativt. Exempel bergvärme: värme −100 000, el +30 000.
A14: Energislag 3
A15: Energipris rörligt | C15: 0.6 | D15: kr per kWh | I15: Beskrivning av åtgärden
A16: Energiprisutveckling per år | C16: 0.04 | D16: =D5 -> nominell | I16: Beskriv åtgärden och hur besparingen är beräknad.
A17: <<<Om fler energislag: tryck +
C19: Före åtgärd | D19: Efter åtgärd
A20: Investeringskostnad kr | C20: 0 | D20: =K9 -> 0 | E20: =D20+C41-D41 -> #DIV/0! | F20: Investeringsgräns
I21: Nuvarande värmeförbrukning (kWh/år) | K21: =Normalisering!$I$89 -> 0
A22: Underhållskostnad kr per år | C22: 0 | D22: 0 | I22: Värmeförbrukning efter åtgärd (kWh/år) | K22: =K21+K11 -> 0
A23: Underhållskostnad, periodisk år 0 kr | I23: Nuvarande el, fastighetsel (kWh/år) | K23: =Mätdata!$D$68 -> 12193.8
A24: Underhållskostnad, periodisk år 10 kr | I24: El efter åtgärd (kWh/år) | K24: =K23+K12 -> 12193.8
A25: Underhållskostnad, periodisk år 20 kr | I25: Årlig energibesparing (kWh/år) | K25: =-(K11+K12) -> 0
A26: <<<Om fler uh-kostnader: tryck +
A28: Energianvändning kWh per mängdenhet och år | C28: =K21/$C$4 -> #DIV/0! | D28: =K22/$C$4 -> #DIV/0!
A29: Energikostnad kr per år | C29: =C28*$C$4*$C$9 -> #DIV/0! | D29: =D28*$C$4*$C$9 -> #DIV/0!
A30: Energianvändning 2 kWh per mängdenhet och år | C30: =K23/$C$4 -> #DIV/0! | D30: =K24/$C$4 -> #DIV/0!
A31: Energikostnad 2 kr per år | C31: =C30*$C$4*$C$12 -> #DIV/0! | D31: =D30*$C$4*$C$12 -> #DIV/0!
A32: Energianvändning 3 kWh per mängdenhet och år
A33: Energikostnad 3 kr per år | C33: =C32*$C$4*$C$15 -> 0 | D33: =D32*$C$4*$C$15 -> 0
A34: Summa energikostnad kr per år | C34: =C29+C31+C33 -> #DIV/0! | D34: =D29+D31+D33 -> #DIV/0!
A35: Summa energianvändning kWh per år | C35: =(C28+C30+C32)*$C$4 -> #DIV/0! | D35: =(D28+D30+D32)*$C$4 -> #DIV/0!
A36: Energikostnad medelvärde kr per kWh | C36: =C34/C35 -> #DIV/0!
A37: <<<Om fler energislag: tryck +
A39: Summa nuvärde, investering och underhåll | C39: =C20-PV($C$5-$C$7,$C$6,C22)+C23+C24/(1+$C$5-$C$7)^10+C25/(1+$C$5-$C$7)^20 -> 0 | D39: =D20-PV($C$5-$C$7,$C$6,D22)+D23+D24/(1+$C$5-$C$7)^10+D25/(1+$C$5-$C$7)^20 -> 0
A40: Summa nuvärde, energikostnader | C40: =-PV($C$5-$C$10,$C$6,C29)-PV($C$5-$C$13,$C$6,C31)-PV($C$5-$C$16,$C$6,C33) -> #DIV/0! | D40: =-PV($C$5-$C$10,$C$6,D29)-PV($C$5-$C$13,$C$6,D31)-PV($C$5-$C$16,$C$6,D33) -> #DIV/0!
A41: Summa nuvärde, alla kostnader | C41: =C39+C40 -> #DIV/0! | D41: =D39+D40 -> #DIV/0!
C42: Differens: | D42: =C41-D41 -> #DIV/0!
A43: Besparingskostnad kr per kWh | C43: =IFERROR((D39-C39)/(C40-D40)*C36,"") | D43: =IF($D42>0,"LÖNSAMT","EJ LÖNSAMT") -> #DIV/0!
A44: Energikostnad (mv ) kr per kWh | C44: =C36 -> #DIV/0!
A47: Minskad användning av CO2 ton per år | D47: Ej beräknat

Sheet Förslagstexter och kalkyl
A1: Besiktning | B1: Byggnaden har besiktigats i syfte att kartlägga byggnadens fastighetsenergi samt för att kontrollera eventuellt möjliga kostnadseffektiva åtgärder
A3: Solceller | B3: Installation av solceller för produktion av el till byggnadens gemensamma elanvändning.
B5: Alternativ 1 | C5: Alternativ 2 | D5: Beräkningsmetodik | E5: Formel
A6: Vattenspar | B6: Installation av vattenbesparande utrustning. Befintliga blandare och duschar förses med nya perlatorer och munstycken som ger ett högre vattentryck och mindre vattenmängd. Åtgärden minskar energiåtgången och effekt för varmvatten samt minskar kostnaden för kallvatten. Samtidigt kan man med fördel inventera och åtgärda eventuella vattenläckor. | D6: Antag 5-15% beroende på status eller ev mätning av flödet
A7: Frånluftvärmepump | B7: Installation av frånluftsåtervinning med värmepump. Befintligt frånluftssystem förses med återvinningsbatterier som kyler av frånluften från byggnaden. Värmen återvinns via värmepumpar och återförs byggnadens värmesystem. | C7: Installation av frånluftsåtervinning med värmepump. Befintliga frånluftsfläktar demonteras och ersätts med värmepumpsaggregat som har inbyggda fläktar med en bättre eleffektivitet. Värmen återvinns i aggregaten återförs byggnadens värmesystem. | D7: Frånluftsflödet kyls ned till ca 5 grader. Beräkna förenklat kyleffekten och antag ett Scop på 3-4 eller använd beräkningsprgram
A8: Styr och regler | B8: Byte av styr och reglerutrustning för värmesystem. Befintligt styrsystem har endast utegivare för utstyrning av värme. Genom att sätta in en ny styrdator som även mäter inomhustemperatur kan värmeöverskottet som uppstår vid viss väderlek och årstid automatiskt besparas. | D8: Antag 5-12% beroende på status bef. reglerutrustning och inomhustemperatur
A9: Byte av fläkt | B9: Byte av befintliga fläktar till nya med högre eleffektivitet och tryckstyrning | D9: Mätning av strömstyrka/tryck på bef fläkt. Beräkningsprogram för ny fläkt
A10: Byte av pump | B10: Byte av befintliga pumpar till nya med högre eleffektivitet och tryckstyrning | D10: Mätning av strömstyrka/tryck på bef pump. Beräkningsprogram för ny pump
A11: Injustering av värmesystem | B11: Injustering av värmesystemet för att uppnå en jämnare temperatur i byggnaden. Flöden till värmestammar och radiatorer injusteras för att avge rätt värmeeffekt. Värmebesparing uppnås genom en lägre genomsnittstemperatur och mindre vädring | C11: Injustering av värmesystemet för att uppnå en jämnare temperatur i byggnaden. Flöden till värmestammar och radiatorer injusteras för att avge rätt värmeeffekt. Värmebesparing uppnås genom en lägre genomsnittstemperatur och mindre vädring. Man behöver byta ut samtliga stamventiler och radiatorventiler för att kunna genomföra denna åtgärd. | D11: Antag 5-10% beroende husets medeltemp, bedömning av vädring, bedömning av bef injustering och temperaturspridning.
A12: Tilläggisolering av vindsbjälklag | B12: Befintlig isolering är xx cm tjock. Det finns bra förutsättningar att tilläggisolera vindsbjälklaget med ytterliggare xx cm lösull. Därigenom kan man minska värmeläckaget genom vinden. | D12: Beräkning av bef. transmissionsförlust och ny
A13: Tilläggisolering av fasader | B13: Befintlig konstruktion har ett U-värde (isolervärde) som är dåligt . Det finns bra förutsättningar att tilläggisolera fasaden i samband med renovering med ytterliggare xx cm. Därigenom kan man minska värmeläckaget genom fasaden. | D13: Beräkning av bef. transmissionsförlust och ny
A14: Bergvärme | B14: Installation av bergvärmepump för uppvärmning och varmvatten. Ett eller flera borrhål borras för uttag av värmeenergi ur berggrunden. Värmen upptas av en köldbärarvätska och höjs via värmepumpen till en temperaturnivå som kan användas i byggnadens värmesystem. Åtgärden ersätter helt eller delvis nuvarande uppvärmningskälla och minskar behovet av köpt fjärrvärme/olja, men ökar elanvändningen. | D14: Beräkning av VP-effekt utifrån byggnadens nominella värmeeffekt och andel täckningsgrad, samt årsenergi utifrån antaget COP och antagen drifttid.
A15: Byte fönster | B15: Byte av befintliga fönster till nya energieffektiva fönster med lägre U-värde. Åtgärden minskar transmissionsförlusterna genom klimatskärmen och ger ett bättre inomhusklimat samt minskad risk för drag och kallras. | D15: Beräkning av befintlig och ny transmissionsförlust utifrån U-värde före/efter och fönsterarea, omräknat med gradtimmar till årsenergi.

Sheet Regler BFS 2026
A1: Regelvärden BFS 2026:9 och BFS 2026:10
A2: Tabellerna används av beräkningsflikarna. Ändra bara om föreskrifterna ändras.
A3: Viktningsfaktorer per energibärare (BFS 2026:9 bilaga 1 tabell 1)
A4: El | B4: 1.8 | U4: Energibärare | V4: Ändamål | W4: Försörjer | X4: Ja/Nej | Y4: Kulvertförluster | Z4: Solel fördelas
A5: Fjärrvärme | B5: 0.7 | U5: Fjärrvärme | V5: Värme och tappvarmvatten | W5: Alla | X5: Ja | Y5: Fördelas på byggnaderna | Z5: Gemensamt för fastigheten
A6: Fjärrkyla | B6: 0.6 | U6: El | V6: Värmepump | W6: Byggnad 1 | X6: Nej | Y6: Räknas bort | Z6: Per byggnad
A7: Förnybara bränslen | B7: 0.6 | U7: Olja | V7: Elvärme | W7: Byggnad 2
A8: Fossila bränslen | B8: 1.8 | U8: Gas | V8: Komfortkyla | W8: Byggnad 3
U9: Pellets/flis/briketter | V9: Hushållsel | W9: Byggnad 4
A10: Kategoritypiska värden (BFS 2026:9 bilaga 1) och gränser A + B·Fgeo (BFS 2026:10 bilaga 1, BFS 2026:9 bilaga 2 tabell 1) | U10: Ved | V10: Verksamhetsel | W10: Byggnad 5
A11: Kategori | B11: Innetemp °C | C11: Uteluft l/s,m² | D11: Internlast W/m² | E11: Tappvv kWh/m² | F11: A: A | G11: A: B | H11: B: A | I11: B: B | J11: C: A | K11: C: B | L11: D: A | M11: D: B | N11: E: A | O11: E: B | P11: F: A | Q11: F: B | R11: Ny byggnad: A | S11: Ny byggnad: B | U11: Övrigt biobränsle | V11: El utanför systemgräns | W11: Byggnad 6
A12: Flerbostadshus | B12: 21 | C12: 0.35 | D12: 3.7 | E12: 25 | F12: 39 | G12: 29 | H12: 41 | I12: 42 | J12: 44 | K12: 54 | L12: 46 | M12: 66 | N12: 48 | O12: 79 | P12: 51 | Q12: 93 | R12: 40 | S12: 35 | U12: Fjärrkyla
A13: En- och tvåbostadshus Atemp < 90 m² | B13: 21 | C13: 0.35 | D13: 3.7 | E13: 20 | F13: 18 | G13: 72 | H13: 23 | I13: 96 | J13: 27 | K13: 121 | L13: 31 | M13: 145 | N13: 36 | O13: 169 | P13: 41 | Q13: 198 | R13: 20 | S13: 80
A14: En- och tvåbostadshus 90–130 m² | B14: 21 | C14: 0.35 | D14: 3.7 | E14: 20 | F14: 18 | G14: 68 | H14: 21 | I14: 89 | J14: 25 | K14: 109 | L14: 29 | M14: 129 | N14: 32 | O14: 150 | P14: 37 | Q14: 176 | R14: 19 | S14: 76
A15: En- och tvåbostadshus Atemp ≥ 130 m² | B15: 21 | C15: 0.35 | D15: 3.7 | E15: 20 | F15: 17 | G15: 64 | H15: 20 | I15: 80 | J15: 23 | K15: 96 | L15: 26 | M15: 112 | N15: 28 | O15: 129 | P15: 33 | Q15: 151 | R15: 18 | S15: 72
A16: Kontor | B16: 21 | C16: 0.43 | D16: 4.6 | E16: 4 | F16: 27 | G16: 41 | H16: 34 | I16: 59 | J16: 40 | K16: 78 | L16: 47 | M16: 95 | N16: 53 | O16: 114 | P16: 62 | Q16: 142 | R16: 29 | S16: 46
A17: Utbildning | B17: 21 | C17: 0.84 | D17: 5.4 | E17: 7 | F17: 36 | G17: 38 | H17: 42 | I17: 59 | J17: 47 | K17: 82 | L17: 53 | M17: 103 | N17: 59 | O17: 124 | P17: 68 | Q17: 161 | R17: 38 | S17: 44
A18: Sjukhus | B18: 22 | C18: 1.8 | D18: 7.3 | E18: 17 | F18: 74 | G18: 37 | H18: 81 | I18: 50 | J18: 88 | K18: 63 | L18: 95 | M18: 76 | N18: 102 | O18: 89 | P18: 118 | Q18: 120 | R18: 78 | S18: 45
A19: Logi och restaurang | B19: 22 | C19: 1.4 | D19: 7 | E19: 24 | F19: 70 | G19: 22 | H19: 78 | I19: 53 | J19: 87 | K19: 83 | L19: 95 | M19: 114 | N19: 104 | O19: 144 | P19: 116 | Q19: 185 | R19: 72 | S19: 30
A20: Idrott | B20: 20 | C20: 0.88 | D20: 7.1 | E20: 17 | F20: 40 | G20: 41 | H20: 46 | I20: 68 | J20: 53 | K20: 93 | L20: 59 | M20: 120 | N20: 66 | O20: 145 | P20: 75 | Q20: 185 | R20: 42 | S20: 48
A21: Handel och kultur | B21: 20 | C21: 1.1 | D21: 7.9 | E21: 10 | F21: 55 | G21: 34 | H21: 62 | I21: 49 | J21: 69 | K21: 64 | L21: 76 | M21: 78 | N21: 82 | O21: 94 | P21: 95 | Q21: 122 | R21: 58 | S21: 41
A22: Annan typ av energianvändande byggnad | B22: 15 | C22: 0.1 | D22: 2.1 | E22: 5 | F22: 15 | G22: 25 | H22: 22 | I22: 55 | J22: 29 | K22: 85 | L22: 37 | M22: 113 | N22: 44 | O22: 143 | P22: 54 | Q22: 185 | R22: 16 | S22: 28
A24: Byggnadstyp (bostadsdel)
A25: Flerbostadshus
A26: En- och tvåbostadshus
A28: Fgeo per kommun (BFS 2026:9 bilaga 3)
A29: Kommun | B29: Fgeo
A30: Ale | B30: 0.9
A31: Alingsås | B31: 1
A32: Alvesta | B32: 1
A33: Aneby | B33: 1
A34: Arboga | B34: 1
A35: Arjeplog | B35: 1.7
A36: Arvidsjaur | B36: 1.6
A37: Arvika | B37: 1.1
A38: Askersund | B38: 1
A39: Avesta | B39: 1.1
A40: Bengtsfors | B40: 1
A41: Berg | B41: 1.4
... A319: Övertorneå | B319: 1.6
