Workbook

Sheet Instruktion
A1: Arbetsgång energideklaration enligt BFS 2026:9 och 2026:10
A3: 1 | B3: Byggnader: fyll i fastighet, kommun och mätperiod. En kolumn per fysisk byggnad med typ, antal lägenheter, A-temp för bostäder, lokaler per kategori och varmgarage.
A4: 2 | B4: Mätdata: lägg in mätare för värme, tappvarmvatten och fjärrkyla och vilken byggnad de försörjer (Alla för gemensam central). Välj ändamål: kombinerad mätare (värme och tappvarmvatten) fördelas via vattenförbrukningen, medan separata mätare för uppvärmning respektive tappvarmvatten inkl. VVC (vanligt i nyproduktion) används direkt. Ange vattenmätare, andel varmvattenproduktion och årsverkningsgrad per värmekälla samt kulvertförluster.
A5: 3 | B5: El: ange per byggnad köpt el från fastighetens elmätare, IMD-el och solceller (kWp, produktion, såld el). Besiktningen fördelar den gemensamma elen på fastighetsel, värmepump, elvärme, kyla, verksamhetsel och el utanför systemgränsen, och den egenanvända solelen fördelas på samma förbrukare. Allt visas i procent och kWh/år.
A6: 4 | B6: Byggnader: kontrollera fördelningsnycklarna för gemensamma mätare. Ange manuell andel om A-temp eller antal lägenheter inte speglar verkligheten.
A7: 5 | B7: Besiktningsprotokoll: ange i kolumn F vilken byggnad varje post i avsnitt 9 (verksamhetsel), 10 (fastighetsel) och 11 (elvärme) hör till. Upp till fyra tvättstugor (12.1–12.4) placeras på samma sätt. Besiktningens värden per byggnad används som andelar när den uppmätta elen fördelas i fliken El.
A8: 6 | B8: Normalisering: ange faktisk innetemperatur, uteluftsflöde, återvinning och personer per lägenhet per byggnad, och välj Ja/Nej för de fyra normaliseringarna.
A9: 7 | B9: Resultat: kontrollera energiprestandatal och energiklass per byggnad. Ange samma energiindex i Byggnader C10 som Gripen använder för att värdena ska stämma.
A10: 8 | B10: Gripen: välj byggnad i B4 och för över de grå cellerna avsnitt för avsnitt. Upprepa för varje byggnad.
A11: 9 | B11: Åtgärdsflikarna fungerar för hela fastigheten. Fliken Övrig åtgärd används för andra åtgärder. Besparingen fördelas per byggnad i fliken Gripen.
A12: 10 | B12: Fliken Tidigare deklarationer fylls av webbverktyget som läser in gamla energideklarationer. Kontrollera A-temp, verksamhetsfördelning och byggnadstyp mot de nya kategorierna.
B15: Färger: orange = indata, grå = beräknat, grön = hämtat från annan flik. Regelvärden finns i fliken Regler BFS 2026.

Sheet Sammanfattning
A1: Sammanfattning – Energideklaration
A2: Byggnad | B2: =IF(Besiktningsprotokoll!B4="","",Besiktningsprotokoll!B4)
A3: Adress | B3: =IF(Besiktningsprotokoll!B5="","",Besiktningsprotokoll!B5)
A4: Utförd av | B4: =Besiktningsprotokoll!D3&" ("&Besiktningsprotokoll!D4&")"
A6: 1. Nuvarande energianvändning
A7: Kategori | B7: kWh/år | C7: Andel
A8: Värme (uppvärmning, normaliserad, ej klimatkorrigerad) | B8: =Normalisering!I120 | C8: =B8/$B$12
A9: Varmvatten (normaliserat) | B9: =Normalisering!I132 | C9: =B9/$B$12
A10: Fastighetsel inom systemgräns (netto) | B10: =Normalisering!I139 | C10: =B10/$B$12
A11: Verksamhetsel | B11: =Normalisering!I144 | C11: =B11/$B$12
A12: Summa | B12: =SUM(B8:B11) | C12: 1
A13: Summor för hela fastigheten. Resultat per byggnad finns i flikarna Resultat och Gripen.
A14: Energiprestandatal fastigheten (kWh/m²,år) | B14: =Resultat!I13
A15: Energiklass fastigheten (BFS 2026:10) | B15: =Resultat!I24
A16: 2. Föreslagna energiåtgärder
A17: Markera "Ja" i respektive åtgärdsflik (cell B2). Aktiverade åtgärder sorteras efter kortast paybacktid. Ej aktiverade åtgärder hamnar sist. | K17: Hjälptabell i fast ordning (används för sorteringen och fliken Gripen)
A18: Åtgärd | B18: Aktiverad | C18: Investering (kr) | D18: Energibesparing (kWh/år) | E18: Kostnadsbesparing (kr/år) | F18: Paybacktid (år) | G18: Lönsamhet | H18: Kommentar | K18: Åtgärd | L18: Aktiverad | M18: Investering (kr) | N18: Energibesparing (kWh/år) | O18: Kostnadsbesparing (kr/år) | P18: Paybacktid (år) | Q18: Lönsamhet | R18: Sorteringsnyckel
A19: =IFERROR(IF(INDEX($K$19:$K$29,MATCH(SMALL($R$19:$R$29,1),$R$19:$R$29,0))="","",INDEX($K$19:$K$29,MATCH(SMALL($R$19:$R$29,1),$R$19:$R$29,0))),"") | B19: =IFERROR(IF(INDEX($L$19:$L$29,MATCH(SMALL($R$19:$R$29,1),$R$19:$R$29,0))="","",INDEX($L$19:$L$29,MATCH(SMALL($R$19:$R$29,1),$R$19:$R$29,0))),"") | C19: =IFERROR(IF(INDEX($M$19:$M$29,MATCH(SMALL($R$19:$R$29,1),$R$19:$R$29,0))="","",INDEX($M$19:$M$29,MATCH(SMALL($R$19:$R$29,1),$R$19:$R$29,0))),"") | D19: =IFERROR(IF(INDEX($N$19:$N$29,MATCH(SMALL($R$19:$R$29,1),$R$19:$R$29,0))="","",INDEX($N$19:$N$29,MATCH(SMALL($R$19:$R$29,1),$R$19:$R$29,0))),"") | E19: =IFERROR(IF(INDEX($O$19:$O$29,MATCH(SMALL($R$19:$R$29,1),$R$19:$R$29,0))="","",INDEX($O$19:$O$29,MATCH(SMALL($R$19:$R$29,1),$R$19:$R$29,0))),"") | F19: =IFERROR(IF(INDEX($P$19:$P$29,MATCH(SMALL($R$19:$R$29,1),$R$19:$R$29,0))="","",INDEX($P$19:$P$29,MATCH(SMALL($R$19:$R$29,1),$R$19:$R$29,0))),"") | G19: =IFERROR(IF(INDEX($Q$19:$Q$29,MATCH(SMALL($R$19:$R$29,1),$R$19:$R$29,0))="","",INDEX($Q$19:$Q$29,MATCH(SMALL($R$19:$R$29,1),$R$19:$R$29,0))),"") | H19: Utförs i samband med fasadrenovering | K19: ='Installera bergvärme'!A1 | L19: ='Installera bergvärme'!B2 | M19: =IFERROR(IF('Installera bergvärme'!B2="Ja",'Installera bergvärme'!D20,""),"") | N19: =IFERROR(IF('Installera bergvärme'!B2="Ja",'Installera bergvärme'!C35-'Installera bergvärme'!D35,""),"") | O19: =IFERROR(IF('Installera bergvärme'!B2="Ja",'Installera bergvärme'!C34-'Installera bergvärme'!D34,""),"") | P19: =IFERROR(IF('Installera bergvärme'!B2="Ja",'Installera bergvärme'!E6,""),"") | Q19: =IFERROR(IF('Installera bergvärme'!B2="Ja",'Installera bergvärme'!D43,""),"") | R19: =IF(L19="Ja",IF(AND(ISNUMBER(P19),N(P19)>=0),P19,1000000),2000000)+ROW()/1000000
A20: =IFERROR(IF(INDEX($K$19:$K$29,MATCH(SMALL($R$19:$R$29,2),$R$19:$R$29,0))="","",INDEX($K$19:$K$29,MATCH(SMALL($R$19:$R$29,2),$R$19:$R$29,0))),"") | B20: =IFERROR(IF(INDEX($L$19:$L$29,MATCH(SMALL($R$19:$R$29,2),$R$19:$R$29,0))="","",INDEX($L$19:$L$29,MATCH(SMALL($R$19:$R$29,2),$R$19:$R$29,0))),"") | C20: =IFERROR(IF(INDEX($M$19:$M$29,MATCH(SMALL($R$19:$R$29,2),$R$19:$R$29,0))="","",INDEX($M$19:$M$29,MATCH(SMALL($R$19:$R$29,2),$R$19:$R$29,0))),"") | D20: =IFERROR(IF(INDEX($N$19:$N$29,MATCH(SMALL($R$19:$R$29,2),$R$19:$R$29,0))="","",INDEX($N$19:$N$29,MATCH(SMALL($R$19:$R$29,2),$R$19:$R$29,0))),"") | E20: =IFERROR(IF(INDEX($O$19:$O$29,MATCH(SMALL($R$19:$R$29,2),$R$19:$R$29,0))="","",INDEX($O$19:$O$29,MATCH(SMALL($R$19:$R$29,2),$R$19:$R$29,0))),"") | F20: =IFERROR(IF(INDEX($P$19:$P$29,MATCH(SMALL($R$19:$R$29,2),$R$19:$R$29,0))="","",INDEX($P$19:$P$29,MATCH(SMALL($R$19:$R$29,2),$R$19:$R$29,0))),"") | G20: =IFERROR(IF(INDEX($Q$19:$Q$29,MATCH(SMALL($R$19:$R$29,2),$R$19:$R$29,0))="","",INDEX($Q$19:$Q$29,MATCH(SMALL($R$19:$R$29,2),$R$19:$R$29,0))),"") | H20: Utförs med framtida underhållsbyte av frånluftsfläktar | K20: ='Injustering av värmesystem'!A1 | L20: ='Injustering av värmesystem'!B2 | M20: =IFERROR(IF('Injustering av värmesystem'!B2="Ja",'Injustering av värmesystem'!D20,""),"") | N20: =IFERROR(IF('Injustering av värmesystem'!B2="Ja",'Injustering av värmesystem'!C35-'Injustering av värmesystem'!D35,""),"") | O20: =IFERROR(IF('Injustering av värmesystem'!B2="Ja",'Injustering av värmesystem'!C34-'Injustering av värmesystem'!D34,""),"") | P20: =IFERROR(IF('Injustering av värmesystem'!B2="Ja",'Injustering av värmesystem'!E6,""),"") | Q20: =IFERROR(IF('Injustering av värmesystem'!B2="Ja",'Injustering av värmesystem'!D43,""),"") | R20: =IF(L20="Ja",IF(AND(ISNUMBER(P20),N(P20)>=0),P20,1000000),2000000)+ROW()/1000000
A21: =IFERROR(IF(INDEX($K$19:$K$29,MATCH(SMALL($R$19:$R$29,3),$R$19:$R$29,0))="","",INDEX($K$19:$K$29,MATCH(SMALL($R$19:$R$29,3),$R$19:$R$29,0))),"") | B21: =IFERROR(IF(INDEX($L$19:$L$29,MATCH(SMALL($R$19:$R$29,3),$R$19:$R$29,0))="","",INDEX($L$19:$L$29,MATCH(SMALL($R$19:$R$29,3),$R$19:$R$29,0))),"") | C21: =IFERROR(IF(INDEX($M$19:$M$29,MATCH(SMALL($R$19:$R$29,3),$R$19:$R$29,0))="","",INDEX($M$19:$M$29,MATCH(SMALL($R$19:$R$29,3),$R$19:$R$29,0))),"") | D21: =IFERROR(IF(INDEX($N$19:$N$29,MATCH(SMALL($R$19:$R$29,3),$R$19:$R$29,0))="","",INDEX($N$19:$N$29,MATCH(SMALL($R$19:$R$29,3),$R$19:$R$29,0))),"") | E21: =IFERROR(IF(INDEX($O$19:$O$29,MATCH(SMALL($R$19:$R$29,3),$R$19:$R$29,0))="","",INDEX($O$19:$O$29,MATCH(SMALL($R$19:$R$29,3),$R$19:$R$29,0))),"") | F21: =IFERROR(IF(INDEX($P$19:$P$29,MATCH(SMALL($R$19:$R$29,3),$R$19:$R$29,0))="","",INDEX($P$19:$P$29,MATCH(SMALL($R$19:$R$29,3),$R$19:$R$29,0))),"") | G21: =IFERROR(IF(INDEX($Q$19:$Q$29,MATCH(SMALL($R$19:$R$29,3),$R$19:$R$29,0))="","",INDEX($Q$19:$Q$29,MATCH(SMALL($R$19:$R$29,3),$R$19:$R$29,0))),"") | K21: ='Styrsystem för värme'!A1 | L21: ='Styrsystem för värme'!B2 | M21: =IFERROR(IF('Styrsystem för värme'!B2="Ja",'Styrsystem för värme'!D20,""),"") | N21: =IFERROR(IF('Styrsystem för värme'!B2="Ja",'Styrsystem för värme'!C35-'Styrsystem för värme'!D35,""),"") | O21: =IFERROR(IF('Styrsystem för värme'!B2="Ja",'Styrsystem för värme'!C34-'Styrsystem för värme'!D34,""),"") | P21: =IFERROR(IF('Styrsystem för värme'!B2="Ja",'Styrsystem för värme'!E6,""),"") | Q21: =IFERROR(IF('Styrsystem för värme'!B2="Ja",'Styrsystem för värme'!D43,""),"") | R21: =IF(L21="Ja",IF(AND(ISNUMBER(P21),N(P21)>=0),P21,1000000),2000000)+ROW()/1000000
A22: =IFERROR(IF(INDEX($K$19:$K$29,MATCH(SMALL($R$19:$R$29,4),$R$19:$R$29,0))="","",INDEX($K$19:$K$29,MATCH(SMALL($R$19:$R$29,4),$R$19:$R$29,0))),"") | B22: =IFERROR(IF(INDEX($L$19:$L$29,MATCH(SMALL($R$19:$R$29,4),$R$19:$R$29,0))="","",INDEX($L$19:$L$29,MATCH(SMALL($R$19:$R$29,4),$R$19:$R$29,0))),"") | C22: =IFERROR(IF(INDEX($M$19:$M$29,MATCH(SMALL($R$19:$R$29,4),$R$19:$R$29,0))="","",INDEX($M$19:$M$29,MATCH(SMALL($R$19:$R$29,4),$R$19:$R$29,0))),"") | D22: =IFERROR(IF(INDEX($N$19:$N$29,MATCH(SMALL($R$19:$R$29,4),$R$19:$R$29,0))="","",INDEX($N$19:$N$29,MATCH(SMALL($R$19:$R$29,4),$R$19:$R$29,0))),"") | E22: =IFERROR(IF(INDEX($O$19:$O$29,MATCH(SMALL($R$19:$R$29,4),$R$19:$R$29,0))="","",INDEX($O$19:$O$29,MATCH(SMALL($R$19:$R$29,4),$R$19:$R$29,0))),"") | F22: =IFERROR(IF(INDEX($P$19:$P$29,MATCH(SMALL($R$19:$R$29,4),$R$19:$R$29,0))="","",INDEX($P$19:$P$29,MATCH(SMALL($R$19:$R$29,4),$R$19:$R$29,0))),"") | G22: =IFERROR(IF(INDEX($Q$19:$Q$29,MATCH(SMALL($R$19:$R$29,4),$R$19:$R$29,0))="","",INDEX($Q$19:$Q$29,MATCH(SMALL($R$19:$R$29,4),$R$19:$R$29,0))),"") | K22: ='Tilläggisolering av vindsbjälk'!A1 | L22: ='Tilläggisolering av vindsbjälk'!B2 | M22: =IFERROR(IF('Tilläggisolering av vindsbjälk'!B2="Ja",'Tilläggisolering av vindsbjälk'!D20,""),"") | N22: =IFERROR(IF('Tilläggisolering av vindsbjälk'!B2="Ja",'Tilläggisolering av vindsbjälk'!C35-'Tilläggisolering av vindsbjälk'!D35,""),"") | O22: =IFERROR(IF('Tilläggisolering av vindsbjälk'!B2="Ja",'Tilläggisolering av vindsbjälk'!C34-'Tilläggisolering av vindsbjälk'!D34,""),"") | P22: =IFERROR(IF('Tilläggisolering av vindsbjälk'!B2="Ja",'Tilläggisolering av vindsbjälk'!E6,""),"") | Q22: =IFERROR(IF('Tilläggisolering av vindsbjälk'!B2="Ja",'Tilläggisolering av vindsbjälk'!D43,""),"") | R22: =IF(L22="Ja",IF(AND(ISNUMBER(P22),N(P22)>=0),P22,1000000),2000000)+ROW()/1000000
A23: =IFERROR(IF(INDEX($K$19:$K$29,MATCH(SMALL($R$19:$R$29,5),$R$19:$R$29,0))="","",INDEX($K$19:$K$29,MATCH(SMALL($R$19:$R$29,5),$R$19:$R$29,0))),"") | B23: =IFERROR(IF(INDEX($L$19:$L$29,MATCH(SMALL($R$19:$R$29,5),$R$19:$R$29,0))="","",INDEX($L$19:$L$29,MATCH(SMALL($R$19:$R$29,5),$R$19:$R$29,0))),"") | C23: =IFERROR(IF(INDEX($M$19:$M$29,MATCH(SMALL($R$19:$R$29,5),$R$19:$R$29,0))="","",INDEX($M$19:$M$29,MATCH(SMALL($R$19:$R$29,5),$R$19:$R$29,0))),"") | D23: =IFERROR(IF(INDEX($N$19:$N$29,MATCH(SMALL($R$19:$R$29,5),$R$19:$R$29,0))="","",INDEX($N$19:$N$29,MATCH(SMALL($R$19:$R$29,5),$R$19:$R$29,0))),"") | E23: =IFERROR(IF(INDEX($O$19:$O$29,MATCH(SMALL($R$19:$R$29,5),$R$19:$R$29,0))="","",INDEX($O$19:$O$29,MATCH(SMALL($R$19:$R$29,5),$R$19:$R$29,0))),"") | F23: =IFERROR(IF(INDEX($P$19:$P$29,MATCH(SMALL($R$19:$R$29,5),$R$19:$R$29,0))="","",INDEX($P$19:$P$29,MATCH(SMALL($R$19:$R$29,5),$R$19:$R$29,0))),"") | G23: =IFERROR(IF(INDEX($Q$19:$Q$29,MATCH(SMALL($R$19:$R$29,5),$R$19:$R$29,0))="","",INDEX($Q$19:$Q$29,MATCH(SMALL($R$19:$R$29,5),$R$19:$R$29,0))),"") | K23: ='Byte fönster'!A1 | L23: ='Byte fönster'!B2 | M23: =IFERROR(IF('Byte fönster'!B2="Ja",'Byte fönster'!D20,""),"") | N23: =IFERROR(IF('Byte fönster'!B2="Ja",'Byte fönster'!C35-'Byte fönster'!D35,""),"") | O23: =IFERROR(IF('Byte fönster'!B2="Ja",'Byte fönster'!C34-'Byte fönster'!D34,""),"") | P23: =IFERROR(IF('Byte fönster'!B2="Ja",'Byte fönster'!E6,""),"") | Q23: =IFERROR(IF('Byte fönster'!B2="Ja",'Byte fönster'!D43,""),"") | R23: =IF(L23="Ja",IF(AND(ISNUMBER(P23),N(P23)>=0),P23,1000000),2000000)+ROW()/1000000
A24: =IFERROR(IF(INDEX($K$19:$K$29,MATCH(SMALL($R$19:$R$29,6),$R$19:$R$29,0))="","",INDEX($K$19:$K$29,MATCH(SMALL($R$19:$R$29,6),$R$19:$R$29,0))),"") | B24: =IFERROR(IF(INDEX($L$19:$L$29,MATCH(SMALL($R$19:$R$29,6),$R$19:$R$29,0))="","",INDEX($L$19:$L$29,MATCH(SMALL($R$19:$R$29,6),$R$19:$R$29,0))),"") | C24: =IFERROR(IF(INDEX($M$19:$M$29,MATCH(SMALL($R$19:$R$29,6),$R$19:$R$29,0))="","",INDEX($M$19:$M$29,MATCH(SMALL($R$19:$R$29,6),$R$19:$R$29,0))),"") | D24: =IFERROR(IF(INDEX($N$19:$N$29,MATCH(SMALL($R$19:$R$29,6),$R$19:$R$29,0))="","",INDEX($N$19:$N$29,MATCH(SMALL($R$19:$R$29,6),$R$19:$R$29,0))),"") | E24: =IFERROR(IF(INDEX($O$19:$O$29,MATCH(SMALL($R$19:$R$29,6),$R$19:$R$29,0))="","",INDEX($O$19:$O$29,MATCH(SMALL($R$19:$R$29,6),$R$19:$R$29,0))),"") | F24: =IFERROR(IF(INDEX($P$19:$P$29,MATCH(SMALL($R$19:$R$29,6),$R$19:$R$29,0))="","",INDEX($P$19:$P$29,MATCH(SMALL($R$19:$R$29,6),$R$19:$R$29,0))),"") | G24: =IFERROR(IF(INDEX($Q$19:$Q$29,MATCH(SMALL($R$19:$R$29,6),$R$19:$R$29,0))="","",INDEX($Q$19:$Q$29,MATCH(SMALL($R$19:$R$29,6),$R$19:$R$29,0))),"") | K24: ='Tilläggisol fasad'!A1 | L24: ='Tilläggisol fasad'!B2 | M24: =IFERROR(IF('Tilläggisol fasad'!B2="Ja",'Tilläggisol fasad'!D20,""),"") | N24: =IFERROR(IF('Tilläggisol fasad'!B2="Ja",'Tilläggisol fasad'!C35-'Tilläggisol fasad'!D35,""),"") | O24: =IFERROR(IF('Tilläggisol fasad'!B2="Ja",'Tilläggisol fasad'!C34-'Tilläggisol fasad'!D34,""),"") | P24: =IFERROR(IF('Tilläggisol fasad'!B2="Ja",'Tilläggisol fasad'!E6,""),"") | Q24: =IFERROR(IF('Tilläggisol fasad'!B2="Ja",'Tilläggisol fasad'!D43,""),"") | R24: =IF(L24="Ja",IF(AND(ISNUMBER(P24),N(P24)>=0),P24,1000000),2000000)+ROW()/1000000
A25: =IFERROR(IF(INDEX($K$19:$K$29,MATCH(SMALL($R$19:$R$29,7),$R$19:$R$29,0))="","",INDEX($K$19:$K$29,MATCH(SMALL($R$19:$R$29,7),$R$19:$R$29,0))),"") | B25: =IFERROR(IF(INDEX($L$19:$L$29,MATCH(SMALL($R$19:$R$29,7),$R$19:$R$29,0))="","",INDEX($L$19:$L$29,MATCH(SMALL($R$19:$R$29,7),$R$19:$R$29,0))),"") | C25: =IFERROR(IF(INDEX($M$19:$M$29,MATCH(SMALL($R$19:$R$29,7),$R$19:$R$29,0))="","",INDEX($M$19:$M$29,MATCH(SMALL($R$19:$R$29,7),$R$19:$R$29,0))),"") | D25: =IFERROR(IF(INDEX($N$19:$N$29,MATCH(SMALL($R$19:$R$29,7),$R$19:$R$29,0))="","",INDEX($N$19:$N$29,MATCH(SMALL($R$19:$R$29,7),$R$19:$R$29,0))),"") | E25: =IFERROR(IF(INDEX($O$19:$O$29,MATCH(SMALL($R$19:$R$29,7),$R$19:$R$29,0))="","",INDEX($O$19:$O$29,MATCH(SMALL($R$19:$R$29,7),$R$19:$R$29,0))),"") | F25: =IFERROR(IF(INDEX($P$19:$P$29,MATCH(SMALL($R$19:$R$29,7),$R$19:$R$29,0))="","",INDEX($P$19:$P$29,MATCH(SMALL($R$19:$R$29,7),$R$19:$R$29,0))),"") | G25: =IFERROR(IF(INDEX($Q$19:$Q$29,MATCH(SMALL($R$19:$R$29,7),$R$19:$R$29,0))="","",INDEX($Q$19:$Q$29,MATCH(SMALL($R$19:$R$29,7),$R$19:$R$29,0))),"") | K25: ='Installation F-återvinning'!A1 | L25: ='Installation F-återvinning'!B2 | M25: =IFERROR(IF('Installation F-återvinning'!B2="Ja",'Installation F-återvinning'!D20,""),"") | N25: =IFERROR(IF('Installation F-återvinning'!B2="Ja",'Installation F-återvinning'!C35-'Installation F-återvinning'!D35,""),"") | O25: =IFERROR(IF('Installation F-återvinning'!B2="Ja",'Installation F-återvinning'!C34-'Installation F-återvinning'!D34,""),"") | P25: =IFERROR(IF('Installation F-återvinning'!B2="Ja",'Installation F-återvinning'!E6,""),"") | Q25: =IFERROR(IF('Installation F-återvinning'!B2="Ja",'Installation F-återvinning'!D43,""),"") | R25: =IF(L25="Ja",IF(AND(ISNUMBER(P25),N(P25)>=0),P25,1000000),2000000)+ROW()/1000000
A26: =IFERROR(IF(INDEX($K$19:$K$29,MATCH(SMALL($R$19:$R$29,8),$R$19:$R$29,0))="","",INDEX($K$19:$K$29,MATCH(SMALL($R$19:$R$29,8),$R$19:$R$29,0))),"") | B26: =IFERROR(IF(INDEX($L$19:$L$29,MATCH(SMALL($R$19:$R$29,8),$R$19:$R$29,0))="","",INDEX($L$19:$L$29,MATCH(SMALL($R$19:$R$29,8),$R$19:$R$29,0))),"") | C26: =IFERROR(IF(INDEX($M$19:$M$29,MATCH(SMALL($R$19:$R$29,8),$R$19:$R$29,0))="","",INDEX($M$19:$M$29,MATCH(SMALL($R$19:$R$29,8),$R$19:$R$29,0))),"") | D26: =IFERROR(IF(INDEX($N$19:$N$29,MATCH(SMALL($R$19:$R$29,8),$R$19:$R$29,0))="","",INDEX($N$19:$N$29,MATCH(SMALL($R$19:$R$29,8),$R$19:$R$29,0))),"") | E26: =IFERROR(IF(INDEX($O$19:$O$29,MATCH(SMALL($R$19:$R$29,8),$R$19:$R$29,0))="","",INDEX($O$19:$O$29,MATCH(SMALL($R$19:$R$29,8),$R$19:$R$29,0))),"") | F26: =IFERROR(IF(INDEX($P$19:$P$29,MATCH(SMALL($R$19:$R$29,8),$R$19:$R$29,0))="","",INDEX($P$19:$P$29,MATCH(SMALL($R$19:$R$29,8),$R$19:$R$29,0))),"") | G26: =IFERROR(IF(INDEX($Q$19:$Q$29,MATCH(SMALL($R$19:$R$29,8),$R$19:$R$29,0))="","",INDEX($Q$19:$Q$29,MATCH(SMALL($R$19:$R$29,8),$R$19:$R$29,0))),"") | K26: ='Installation av solceller'!A1 | L26: ='Installation av solceller'!B2 | M26: =IFERROR(IF('Installation av solceller'!B2="Ja",'Installation av solceller'!D20,""),"") | N26: =IFERROR(IF('Installation av solceller'!B2="Ja",'Installation av solceller'!C35-'Installation av solceller'!D35,""),"") | O26: =IFERROR(IF('Installation av solceller'!B2="Ja",'Installation av solceller'!C34-'Installation av solceller'!D34,""),"") | P26: =IFERROR(IF('Installation av solceller'!B2="Ja",'Installation av solceller'!E6,""),"") | Q26: =IFERROR(IF('Installation av solceller'!B2="Ja",'Installation av solceller'!D43,""),"") | R26: =IF(L26="Ja",IF(AND(ISNUMBER(P26),N(P26)>=0),P26,1000000),2000000)+ROW()/1000000
A27: =IFERROR(IF(INDEX($K$19:$K$29,MATCH(SMALL($R$19:$R$29,9),$R$19:$R$29,0))="","",INDEX($K$19:$K$29,MATCH(SMALL($R$19:$R$29,9),$R$19:$R$29,0))),"") | B27: =IFERROR(IF(INDEX($L$19:$L$29,MATCH(SMALL($R$19:$R$29,9),$R$19:$R$29,0))="","",INDEX($L$19:$L$29,MATCH(SMALL($R$19:$R$29,9),$R$19:$R$29,0))),"") | C27: =IFERROR(IF(INDEX($M$19:$M$29,MATCH(SMALL($R$19:$R$29,9),$R$19:$R$29,0))="","",INDEX($M$19:$M$29,MATCH(SMALL($R$19:$R$29,9),$R$19:$R$29,0))),"") | D27: =IFERROR(IF(INDEX($N$19:$N$29,MATCH(SMALL($R$19:$R$29,9),$R$19:$R$29,0))="","",INDEX($N$19:$N$29,MATCH(SMALL($R$19:$R$29,9),$R$19:$R$29,0))),"") | E27: =IFERROR(IF(INDEX($O$19:$O$29,MATCH(SMALL($R$19:$R$29,9),$R$19:$R$29,0))="","",INDEX($O$19:$O$29,MATCH(SMALL($R$19:$R$29,9),$R$19:$R$29,0))),"") | F27: =IFERROR(IF(INDEX($P$19:$P$29,MATCH(SMALL($R$19:$R$29,9),$R$19:$R$29,0))="","",INDEX($P$19:$P$29,MATCH(SMALL($R$19:$R$29,9),$R$19:$R$29,0))),"") | G27: =IFERROR(IF(INDEX($Q$19:$Q$29,MATCH(SMALL($R$19:$R$29,9),$R$19:$R$29,0))="","",INDEX($Q$19:$Q$29,MATCH(SMALL($R$19:$R$29,9),$R$19:$R$29,0))),"") | K27: ='Byte av pump'!A1 | L27: ='Byte av pump'!B2 | M27: =IFERROR(IF('Byte av pump'!B2="Ja",'Byte av pump'!D20,""),"") | N27: =IFERROR(IF('Byte av pump'!B2="Ja",'Byte av pump'!C35-'Byte av pump'!D35,""),"") | O27: =IFERROR(IF('Byte av pump'!B2="Ja",'Byte av pump'!C34-'Byte av pump'!D34,""),"") | P27: =IFERROR(IF('Byte av pump'!B2="Ja",'Byte av pump'!E6,""),"") | Q27: =IFERROR(IF('Byte av pump'!B2="Ja",'Byte av pump'!D43,""),"") | R27: =IF(L27="Ja",IF(AND(ISNUMBER(P27),N(P27)>=0),P27,1000000),2000000)+ROW()/1000000
A28: =IFERROR(IF(INDEX($K$19:$K$29,MATCH(SMALL($R$19:$R$29,10),$R$19:$R$29,0))="","",INDEX($K$19:$K$29,MATCH(SMALL($R$19:$R$29,10),$R$19:$R$29,0))),"") | B28: =IFERROR(IF(INDEX($L$19:$L$29,MATCH(SMALL($R$19:$R$29,10),$R$19:$R$29,0))="","",INDEX($L$19:$L$29,MATCH(SMALL($R$19:$R$29,10),$R$19:$R$29,0))),"") | C28: =IFERROR(IF(INDEX($M$19:$M$29,MATCH(SMALL($R$19:$R$29,10),$R$19:$R$29,0))="","",INDEX($M$19:$M$29,MATCH(SMALL($R$19:$R$29,10),$R$19:$R$29,0))),"") | D28: =IFERROR(IF(INDEX($N$19:$N$29,MATCH(SMALL($R$19:$R$29,10),$R$19:$R$29,0))="","",INDEX($N$19:$N$29,MATCH(SMALL($R$19:$R$29,10),$R$19:$R$29,0))),"") | E28: =IFERROR(IF(INDEX($O$19:$O$29,MATCH(SMALL($R$19:$R$29,10),$R$19:$R$29,0))="","",INDEX($O$19:$O$29,MATCH(SMALL($R$19:$R$29,10),$R$19:$R$29,0))),"") | F28: =IFERROR(IF(INDEX($P$19:$P$29,MATCH(SMALL($R$19:$R$29,10),$R$19:$R$29,0))="","",INDEX($P$19:$P$29,MATCH(SMALL($R$19:$R$29,10),$R$19:$R$29,0))),"") | G28: =IFERROR(IF(INDEX($Q$19:$Q$29,MATCH(SMALL($R$19:$R$29,10),$R$19:$R$29,0))="","",INDEX($Q$19:$Q$29,MATCH(SMALL($R$19:$R$29,10),$R$19:$R$29,0))),"") | K28: ='Byte av fläkt'!A1 | L28: ='Byte av fläkt'!B2 | M28: =IFERROR(IF('Byte av fläkt'!B2="Ja",'Byte av fläkt'!D20,""),"") | N28: =IFERROR(IF('Byte av fläkt'!B2="Ja",'Byte av fläkt'!C35-'Byte av fläkt'!D35,""),"") | O28: =IFERROR(IF('Byte av fläkt'!B2="Ja",'Byte av fläkt'!C34-'Byte av fläkt'!D34,""),"") | P28: =IFERROR(IF('Byte av fläkt'!B2="Ja",'Byte av fläkt'!E6,""),"") | Q28: =IFERROR(IF('Byte av fläkt'!B2="Ja",'Byte av fläkt'!D43,""),"") | R28: =IF(L28="Ja",IF(AND(ISNUMBER(P28),N(P28)>=0),P28,1000000),2000000)+ROW()/1000000
A29: =IFERROR(IF(INDEX($K$19:$K$29,MATCH(SMALL($R$19:$R$29,11),$R$19:$R$29,0))="","",INDEX($K$19:$K$29,MATCH(SMALL($R$19:$R$29,11),$R$19:$R$29,0))),"") | B29: =IFERROR(IF(INDEX($L$19:$L$29,MATCH(SMALL($R$19:$R$29,11),$R$19:$R$29,0))="","",INDEX($L$19:$L$29,MATCH(SMALL($R$19:$R$29,11),$R$19:$R$29,0))),"") | C29: =IFERROR(IF(INDEX($M$19:$M$29,MATCH(SMALL($R$19:$R$29,11),$R$19:$R$29,0))="","",INDEX($M$19:$M$29,MATCH(SMALL($R$19:$R$29,11),$R$19:$R$29,0))),"") | D29: =IFERROR(IF(INDEX($N$19:$N$29,MATCH(SMALL($R$19:$R$29,11),$R$19:$R$29,0))="","",INDEX($N$19:$N$29,MATCH(SMALL($R$19:$R$29,11),$R$19:$R$29,0))),"") | E29: =IFERROR(IF(INDEX($O$19:$O$29,MATCH(SMALL($R$19:$R$29,11),$R$19:$R$29,0))="","",INDEX($O$19:$O$29,MATCH(SMALL($R$19:$R$29,11),$R$19:$R$29,0))),"") | F29: =IFERROR(IF(INDEX($P$19:$P$29,MATCH(SMALL($R$19:$R$29,11),$R$19:$R$29,0))="","",INDEX($P$19:$P$29,MATCH(SMALL($R$19:$R$29,11),$R$19:$R$29,0))),"") | G29: =IFERROR(IF(INDEX($Q$19:$Q$29,MATCH(SMALL($R$19:$R$29,11),$R$19:$R$29,0))="","",INDEX($Q$19:$Q$29,MATCH(SMALL($R$19:$R$29,11),$R$19:$R$29,0))),"") | K29: ='Övrig åtgärd'!A1 | L29: ='Övrig åtgärd'!B2 | M29: =IFERROR(IF('Övrig åtgärd'!B2="Ja",'Övrig åtgärd'!D20,""),"") | N29: =IFERROR(IF('Övrig åtgärd'!B2="Ja",'Övrig åtgärd'!C35-'Övrig åtgärd'!D35,""),"") | O29: =IFERROR(IF('Övrig åtgärd'!B2="Ja",'Övrig åtgärd'!C34-'Övrig åtgärd'!D34,""),"") | P29: =IFERROR(IF('Övrig åtgärd'!B2="Ja",'Övrig åtgärd'!E6,""),"") | Q29: =IFERROR(IF('Övrig åtgärd'!B2="Ja",'Övrig åtgärd'!D43,""),"") | R29: =IF(L29="Ja",IF(AND(ISNUMBER(P29),N(P29)>=0),P29,1000000),2000000)+ROW()/1000000
A30: Summa aktiverade åtgärder | C30: =SUM(C19:C29) | D30: =SUM(D19:D29) | E30: =SUM(E19:E29)

Sheet Byggnader
A1: Byggnader och A-temp
A2: En kolumn per fysisk byggnad, varje byggnad blir en egen energideklaration i Gripen. Lämna oanvända kolumner tomma.
A4: Fastighet
A5: Fastighetsbeteckning
A6: Kommun | C6: Karlstad
A7: Geografisk justeringsfaktor Fgeo | C7: =IFERROR(INDEX('Regler BFS 2026'!$B$30:$B$319,MATCH(C6,'Regler BFS 2026'!$A$30:$A$319,0)),"Välj kommun")
A8: Mätperiod från och med (ÅÅMM)
A9: Mätperiod till och med (ÅÅMM)
A10: Energiindex för mätperioden (endast kontroll av Etal) | C10: 1
A12: Byggnad | C12: Byggnad 1 | D12: Byggnad 2 | E12: Byggnad 3 | F12: Byggnad 4 | G12: Byggnad 5 | H12: Byggnad 6 | I12: Summa
A13: Egen beteckning
A14: Adress
A15: Husnummer / byggnads-ID
A16: Byggnadstyp (bostadsdel) | C16: Flerbostadshus | D16: Flerbostadshus | E16: Flerbostadshus | F16: Flerbostadshus | G16: Flerbostadshus | H16: Flerbostadshus
A17: Nybyggnadsår
A18: Antal lägenheter | I18: =SUM(C18:H18)
A20: A-temp per byggnad (m²)
A21: A-temp bostäder inkl. biarea | I21: =SUM(C21:H21)
A23: A-temp lokaler per kategori enligt BFS 2026:9 (m²)
A24: Kontor | I24: =SUM(C24:H24)
A25: Utbildning | I25: =SUM(C25:H25)
A26: Sjukhus | I26: =SUM(C26:H26)
A27: Logi och restaurang | I27: =SUM(C27:H27)
A28: Idrott | I28: =SUM(C28:H28)
A29: Handel och kultur | I29: =SUM(C29:H29)
A30: Annan typ av energianvändande byggnad | I30: =SUM(C30:H30)
A31: Varmgarage (m²) | I31: =SUM(C31:H31)
A32: A-temp totalt (m²) | C32: =C21+SUM(C24:C31) | D32: =D21+SUM(D24:D31) | E32: =E21+SUM(E24:E31) | F32: =F21+SUM(F24:F31) | G32: =G21+SUM(G24:G31) | H32: =H21+SUM(H24:H31) | I32: =I21+SUM(I24:I31)
A33: Andel av fastighetens A-temp | C33: =IFERROR(C32/$I$32,0) | D33: =IFERROR(D32/$I$32,0) | E33: =IFERROR(E32/$I$32,0) | F33: =IFERROR(F32/$I$32,0) | G33: =IFERROR(G32/$I$32,0) | H33: =IFERROR(H32/$I$32,0) | I33: =IFERROR(I32/$I$32,0)
A35: Fördelning av gemensamma mätare
A36: Används för mätare som försörjer "Alla" byggnader, t.ex. en fjärrvärmecentral med kulvert. Manuell andel ersätter den automatiska.
A37: Uppvärmning, automatisk andel (A-temp) | C37: =IFERROR(C32/$I$32,0) | D37: =IFERROR(D32/$I$32,0) | E37: =IFERROR(E32/$I$32,0) | F37: =IFERROR(F32/$I$32,0) | G37: =IFERROR(G32/$I$32,0) | H37: =IFERROR(H32/$I$32,0) | I37: =SUM(C37:H37)
A38: Uppvärmning, manuell andel | I38: =SUM(C38:H38)
A39: Uppvärmning, använd andel | C39: =IF(C38="",C37,C38) | D39: =IF(D38="",D37,D38) | E39: =IF(E38="",E37,E38) | F39: =IF(F38="",F37,F38) | G39: =IF(G38="",G37,G38) | H39: =IF(H38="",H37,H38) | I39: =SUM(C39:H39)
A40: Tappvarmvatten, automatisk andel (lägenheter, annars A-temp) | C40: =IF($I$18>0,IFERROR(C18/$I$18,0),IFERROR(C32/$I$32,0)) | D40: =IF($I$18>0,IFERROR(D18/$I$18,0),IFERROR(D32/$I$32,0)) | E40: =IF($I$18>0,IFERROR(E18/$I$18,0),IFERROR(E32/$I$32,0)) | F40: =IF($I$18>0,IFERROR(F18/$I$18,0),IFERROR(F32/$I$32,0)) | G40: =IF($I$18>0,IFERROR(G18/$I$18,0),IFERROR(G32/$I$32,0)) | H40: =IF($I$18>0,IFERROR(H18/$I$18,0),IFERROR(H32/$I$32,0)) | I40: =SUM(C40:H40)
A41: Tappvarmvatten, manuell andel | I41: =SUM(C41:H41)
A42: Tappvarmvatten, använd andel | C42: =IF(C41="",C40,C41) | D42: =IF(D41="",D40,D41) | E42: =IF(E41="",E40,E41) | F42: =IF(F41="",F40,F41) | G42: =IF(G41="",G40,G41) | H42: =IF(H41="",H40,H41) | I42: =SUM(C42:H42)
A43: El, kyla och övrigt (A-temp) | C43: =IFERROR(C32/$I$32,0) | D43: =IFERROR(D32/$I$32,0) | E43: =IFERROR(E32/$I$32,0) | F43: =IFERROR(F32/$I$32,0) | G43: =IFERROR(G32/$I$32,0) | H43: =IFERROR(H32/$I$32,0) | I43: =SUM(C43:H43)
A44: Hushållsel (A-temp bostäder) | C44: =IF($I$21>0,IFERROR(C21/$I$21,0),C43) | D44: =IF($I$21>0,IFERROR(D21/$I$21,0),D43) | E44: =IF($I$21>0,IFERROR(E21/$I$21,0),E43) | F44: =IF($I$21>0,IFERROR(F21/$I$21,0),F43) | G44: =IF($I$21>0,IFERROR(G21/$I$21,0),G43) | H44: =IF($I$21>0,IFERROR(H21/$I$21,0),H43) | I44: =SUM(C44:H44)
A46: Egenanvänd solel som minskar energiprestandatalet (från fliken El)
A47: Till fastighetsenergi | C47: =El!C128 | D47: =El!D128 | E47: =El!E128 | F47: =El!F128 | G47: =El!G128 | H47: =El!H128 | I47: =SUM(C47:H47)
A48: Till värmepump, elvärme och komfortkyla | C48: =El!C132 | D48: =El!D132 | E48: =El!E132 | F48: =El!F132 | G48: =El!G132 | H48: =El!H132 | I48: =SUM(C48:H48)
A50: Tidigare energideklaration (för jämförelse)
A51: Energiprestanda, primärenergital (kWh/m²,år)
A52: Energiklass

Sheet Tidigare deklarationer
A1: Tidigare energideklarationer
A2: Uppgifter inlästa från tidigare energideklarationer. Används som referens och av Gripen-exporten. Energivärdena gäller den tidigare mätperioden.
A4: Byggnad | C4: =Byggnader!C12 | D4: =Byggnader!D12 | E4: =Byggnader!E12 | F4: =Byggnader!F12 | G4: =Byggnader!G12 | H4: =Byggnader!H12
A5: Energideklarations-ID
A6: Blankettversion
A7: Datum för godkännande
A8: Län
A9: Kommun
A10: Fastighetsbeteckning
A11: Egen beteckning
A12: Husnummer
A13: Prefix byggnadsid
A14: Byggnadsid
A15: Adresser (adress; postnr; postort | …)
A16: Typkod
... A51: Inläsningskommentarer

Sheet Mätdata
A1: Köpt energi och vatten
A2: Ange uppmätt energi för värme, tappvarmvatten och fjärrkyla för mätperioden, ej normalårskorrigerad. Välj vilken byggnad mätaren försörjer, eller Alla om den är gemensam. El anges i fliken El.
A4: Energimätare
A5: Mätare / benämning | B5: Energibärare | C5: Ändamål | D5: Försörjer | E5: kWh | F5: Kommentar
A26: Ändamål: "Värme och tappvarmvatten" = kombinerad mätare, fördelas på uppvärmning/tappvarmvatten via vattenförbrukningen. "Endast uppvärmning" och "Endast tappvarmvatten inkl. VVC" = separata mätare (t.ex. nyproduktion), värdet används direkt utan fördelning.
A27: Vattenmätare
A28: Mätare / benämning | B28: Försörjer | C28: m³
A37: Summa vatten (m³) | C37: =SUM(C29:C36)
A39: Tappvarmvatten
A40: Andel varmvatten av total vattenförbrukning | B40: 0.35
A41: Energiinnehåll i varmvatten (kWh/m³) | B41: 55
A42: Verkningsgrad varmvattensystem inkl. VVC | B42: 1
A43: Faktiskt energibehov om vattenmätning saknas (kWh/m²,år) | B43: 25
A45: Värmeproduktion
A46: Värmekälla | B46: Köpt energi kWh/år | C46: Andel av varmvattenproduktion (kombinerade mätare) | D46: Årsverkningsgrad | E46: Viktningsfaktor | F46: Energikälla i Gripen
A47: Fjärrvärme | B47: =SUMIFS($E$6:$E$25,$B$6:$B$25,"Fjärrvärme",$C$6:$C$25,"Värme och tappvarmvatten")+SUMIFS($E$6:$E$25,$B$6:$B$25,"Fjärrvärme",$C$6:$C$25,"Endast uppvärmning")+SUMIFS($E$6:$E$25,$B$6:$B$25,"Fjärrvärme",$C$6:$C$25,"Endast tappvarmvatten inkl. VVC") | C47: 1 | D47: 1 | E47: ='Regler BFS 2026'!$B$5 | F47: Fjärrvärme
A48: Värmepump (el) | B48: =El!I129 | C48: 0 | D48: 2.5 | E48: ='Regler BFS 2026'!$B$4 | F48: Värmepump – välj typ
A49: Elvärme | B49: =El!I130 | C49: 0 | D49: 1 | E49: ='Regler BFS 2026'!$B$4 | F49: El – välj typ
A50: Olja | B50: =SUMIFS($E$6:$E$25,$B$6:$B$25,"Olja",$C$6:$C$25,"Värme och tappvarmvatten")+SUMIFS($E$6:$E$25,$B$6:$B$25,"Olja",$C$6:$C$25,"Endast uppvärmning")+SUMIFS($E$6:$E$25,$B$6:$B$25,"Olja",$C$6:$C$25,"Endast tappvarmvatten inkl. VVC") | C50: 0 | D50: 0.85 | E50: ='Regler BFS 2026'!$B$8 | F50: Olja
A51: Gas | B51: =SUMIFS($E$6:$E$25,$B$6:$B$25,"Gas",$C$6:$C$25,"Värme och tappvarmvatten")+SUMIFS($E$6:$E$25,$B$6:$B$25,"Gas",$C$6:$C$25,"Endast uppvärmning")+SUMIFS($E$6:$E$25,$B$6:$B$25,"Gas",$C$6:$C$25,"Endast tappvarmvatten inkl. VVC") | C51: 0 | D51: 0.9 | E51: ='Regler BFS 2026'!$B$8 | F51: Gas
A52: Pellets/flis/briketter | B52: =SUMIFS($E$6:$E$25,$B$6:$B$25,"Pellets/flis/briketter",$C$6:$C$25,"Värme och tappvarmvatten")+SUMIFS($E$6:$E$25,$B$6:$B$25,"Pellets/flis/briketter",$C$6:$C$25,"Endast uppvärmning")+SUMIFS($E$6:$E$25,$B$6:$B$25,"Pellets/flis/briketter",$C$6:$C$25,"Endast tappvarmvatten inkl. VVC") | C52: 0 | D52: 0.85 | E52: ='Regler BFS 2026'!$B$7 | F52: Flis/pellets/briketter
A53: Ved | B53: =SUMIFS($E$6:$E$25,$B$6:$B$25,"Ved",$C$6:$C$25,"Värme och tappvarmvatten")+SUMIFS($E$6:$E$25,$B$6:$B$25,"Ved",$C$6:$C$25,"Endast uppvärmning")+SUMIFS($E$6:$E$25,$B$6:$B$25,"Ved",$C$6:$C$25,"Endast tappvarmvatten inkl. VVC") | C53: 0 | D53: 0.75 | E53: ='Regler BFS 2026'!$B$7 | F53: Ved
A54: Övrigt biobränsle | B54: =SUMIFS($E$6:$E$25,$B$6:$B$25,"Övrigt biobränsle",$C$6:$C$25,"Värme och tappvarmvatten")+SUMIFS($E$6:$E$25,$B$6:$B$25,"Övrigt biobränsle",$C$6:$C$25,"Endast uppvärmning")+SUMIFS($E$6:$E$25,$B$6:$B$25,"Övrigt biobränsle",$C$6:$C$25,"Endast tappvarmvatten inkl. VVC") | C54: 0 | D54: 0.85 | E54: ='Regler BFS 2026'!$B$7 | F54: Övrigt biobränsle
A55: Summa | B55: =SUM(B47:B54) | C55: =SUM(C47:C54)
A56: Kulvertförluster (kWh/år) | B56: 0
A57: Kulvertförluster hanteras | B57: Fördelas på byggnaderna
A59: El
A60: All el, IMD och solceller anges i fliken El. Här anges bara värme, tappvarmvatten och fjärrkyla.

Sheet El
A1: El och solceller
A2: Fyll i uppmätt el från fastighetens elmätare, IMD och solceller. Besiktningen fördelar sedan den gemensamma elen på förbrukarna, och den egenanvända solelen fördelas på samma förbrukare.
A4: Gemensamt för fastigheten
A5: Specifik solproduktion (kWh/kWp,år) | C5: 900
A6: Total solproduktion, om produktion per byggnad saknas (kWh/år)
A7: Total såld el, om såld el per byggnad saknas (kWh/år)
A9: Uppmätt el och solceller per byggnad
A10: Byggnad | C10: =Byggnader!C12 | D10: =Byggnader!D12 | E10: =Byggnader!E12 | F10: =Byggnader!F12 | G10: =Byggnader!G12 | H10: =Byggnader!H12 | I10: Summa
A11: Köpt el enligt fastighetens elmätare (kWh/år) | I11: =SUM(C11:H11)
A12: Varav IMD-el till lägenheter (kWh/år) | I12: =SUM(C12:H12)
A13: Hushållsel med egna abonnemang, om känd (kWh/år) | I13: =SUM(C13:H13)
A14: Solceller, installerad effekt (kWp) | I14: =SUM(C14:H14)
A15: Solceller, uppmätt årsproduktion (kWh/år) | I15: =SUM(C15:H15)
A16: Solceller, såld el, överskott (kWh/år) | I16: =SUM(C16:H16)
A17: Solproduktion (kWh/år) | C17: =IF(C15<>"",C15,IF($C$6>0,$C$6*IF($I$14>0,C14/$I$14,Byggnader!C33),C14*$C$5)) | D17: =IF(D15<>"",D15,IF($C$6>0,$C$6*IF($I$14>0,D14/$I$14,Byggnader!D33),D14*$C$5)) | E17: =IF(E15<>"",E15,IF($C$6>0,$C$6*IF($I$14>0,E14/$I$14,Byggnader!E33),E14*$C$5)) | F17: =IF(F15<>"",F15,IF($C$6>0,$C$6*IF($I$14>0,F14/$I$14,Byggnader!F33),F14*$C$5)) | G17: =IF(G15<>"",G15,IF($C$6>0,$C$6*IF($I$14>0,G14/$I$14,Byggnader!G33),G14*$C$5)) | H17: =IF(H15<>"",H15,IF($C$6>0,$C$6*IF($I$14>0,H14/$I$14,Byggnader!H33),H14*$C$5)) | I17: =SUM(C17:H17)
A18: Såld el (kWh/år) | C18: =IF(C16<>"",C16,N($C$7)*IFERROR(C17/$I$17,0)) | D18: =IF(D16<>"",D16,N($C$7)*IFERROR(D17/$I$17,0)) | E18: =IF(E16<>"",E16,N($C$7)*IFERROR(E17/$I$17,0)) | F18: =IF(F16<>"",F16,N($C$7)*IFERROR(F17/$I$17,0)) | G18: =IF(G16<>"",G16,N($C$7)*IFERROR(G17/$I$17,0)) | H18: =IF(H16<>"",H16,N($C$7)*IFERROR(H17/$I$17,0)) | I18: =SUM(C18:H18)
A19: Egenanvänd solel (kWh/år) | C19: =MAX(0,C17-C18) | D19: =MAX(0,D17-D18) | E19: =MAX(0,E17-E18) | F19: =MAX(0,F17-F18) | G19: =MAX(0,G17-G18) | H19: =MAX(0,H17-H18) | I19: =SUM(C19:H19)
A20: Total elanvändning bakom mätaren (kWh/år) | C20: =C11+C19 | D20: =D11+D19 | E20: =E11+E19 | F20: =F11+F19 | G20: =G11+G19 | H20: =H11+H19 | I20: =SUM(C20:H20)
A21: Gemensam el att fördela, exkl. IMD (kWh/år) | C21: =MAX(0,C20-C12) | D21: =MAX(0,D20-D12) | E21: =MAX(0,E20-E12) | F21: =MAX(0,F20-F12) | G21: =MAX(0,G20-G12) | H21: =MAX(0,H20-H12) | I21: =SUM(C21:H21)
A23: Besiktningens fördelning av den gemensamma elen
A24: Förbrukare | B24: Ingår i energiprestanda | C24: Besiktningens beräkning kWh/år | D24: Andel
A25: Fastighetsel (ventilation, pumpar, belysning, styrning) | B25: Ja | C25: =Besiktningsprotokoll!D125 | D25: =IFERROR(C25/SUM($C$25:$C$30),0)
A26: Värmepump | B26: Ja | C26: =Besiktningsprotokoll!G88 | D26: =IFERROR(C26/SUM($C$25:$C$30),0)
A27: Elvärme | B27: Ja | C27: =Besiktningsprotokoll!D130 | D27: =IFERROR(C27/SUM($C$25:$C$30),0)
A28: El för komfortkyla | B28: Ja | C28: =Besiktningsprotokoll!J88 | D28: =IFERROR(C28/SUM($C$25:$C$30),0)
A29: Verksamhetsel (tvättstugor, motorvärmare, utebelysning) | B29: Nej | C29: =Besiktningsprotokoll!E8 | D29: =IFERROR(C29/SUM($C$25:$C$30),0)
A30: El utanför systemgräns (hiss, värmekablar m.m.) | B30: Nej | C30: 0 | D30: =IFERROR(C30/SUM($C$25:$C$30),0)
A31: Summa | C31: =SUM(C25:C30) | D31: =SUM(D25:D30)
A32: Besiktningens summa jämfört med uppmätt gemensam el | C32: =IFERROR(C31/$I$21-1,0)
A34: Manuell andel per byggnad (%), lämna tomt för besiktningens andel (rad 150–155)
A35: Byggnad | C35: =Byggnader!C12 | D35: =Byggnader!D12 | E35: =Byggnader!E12 | F35: =Byggnader!F12 | G35: =Byggnader!G12 | H35: =Byggnader!H12 | I35: Summa
A36: Fastighetsel (ventilation, pumpar, belysning, styrning)
A37: Värmepump
A38: Elvärme
A39: El för komfortkyla
A40: Verksamhetsel (tvättstugor, motorvärmare, utebelysning)
A41: El utanför systemgräns (hiss, värmekablar m.m.)
A43: Uppmätt el per förbrukare, om undermätare finns (kWh/år)
A44: Byggnad | C44: =Byggnader!C12 | D44: =Byggnader!D12 | E44: =Byggnader!E12 | F44: =Byggnader!F12 | G44: =Byggnader!G12 | H44: =Byggnader!H12 | I44: Summa
A45: Fastighetsel (ventilation, pumpar, belysning, styrning)
A46: Värmepump
A47: Elvärme
A48: El för komfortkyla
A49: Verksamhetsel (tvättstugor, motorvärmare, utebelysning)
A50: El utanför systemgräns (hiss, värmekablar m.m.)
A52: Andel som används för fördelningen
A53: Byggnad | C53: =Byggnader!C12 | D53: =Byggnader!D12 | E53: =Byggnader!E12 | F53: =Byggnader!F12 | G53: =Byggnader!G12 | H53: =Byggnader!H12 | I53: Summa
A54: Fastighetsel (ventilation, pumpar, belysning, styrning) | C54: =IF(C45<>"",0,IF(C36<>"",C36,C150)) | D54: =IF(D45<>"",0,IF(D36<>"",D36,D150)) | E54: =IF(E45<>"",0,IF(E36<>"",E36,E150)) | F54: =IF(F45<>"",0,IF(F36<>"",F36,F150)) | G54: =IF(G45<>"",0,IF(G36<>"",G36,G150)) | H54: =IF(H45<>"",0,IF(H36<>"",H36,H150))
A55: Värmepump | C55: =IF(C46<>"",0,IF(C37<>"",C37,C151)) | D55: =IF(D46<>"",0,IF(D37<>"",D37,D151)) | E55: =IF(E46<>"",0,IF(E37<>"",E37,E151)) | F55: =IF(F46<>"",0,IF(F37<>"",F37,F151)) | G55: =IF(G46<>"",0,IF(G37<>"",G37,G151)) | H55: =IF(H46<>"",0,IF(H37<>"",H37,H151))
A56: Elvärme | C56: =IF(C47<>"",0,IF(C38<>"",C38,C152)) | D56: =IF(D47<>"",0,IF(D38<>"",D38,D152)) | E56: =IF(E47<>"",0,IF(E38<>"",E38,E152)) | F56: =IF(F47<>"",0,IF(F38<>"",F38,F152)) | G56: =IF(G47<>"",0,IF(G38<>"",G38,G152)) | H56: =IF(H47<>"",0,IF(H38<>"",H38,H152))
A57: El för komfortkyla | C57: =IF(C48<>"",0,IF(C39<>"",C39,C153)) | D57: =IF(D48<>"",0,IF(D39<>"",D39,D153)) | E57: =IF(E48<>"",0,IF(E39<>"",E39,E153)) | F57: =IF(F48<>"",0,IF(F39<>"",F39,F153)) | G57: =IF(G48<>"",0,IF(G39<>"",G39,G153)) | H57: =IF(H48<>"",0,IF(H39<>"",H39,H153))
A58: Verksamhetsel (tvättstugor, motorvärmare, utebelysning) | C58: =IF(C49<>"",0,IF(C40<>"",C40,C154)) | D58: =IF(D49<>"",0,IF(D40<>"",D40,D154)) | E58: =IF(E49<>"",0,IF(E40<>"",E40,E154)) | F58: =IF(F49<>"",0,IF(F40<>"",F40,F154)) | G58: =IF(G49<>"",0,IF(G40<>"",G40,G154)) | H58: =IF(H49<>"",0,IF(H40<>"",H40,H154))
A59: El utanför systemgräns (hiss, värmekablar m.m.) | C59: =IF(C50<>"",0,IF(C41<>"",C41,C155)) | D59: =IF(D50<>"",0,IF(D41<>"",D41,D155)) | E59: =IF(E50<>"",0,IF(E41<>"",E41,E155)) | F59: =IF(F50<>"",0,IF(F41<>"",F41,F155)) | G59: =IF(G50<>"",0,IF(G41<>"",G41,G155)) | H59: =IF(H50<>"",0,IF(H41<>"",H41,H155))
A61: Fördelad gemensam el (kWh/år)
A62: Byggnad | C62: =Byggnader!C12 | D62: =Byggnader!D12 | E62: =Byggnader!E12 | F62: =Byggnader!F12 | G62: =Byggnader!G12 | H62: =Byggnader!H12 | I62: Summa
A63: Fastighetsel (ventilation, pumpar, belysning, styrning) | C63: =IF(C45<>"",C45,IFERROR(MAX(0,C$21-SUM(C$45:C$50))*C54/SUM(C$54:C$59),0)) | D63: =IF(D45<>"",D45,IFERROR(MAX(0,D$21-SUM(D$45:D$50))*D54/SUM(D$54:D$59),0)) | E63: =IF(E45<>"",E45,IFERROR(MAX(0,E$21-SUM(E$45:E$50))*E54/SUM(E$54:E$59),0)) | F63: =IF(F45<>"",F45,IFERROR(MAX(0,F$21-SUM(F$45:F$50))*F54/SUM(F$54:F$59),0)) | G63: =IF(G45<>"",G45,IFERROR(MAX(0,G$21-SUM(G$45:G$50))*G54/SUM(G$54:G$59),0)) | H63: =IF(H45<>"",H45,IFERROR(MAX(0,H$21-SUM(H$45:H$50))*H54/SUM(H$54:H$59),0)) | I63: =SUM(C63:H63)
A64: Värmepump | C64: =IF(C46<>"",C46,IFERROR(MAX(0,C$21-SUM(C$45:C$50))*C55/SUM(C$54:C$59),0)) | D64: =IF(D46<>"",D46,IFERROR(MAX(0,D$21-SUM(D$45:D$50))*D55/SUM(D$54:D$59),0)) | E64: =IF(E46<>"",E46,IFERROR(MAX(0,E$21-SUM(E$45:E$50))*E55/SUM(E$54:E$59),0)) | F64: =IF(F46<>"",F46,IFERROR(MAX(0,F$21-SUM(F$45:F$50))*F55/SUM(F$54:F$59),0)) | G64: =IF(G46<>"",G46,IFERROR(MAX(0,G$21-SUM(G$45:G$50))*G55/SUM(G$54:G$59),0)) | H64: =IF(H46<>"",H46,IFERROR(MAX(0,H$21-SUM(H$45:H$50))*H55/SUM(H$54:H$59),0)) | I64: =SUM(C64:H64)
A65: Elvärme | C65: =IF(C47<>"",C47,IFERROR(MAX(0,C$21-SUM(C$45:C$50))*C56/SUM(C$54:C$59),0)) | D65: =IF(D47<>"",D47,IFERROR(MAX(0,D$21-SUM(D$45:D$50))*D56/SUM(D$54:D$59),0)) | E65: =IF(E47<>"",E47,IFERROR(MAX(0,E$21-SUM(E$45:E$50))*E56/SUM(E$54:E$59),0)) | F65: =IF(F47<>"",F47,IFERROR(MAX(0,F$21-SUM(F$45:F$50))*F56/SUM(F$54:F$59),0)) | G65: =IF(G47<>"",G47,IFERROR(MAX(0,G$21-SUM(G$45:G$50))*G56/SUM(G$54:G$59),0)) | H65: =IF(H47<>"",H47,IFERROR(MAX(0,H$21-SUM(H$45:H$50))*H56/SUM(H$54:H$59),0)) | I65: =SUM(C65:H65)
A66: El för komfortkyla | C66: =IF(C48<>"",C48,IFERROR(MAX(0,C$21-SUM(C$45:C$50))*C57/SUM(C$54:C$59),0)) | D66: =IF(D48<>"",D48,IFERROR(MAX(0,D$21-SUM(D$45:D$50))*D57/SUM(D$54:D$59),0)) | E66: =IF(E48<>"",E48,IFERROR(MAX(0,E$21-SUM(E$45:E$50))*E57/SUM(E$54:E$59),0)) | F66: =IF(F48<>"",F48,IFERROR(MAX(0,F$21-SUM(F$45:F$50))*F57/SUM(F$54:F$59),0)) | G66: =IF(G48<>"",G48,IFERROR(MAX(0,G$21-SUM(G$45:G$50))*G57/SUM(G$54:G$59),0)) | H66: =IF(H48<>"",H48,IFERROR(MAX(0,H$21-SUM(H$45:H$50))*H57/SUM(H$54:H$59),0)) | I66: =SUM(C66:H66)
A67: Verksamhetsel (tvättstugor, motorvärmare, utebelysning) | C67: =IF(C49<>"",C49,IFERROR(MAX(0,C$21-SUM(C$45:C$50))*C58/SUM(C$54:C$59),0)) | D67: =IF(D49<>"",D49,IFERROR(MAX(0,D$21-SUM(D$45:D$50))*D58/SUM(D$54:D$59),0)) | E67: =IF(E49<>"",E49,IFERROR(MAX(0,E$21-SUM(E$45:E$50))*E58/SUM(E$54:E$59),0)) | F67: =IF(F49<>"",F49,IFERROR(MAX(0,F$21-SUM(F$45:F$50))*F58/SUM(F$54:F$59),0)) | G67: =IF(G49<>"",G49,IFERROR(MAX(0,G$21-SUM(G$45:G$50))*G58/SUM(G$54:G$59),0)) | H67: =IF(H49<>"",H49,IFERROR(MAX(0,H$21-SUM(H$45:H$50))*H58/SUM(H$54:H$59),0)) | I67: =SUM(C67:H67)
A68: El utanför systemgräns (hiss, värmekablar m.m.) | C68: =IF(C50<>"",C50,IFERROR(MAX(0,C$21-SUM(C$45:C$50))*C59/SUM(C$54:C$59),0)) | D68: =IF(D50<>"",D50,IFERROR(MAX(0,D$21-SUM(D$45:D$50))*D59/SUM(D$54:D$59),0)) | E68: =IF(E50<>"",E50,IFERROR(MAX(0,E$21-SUM(E$45:E$50))*E59/SUM(E$54:E$59),0)) | F68: =IF(F50<>"",F50,IFERROR(MAX(0,F$21-SUM(F$45:F$50))*F59/SUM(F$54:F$59),0)) | G68: =IF(G50<>"",G50,IFERROR(MAX(0,G$21-SUM(G$45:G$50))*G59/SUM(G$54:G$59),0)) | H68: =IF(H50<>"",H50,IFERROR(MAX(0,H$21-SUM(H$45:H$50))*H59/SUM(H$54:H$59),0)) | I68: =SUM(C68:H68)
A69: Summa | C69: =SUM(C63:C68) | D69: =SUM(D63:D68) | E69: =SUM(E63:E68) | F69: =SUM(F63:F68) | G69: =SUM(G63:G68) | H69: =SUM(H63:H68) | I69: =SUM(I63:I68)
A71: Andel av gemensam el (%)
A72: Byggnad | C72: =Byggnader!C12 | D72: =Byggnader!D12 | E72: =Byggnader!E12 | F72: =Byggnader!F12 | G72: =Byggnader!G12 | H72: =Byggnader!H12 | I72: Summa
A73: Fastighetsel (ventilation, pumpar, belysning, styrning) | C73: =IFERROR(C63/C$21,0) | D73: =IFERROR(D63/D$21,0) | E73: =IFERROR(E63/E$21,0) | F73: =IFERROR(F63/F$21,0) | G73: =IFERROR(G63/G$21,0) | H73: =IFERROR(H63/H$21,0) | I73: =IFERROR(I63/I$21,0)
A74: Värmepump | C74: =IFERROR(C64/C$21,0) | D74: =IFERROR(D64/D$21,0) | E74: =IFERROR(E64/E$21,0) | F74: =IFERROR(F64/F$21,0) | G74: =IFERROR(G64/G$21,0) | H74: =IFERROR(H64/H$21,0) | I74: =IFERROR(I64/I$21,0)
A75: Elvärme | C75: =IFERROR(C65/C$21,0) | D75: =IFERROR(D65/D$21,0) | E75: =IFERROR(E65/E$21,0) | F75: =IFERROR(F65/F$21,0) | G75: =IFERROR(G65/G$21,0) | H75: =IFERROR(H65/H$21,0) | I75: =IFERROR(I65/I$21,0)
A76: El för komfortkyla | C76: =IFERROR(C66/C$21,0) | D76: =IFERROR(D66/D$21,0) | E76: =IFERROR(E66/E$21,0) | F76: =IFERROR(F66/F$21,0) | G76: =IFERROR(G66/G$21,0) | H76: =IFERROR(H66/H$21,0) | I76: =IFERROR(I66/I$21,0)
A77: Verksamhetsel (tvättstugor, motorvärmare, utebelysning) | C77: =IFERROR(C67/C$21,0) | D77: =IFERROR(D67/D$21,0) | E77: =IFERROR(E67/E$21,0) | F77: =IFERROR(F67/F$21,0) | G77: =IFERROR(G67/G$21,0) | H77: =IFERROR(H67/H$21,0) | I77: =IFERROR(I67/I$21,0)
A78: El utanför systemgräns (hiss, värmekablar m.m.) | C78: =IFERROR(C68/C$21,0) | D78: =IFERROR(D68/D$21,0) | E78: =IFERROR(E68/E$21,0) | F78: =IFERROR(F68/F$21,0) | G78: =IFERROR(G68/G$21,0) | H78: =IFERROR(H68/H$21,0) | I78: =IFERROR(I68/I$21,0)
A79: Kontroll: fördelad minus gemensam el (kWh/år) | C79: =C69-C21 | D79: =D69-D21 | E79: =E69-E21 | F79: =F69-F21 | G79: =G69-G21 | H79: =H69-H21 | I79: =I69-I21
A81: Elanvändning som kan täckas av egenanvänd solel (kWh/år)
A82: Byggnad | B82: Samtidighets-faktor | C82: =Byggnader!C12 | D82: =Byggnader!D12 | E82: =Byggnader!E12 | F82: =Byggnader!F12 | G82: =Byggnader!G12 | H82: =Byggnader!H12 | I82: Summa
A83: Hushållsel via IMD | B83: 1 | C83: =C12 | D83: =D12 | E83: =E12 | F83: =F12 | G83: =G12 | H83: =H12 | I83: =SUM(C83:H83)
A84: Fastighetsel (ventilation, pumpar, belysning, styrning) | B84: 1 | C84: =C63 | D84: =D63 | E84: =E63 | F84: =F63 | G84: =G63 | H84: =H63 | I84: =SUM(C84:H84)
A85: Värmepump | B85: 1 | C85: =C64 | D85: =D64 | E85: =E64 | F85: =F64 | G85: =G64 | H85: =H64 | I85: =SUM(C85:H85)
A86: Elvärme | B86: 1 | C86: =C65 | D86: =D65 | E86: =E65 | F86: =F65 | G86: =G65 | H86: =H65 | I86: =SUM(C86:H86)
A87: El för komfortkyla | B87: 1 | C87: =C66 | D87: =D66 | E87: =E66 | F87: =F66 | G87: =G66 | H87: =H66 | I87: =SUM(C87:H87)
A88: Verksamhetsel (tvättstugor, motorvärmare, utebelysning) | B88: 1 | C88: =C67 | D88: =D67 | E88: =E67 | F88: =F67 | G88: =G67 | H88: =H67 | I88: =SUM(C88:H88)
A89: El utanför systemgräns (hiss, värmekablar m.m.) | B89: 1 | C89: =C68 | D89: =D68 | E89: =E68 | F89: =F68 | G89: =G68 | H89: =H68 | I89: =SUM(C89:H89)
A90: Summa förbrukning | C90: =SUM(C83:C89) | D90: =SUM(D83:D89) | E90: =SUM(E83:E89) | F90: =SUM(F83:F89) | G90: =SUM(G83:G89) | H90: =SUM(H83:H89) | I90: =SUM(I83:I89)
A91: Summa förbrukning × samtidighetsfaktor | C91: =SUMPRODUCT($B$83:$B$89,C83:C89) | D91: =SUMPRODUCT($B$83:$B$89,D83:D89) | E91: =SUMPRODUCT($B$83:$B$89,E83:E89) | F91: =SUMPRODUCT($B$83:$B$89,F83:F89) | G91: =SUMPRODUCT($B$83:$B$89,G83:G89) | H91: =SUMPRODUCT($B$83:$B$89,H83:H89) | I91: =SUMPRODUCT($B$83:$B$89,I83:I89)
A93: Egenanvänd solel per förbrukare (kWh/år)
A94: Byggnad | C94: =Byggnader!C12 | D94: =Byggnader!D12 | E94: =Byggnader!E12 | F94: =Byggnader!F12 | G94: =Byggnader!G12 | H94: =Byggnader!H12 | I94: Summa
A95: Hushållsel via IMD | C95: =IFERROR(MIN(C83,C$19*$B83*C83/C$91),0) | D95: =IFERROR(MIN(D83,D$19*$B83*D83/D$91),0) | E95: =IFERROR(MIN(E83,E$19*$B83*E83/E$91),0) | F95: =IFERROR(MIN(F83,F$19*$B83*F83/F$91),0) | G95: =IFERROR(MIN(G83,G$19*$B83*G83/G$91),0) | H95: =IFERROR(MIN(H83,H$19*$B83*H83/H$91),0) | I95: =SUM(C95:H95)
A96: Fastighetsel (ventilation, pumpar, belysning, styrning) | C96: =IFERROR(MIN(C84,C$19*$B84*C84/C$91),0) | D96: =IFERROR(MIN(D84,D$19*$B84*D84/D$91),0) | E96: =IFERROR(MIN(E84,E$19*$B84*E84/E$91),0) | F96: =IFERROR(MIN(F84,F$19*$B84*F84/F$91),0) | G96: =IFERROR(MIN(G84,G$19*$B84*G84/G$91),0) | H96: =IFERROR(MIN(H84,H$19*$B84*H84/H$91),0) | I96: =SUM(C96:H96)
A97: Värmepump | C97: =IFERROR(MIN(C85,C$19*$B85*C85/C$91),0) | D97: =IFERROR(MIN(D85,D$19*$B85*D85/D$91),0) | E97: =IFERROR(MIN(E85,E$19*$B85*E85/E$91),0) | F97: =IFERROR(MIN(F85,F$19*$B85*F85/F$91),0) | G97: =IFERROR(MIN(G85,G$19*$B85*G85/G$91),0) | H97: =IFERROR(MIN(H85,H$19*$B85*H85/H$91),0) | I97: =SUM(C97:H97)
A98: Elvärme | C98: =IFERROR(MIN(C86,C$19*$B86*C86/C$91),0) | D98: =IFERROR(MIN(D86,D$19*$B86*D86/D$91),0) | E98: =IFERROR(MIN(E86,E$19*$B86*E86/E$91),0) | F98: =IFERROR(MIN(F86,F$19*$B86*F86/F$91),0) | G98: =IFERROR(MIN(G86,G$19*$B86*G86/G$91),0) | H98: =IFERROR(MIN(H86,H$19*$B86*H86/H$91),0) | I98: =SUM(C98:H98)
A99: El för komfortkyla | C99: =IFERROR(MIN(C87,C$19*$B87*C87/C$91),0) | D99: =IFERROR(MIN(D87,D$19*$B87*D87/D$91),0) | E99: =IFERROR(MIN(E87,E$19*$B87*E87/E$91),0) | F99: =IFERROR(MIN(F87,F$19*$B87*F87/F$91),0) | G99: =IFERROR(MIN(G87,G$19*$B87*G87/G$91),0) | H99: =IFERROR(MIN(H87,H$19*$B87*H87/H$91),0) | I99: =SUM(C99:H99)
A100: Verksamhetsel (tvättstugor, motorvärmare, utebelysning) | C100: =IFERROR(MIN(C88,C$19*$B88*C88/C$91),0) | D100: =IFERROR(MIN(D88,D$19*$B88*D88/D$91),0) | E100: =IFERROR(MIN(E88,E$19*$B88*E88/E$91),0) | F100: =IFERROR(MIN(F88,F$19*$B88*F88/F$91),0) | G100: =IFERROR(MIN(G88,G$19*$B88*G88/G$91),0) | H100: =IFERROR(MIN(H88,H$19*$B88*H88/H$91),0) | I100: =SUM(C100:H100)
A101: El utanför systemgräns (hiss, värmekablar m.m.) | C101: =IFERROR(MIN(C89,C$19*$B89*C89/C$91),0) | D101: =IFERROR(MIN(D89,D$19*$B89*D89/D$91),0) | E101: =IFERROR(MIN(E89,E$19*$B89*E89/E$91),0) | F101: =IFERROR(MIN(F89,F$19*$B89*F89/F$91),0) | G101: =IFERROR(MIN(G89,G$19*$B89*G89/G$91),0) | H101: =IFERROR(MIN(H89,H$19*$B89*H89/H$91),0) | I101: =SUM(C101:H101)
A102: Summa fördelad solel | C102: =SUM(C95:C101) | D102: =SUM(D95:D101) | E102: =SUM(E95:E101) | F102: =SUM(F95:F101) | G102: =SUM(G95:G101) | H102: =SUM(H95:H101) | I102: =SUM(I95:I101)
A103: Solel som inte kan fördelas (överstiger förbrukningen) | C103: =C19-C102 | D103: =D19-D102 | E103: =E19-E102 | F103: =F19-F102 | G103: =G19-G102 | H103: =H19-H102 | I103: =I19-I102
A105: Andel av egenanvänd solel (%)
A106: Byggnad | C106: =Byggnader!C12 | D106: =Byggnader!D12 | E106: =Byggnader!E12 | F106: =Byggnader!F12 | G106: =Byggnader!G12 | H106: =Byggnader!H12 | I106: Summa
A107: Hushållsel via IMD | C107: =IFERROR(C95/C$19,0) | D107: =IFERROR(D95/D$19,0) | E107: =IFERROR(E95/E$19,0) | F107: =IFERROR(F95/F$19,0) | G107: =IFERROR(G95/G$19,0) | H107: =IFERROR(H95/H$19,0) | I107: =IFERROR(I95/I$19,0)
A108: Fastighetsel (ventilation, pumpar, belysning, styrning) | C108: =IFERROR(C96/C$19,0) | D108: =IFERROR(D96/D$19,0) | E108: =IFERROR(E96/E$19,0) | F108: =IFERROR(F96/F$19,0) | G108: =IFERROR(G96/G$19,0) | H108: =IFERROR(H96/H$19,0) | I108: =IFERROR(I96/I$19,0)
A109: Värmepump | C109: =IFERROR(C97/C$19,0) | D109: =IFERROR(D97/D$19,0) | E109: =IFERROR(E97/E$19,0) | F109: =IFERROR(F97/F$19,0) | G109: =IFERROR(G97/G$19,0) | H109: =IFERROR(H97/H$19,0) | I109: =IFERROR(I97/I$19,0)
A110: Elvärme | C110: =IFERROR(C98/C$19,0) | D110: =IFERROR(D98/D$19,0) | E110: =IFERROR(E98/E$19,0) | F110: =IFERROR(F98/F$19,0) | G110: =IFERROR(G98/G$19,0) | H110: =IFERROR(H98/H$19,0) | I110: =IFERROR(I98/I$19,0)
A111: El för komfortkyla | C111: =IFERROR(C99/C$19,0) | D111: =IFERROR(D99/D$19,0) | E111: =IFERROR(E99/E$19,0) | F111: =IFERROR(F99/F$19,0) | G111: =IFERROR(G99/G$19,0) | H111: =IFERROR(H99/H$19,0) | I111: =IFERROR(I99/I$19,0)
...

Sheet Besiktningsprotokoll
A1: Besiktningsprotokoll energideklaration
A2: Indata
A3: Kund | C3: Utförare | D3: Peter Persson
A4: Byggnad | C4: Företag | D4: HSB Värmland
A5: Adress | C5: Telefon | D5: 0708-192035
A6: Uppmätt yta A-temp m2 | B6: =Byggnader!I32 | C6: Mail | D6: peter.persson@hsb.se
A7: Energi enligt besiktning | B7: Elvärme | C7: Fastighetsel (Belysning, elmotorer mm. | E7: Beräknat värde av övrig el (tvättstugor 1–4, motorvärmare, utebelysning)
B8: =D130 | C8: =D125 | E8: =D107+C207
B9: El värmepump | C9: El komfortkyla | E9: Övrigt
B10: =G88 | C10: =J88
A11: 1 Klimatskärm
B12: Klimatskärm
B13: U-värde | E13: Kommentar
A14: Ytterväggar 1
A15: Ytterväggar källare
A16: Takbjälklag
A17: Fönster
A18: Övrigt
A19: 2 Klimat
B20: Klimat
B21: Mätningar | E21: Kommentar
A22: Rumstemperatur
A23: Rumstemperatur | B23: 21-22 | E23: Bedömt
A24: Rumstemperatur
A25: 3 Värmeproduktion/Inspektionsprotokoll | G25: Beräkning effekt via fjärrvärme
A26: Värmeproduktion beskrivning | G26: Utetemp | H26: -20
A27: Nominell effekt kW | B27: =Mätdata!E6/2000 | G27: Faktor 1 | H27: -1.7
A28: Effekt W/m2 | B28: =IFERROR(B27*1000/Byggnader!I32,0) | G28: Faktor 2 | H28: 29.39
A29: Bedömningsgrund | G29: VV% | H29: 0
A30: Kommentar | G30: Effekt tot | H30: =(H27*H26+H28)-(H27*H26+H28)*H29
A31: 4 Värmedistribution/Inspektionsprotokoll
E32: Kommentar
A33: Tryckuppsättning pump Mvp
A34: Stamventiler
A35: Radiatorventiler
A36: Termostater
A37: Rörsystem/Radiatorer
A38: Isolering
A39: Injustering bedömning
A40: Dimensionering
A41: Kommentarer
A42: 5 Styr och övervakningssystem/Inspektionsprotokoll
A43: System | B43: Typ | C43: Funktion | D43: År | E43: Kommentar/inställning
A44: Värme
A45: Varmvatten
A46: Ventilation
A47: Övrigt
A48: Kommentarer
A49: 6 Ventilationssystem
A50: System | B50: FF1 | C50: FTX lokal | E50: Kommentar/inställning | G50: Beräkning eftervärme vent | H50: System | I50: System
A51: Betjänar | B51: Lgh | C51: Lokal
A52: Typ (S,F,FTX FX) | B52: F | C52: FTX | G52: Drifttid %
A53: Märkeffekt | B53: =0.015*36 | C53: 0.2 | G53: Gradtimmar
A54: OVK besiktigad G eller ej EG | B54: G | C54: G | D54: G | G54: Flöde M3/s
A55: Drifttider h/år | B55: 8760 | C55: 2000 | D55: 8760 | G55: Återvinning %
A56: % Drifttid/år | B56: =B55/8760 | C56: =C55/8760 | D56: =D55/8760
A57: Luftflöde m3/s | B57: 0.2 | C57: 0.2 | D57: 0.5 | G57: Årsenergi kWh/år | H57: =H53*H54*H52*(1-H55) | I57: =I53*I54*I52*(1-I55)
A58: SFP-tal | B58: =B53/B57 | C58: =C53/C57
A59: System
A60: Betjänar
A61: Typ (S,F,FTX FX)
A62: Märkeffekt
A63: OVK besiktigad G eller ej EG | B63: G | C63: G | D63: G
A64: Drifttider h/år | B64: 8760 | C64: 8760 | D64: 8760
A65: % Drifttid/år | B65: =B64/8760 | C65: =C64/8760 | D65: =D64/8760
A66: Luftflöde m3/s | B66: 0.5 | C66: 0.5 | D66: 0.5
A67: SFP-tal
A68: System
A69: Betjänar
A70: Typ (S,F,FTX FX) | B70: 8760 | C70: 8760 | D70: 8760
A71: Märkeffekt | B71: =B70/8760 | C71: =C70/8760 | D71: =D70/8760
A72: OVK besiktigad G eller ej EG | B72: G | C72: G | D72: G
A73: Drifttider h/år | B73: 8760 | C73: 8760 | D73: 8760
A74: % Drifttid/år | B74: =B73/8760 | C74: =C73/8760 | D74: =D73/8760
A75: Luftflöde m3/s | B75: 0.5 | C75: 0.5 | D75: 0.5
A76: SFP-tal
A77: A-temp vent m2 | B77: =Byggnader!I32
A78: Genomsnittsflöde l/s m2 | B78: =(B56*B57+C56*C57+D56*D57+B65*B66+C65*C66+D65*D66+B74*B75+C74*C75+D74*D75)*1000/B77
A80: Kommentarer/noteringar
A81: 7 Värmepump/Kyla
A83: Värmepump | B83: Vp 1 | C83: Vp 2 | D83: Vp 3 | E83: Kommentar
A84: Fabrikat
A85: Märkeffekt | F85: Beräkning årsenergi VP | H85: Beräkning årsenergi kyla
A86: Värmeeffekt | F86: Ineffekt kW | G86: =B85+C85+D85 | H86: Ineffekt kW | J86: =B89+C89+D89
A87: Total nominell VP effekt | B87: =B86+C86+D86 | F87: Drifttid | G87: 5000 | H87: Drifttid | J87: 760
A88: Kylmaskin | B88: KM1 | C88: KM2 | D88: KM3 | F88: Årsenergi VP | G88: =G87*G86 | H88: Årsenergi kyla | J88: =J87*J86
A89: Märkeffekt
A90: Kyleffekt
A91: Total nominell kyleffekt | B91: =B90+C90+D90
A92: 8 Tappvarmvattensystem
A93: Beskrivning
B94: Temp grad C | C94: Kommentar
A95: Temperatur UC | B95: 55
A96: Temperatur VVC | B96: 50
A97: Temperatur tappställe
A98: Kommentarer/noteringar
A100: 9 Elinstallationer
A101: Verksamhetsel (ej i energideklaration)
B102: Effekt kW | C102: Drifttid/år | D102: Årlig elanvändning | E102: Kommentar | F102: Byggnad
A103: Motorvärmare | F103: Byggnad 1
...

Sheet Bilder
K202: 2022
G428: 7W
B581: Vindsisolering 2016

Sheet Normalisering
A1: Fördelning och normalisering per byggnad
A2: Uppvärmningen normaliseras till kategoritypisk användning men inte till normalår. Klimatkorrigeringen görs i Gripen.
A4: Schabloner
A5: Korrigering per grad avvikande innetemperatur (andel) | B5: 0.05
A6: Andel av el som blir tillgodogjord värme | B6: 0.7
A7: Personvärme per person (W) | B7: 80
A8: Närvarotid (h/dygn) | B8: 14
A9: Timmar uppvärmningssäsong (h) | B9: 6000
A10: Gradtimmar för ventilationsberäkning (°Ch) | B10: 100000
A12: Faktisk användning och val per byggnad
A13: Byggnad | C13: =Byggnader!C12 | D13: =Byggnader!D12 | E13: =Byggnader!E12 | F13: =Byggnader!F12 | G13: =Byggnader!G12 | H13: =Byggnader!H12 | I13: Summa
A14: Faktisk innetemperatur (°C) | C14: 21 | D14: 21 | E14: 21 | F14: 21 | G14: 21 | H14: 21
A15: Faktiskt uteluftsflöde (l/s,m²) | C15: 0.35 | D15: 0.35 | E15: 0.35 | F15: 0.35 | G15: 0.35 | H15: 0.35
A16: Värmeåtervinning ventilation (årsverkningsgrad) | C16: 0 | D16: 0 | E16: 0 | F16: 0 | G16: 0 | H16: 0
A17: Personer per lägenhet | C17: 1.63 | D17: 1.63 | E17: 1.63 | F17: 1.63 | G17: 1.63 | H17: 1.63
A18: Verksamhetsel inomhus som avger värme (kWh/år) | C18: 0 | D18: 0 | E18: 0 | F18: 0 | G18: 0 | H18: 0
A19: Normalisering innetemperatur (Ja/Nej) | C19: Ja | D19: Ja | E19: Ja | F19: Ja | G19: Ja | H19: Ja
A20: Normalisering uteluftsflöde (Ja/Nej) | C20: Ja | D20: Ja | E20: Ja | F20: Ja | G20: Ja | H20: Ja
A21: Normalisering internlast (Ja/Nej) | C21: Ja | D21: Ja | E21: Ja | F21: Ja | G21: Ja | H21: Ja
A22: Normalisering tappvarmvatten (Ja/Nej) | C22: Ja | D22: Ja | E22: Ja | F22: Ja | G22: Ja | H22: Ja
A24: Areor och kategoritypiska värden
A25: Byggnad | C25: =Byggnader!C12 | D25: =Byggnader!D12 | E25: =Byggnader!E12 | F25: =Byggnader!F12 | G25: =Byggnader!G12 | H25: =Byggnader!H12 | I25: Summa
A26: A-temp (m²) | C26: =Byggnader!C32 | D26: =Byggnader!D32 | E26: =Byggnader!E32 | F26: =Byggnader!F32 | G26: =Byggnader!G32 | H26: =Byggnader!H32 | I26: =SUM(C26:H26)
A27: Flerbostadshus | C27: =IF(Byggnader!C16="Flerbostadshus",(Byggnader!C21+Byggnader!C31),0) | D27: =IF(Byggnader!D16="Flerbostadshus",(Byggnader!D21+Byggnader!D31),0) | E27: =IF(Byggnader!E16="Flerbostadshus",(Byggnader!E21+Byggnader!E31),0) | F27: =IF(Byggnader!F16="Flerbostadshus",(Byggnader!F21+Byggnader!F31),0) | G27: =IF(Byggnader!G16="Flerbostadshus",(Byggnader!G21+Byggnader!G31),0) | H27: =IF(Byggnader!H16="Flerbostadshus",(Byggnader!H21+Byggnader!H31),0) | I27: =SUM(C27:H27)
A28: En- och tvåbostadshus < 90 m² | C28: =IF(AND(Byggnader!C16="En- och tvåbostadshus",C26<90),(Byggnader!C21+Byggnader!C31),0) | D28: =IF(AND(Byggnader!D16="En- och tvåbostadshus",D26<90),(Byggnader!D21+Byggnader!D31),0) | E28: =IF(AND(Byggnader!E16="En- och tvåbostadshus",E26<90),(Byggnader!E21+Byggnader!E31),0) | F28: =IF(AND(Byggnader!F16="En- och tvåbostadshus",F26<90),(Byggnader!F21+Byggnader!F31),0) | G28: =IF(AND(Byggnader!G16="En- och tvåbostadshus",G26<90),(Byggnader!G21+Byggnader!G31),0) | H28: =IF(AND(Byggnader!H16="En- och tvåbostadshus",H26<90),(Byggnader!H21+Byggnader!H31),0) | I28: =SUM(C28:H28)
A29: En- och tvåbostadshus 90–130 m² | C29: =IF(AND(Byggnader!C16="En- och tvåbostadshus",C26>=90,C26<130),(Byggnader!C21+Byggnader!C31),0) | D29: =IF(AND(Byggnader!D16="En- och tvåbostadshus",D26>=90,D26<130),(Byggnader!D21+Byggnader!D31),0) | E29: =IF(AND(Byggnader!E16="En- och tvåbostadshus",E26>=90,E26<130),(Byggnader!E21+Byggnader!E31),0) | F29: =IF(AND(Byggnader!F16="En- och tvåbostadshus",F26>=90,F26<130),(Byggnader!F21+Byggnader!F31),0) | G29: =IF(AND(Byggnader!G16="En- och tvåbostadshus",G26>=90,G26<130),(Byggnader!G21+Byggnader!G31),0) | H29: =IF(AND(Byggnader!H16="En- och tvåbostadshus",H26>=90,H26<130),(Byggnader!H21+Byggnader!H31),0) | I29: =SUM(C29:H29)
A30: En- och tvåbostadshus ≥ 130 m² | C30: =IF(AND(Byggnader!C16="En- och tvåbostadshus",C26>=130),(Byggnader!C21+Byggnader!C31),0) | D30: =IF(AND(Byggnader!D16="En- och tvåbostadshus",D26>=130),(Byggnader!D21+Byggnader!D31),0) | E30: =IF(AND(Byggnader!E16="En- och tvåbostadshus",E26>=130),(Byggnader!E21+Byggnader!E31),0) | F30: =IF(AND(Byggnader!F16="En- och tvåbostadshus",F26>=130),(Byggnader!F21+Byggnader!F31),0) | G30: =IF(AND(Byggnader!G16="En- och tvåbostadshus",G26>=130),(Byggnader!G21+Byggnader!G31),0) | H30: =IF(AND(Byggnader!H16="En- och tvåbostadshus",H26>=130),(Byggnader!H21+Byggnader!H31),0) | I30: =SUM(C30:H30)
A31: Kontor | C31: =Byggnader!C24 | D31: =Byggnader!D24 | E31: =Byggnader!E24 | F31: =Byggnader!F24 | G31: =Byggnader!G24 | H31: =Byggnader!H24 | I31: =SUM(C31:H31)
A32: Utbildning | C32: =Byggnader!C25 | D32: =Byggnader!D25 | E32: =Byggnader!E25 | F32: =Byggnader!F25 | G32: =Byggnader!G25 | H32: =Byggnader!H25 | I32: =SUM(C32:H32)
A33: Sjukhus | C33: =Byggnader!C26 | D33: =Byggnader!D26 | E33: =Byggnader!E26 | F33: =Byggnader!F26 | G33: =Byggnader!G26 | H33: =Byggnader!H26 | I33: =SUM(C33:H33)
A34: Logi och restaurang | C34: =Byggnader!C27 | D34: =Byggnader!D27 | E34: =Byggnader!E27 | F34: =Byggnader!F27 | G34: =Byggnader!G27 | H34: =Byggnader!H27 | I34: =SUM(C34:H34)
A35: Idrott | C35: =Byggnader!C28 | D35: =Byggnader!D28 | E35: =Byggnader!E28 | F35: =Byggnader!F28 | G35: =Byggnader!G28 | H35: =Byggnader!H28 | I35: =SUM(C35:H35)
A36: Handel och kultur | C36: =Byggnader!C29 | D36: =Byggnader!D29 | E36: =Byggnader!E29 | F36: =Byggnader!F29 | G36: =Byggnader!G29 | H36: =Byggnader!H29 | I36: =SUM(C36:H36)
A37: Annan typ av energianvändande byggnad | C37: =Byggnader!C30 | D37: =Byggnader!D30 | E37: =Byggnader!E30 | F37: =Byggnader!F30 | G37: =Byggnader!G30 | H37: =Byggnader!H30 | I37: =SUM(C37:H37)
A38: Kontrollsumma (m²) | C38: =SUM(C27:C37) | D38: =SUM(D27:D37) | E38: =SUM(E27:E37) | F38: =SUM(F27:F37) | G38: =SUM(G27:G37) | H38: =SUM(H27:H37) | I38: =SUM(I27:I37)
A39: Kategoritypisk innetemperatur (°C) | C39: =IFERROR(SUMPRODUCT(C$27:C$37,'Regler BFS 2026'!$B$12:$B$22)/C$38,0) | D39: =IFERROR(SUMPRODUCT(D$27:D$37,'Regler BFS 2026'!$B$12:$B$22)/D$38,0) | E39: =IFERROR(SUMPRODUCT(E$27:E$37,'Regler BFS 2026'!$B$12:$B$22)/E$38,0) | F39: =IFERROR(SUMPRODUCT(F$27:F$37,'Regler BFS 2026'!$B$12:$B$22)/F$38,0) | G39: =IFERROR(SUMPRODUCT(G$27:G$37,'Regler BFS 2026'!$B$12:$B$22)/G$38,0) | H39: =IFERROR(SUMPRODUCT(H$27:H$37,'Regler BFS 2026'!$B$12:$B$22)/H$38,0) | I39: =IFERROR(SUMPRODUCT(I$27:I$37,'Regler BFS 2026'!$B$12:$B$22)/I$38,0)
A40: Kategoritypiskt uteluftsflöde (l/s,m²) | C40: =IFERROR(SUMPRODUCT(C$27:C$37,'Regler BFS 2026'!$C$12:$C$22)/C$38,0) | D40: =IFERROR(SUMPRODUCT(D$27:D$37,'Regler BFS 2026'!$C$12:$C$22)/D$38,0) | E40: =IFERROR(SUMPRODUCT(E$27:E$37,'Regler BFS 2026'!$C$12:$C$22)/E$38,0) | F40: =IFERROR(SUMPRODUCT(F$27:F$37,'Regler BFS 2026'!$C$12:$C$22)/F$38,0) | G40: =IFERROR(SUMPRODUCT(G$27:G$37,'Regler BFS 2026'!$C$12:$C$22)/G$38,0) | H40: =IFERROR(SUMPRODUCT(H$27:H$37,'Regler BFS 2026'!$C$12:$C$22)/H$38,0) | I40: =IFERROR(SUMPRODUCT(I$27:I$37,'Regler BFS 2026'!$C$12:$C$22)/I$38,0)
A41: Kategoritypisk internlast (W/m²) | C41: =IFERROR(SUMPRODUCT(C$27:C$37,'Regler BFS 2026'!$D$12:$D$22)/C$38,0) | D41: =IFERROR(SUMPRODUCT(D$27:D$37,'Regler BFS 2026'!$D$12:$D$22)/D$38,0) | E41: =IFERROR(SUMPRODUCT(E$27:E$37,'Regler BFS 2026'!$D$12:$D$22)/E$38,0) | F41: =IFERROR(SUMPRODUCT(F$27:F$37,'Regler BFS 2026'!$D$12:$D$22)/F$38,0) | G41: =IFERROR(SUMPRODUCT(G$27:G$37,'Regler BFS 2026'!$D$12:$D$22)/G$38,0) | H41: =IFERROR(SUMPRODUCT(H$27:H$37,'Regler BFS 2026'!$D$12:$D$22)/H$38,0) | I41: =IFERROR(SUMPRODUCT(I$27:I$37,'Regler BFS 2026'!$D$12:$D$22)/I$38,0)
A42: Kategoritypiskt energibehov tappvarmvatten (kWh/m²,år) | C42: =IFERROR(SUMPRODUCT(C$27:C$37,'Regler BFS 2026'!$E$12:$E$22)/C$38,0) | D42: =IFERROR(SUMPRODUCT(D$27:D$37,'Regler BFS 2026'!$E$12:$E$22)/D$38,0) | E42: =IFERROR(SUMPRODUCT(E$27:E$37,'Regler BFS 2026'!$E$12:$E$22)/E$38,0) | F42: =IFERROR(SUMPRODUCT(F$27:F$37,'Regler BFS 2026'!$E$12:$E$22)/F$38,0) | G42: =IFERROR(SUMPRODUCT(G$27:G$37,'Regler BFS 2026'!$E$12:$E$22)/G$38,0) | H42: =IFERROR(SUMPRODUCT(H$27:H$37,'Regler BFS 2026'!$E$12:$E$22)/H$38,0) | I42: =IFERROR(SUMPRODUCT(I$27:I$37,'Regler BFS 2026'!$E$12:$E$22)/I$38,0)
A44: Faktisk internlast och tappvarmvatten
A45: Byggnad | C45: =Byggnader!C12 | D45: =Byggnader!D12 | E45: =Byggnader!E12 | F45: =Byggnader!F12 | G45: =Byggnader!G12 | H45: =Byggnader!H12 | I45: Summa
A46: Hushållsel (kWh/år) | C46: =El!C133 | D46: =El!D133 | E46: =El!E133 | F46: =El!F133 | G46: =El!G133 | H46: =El!H133 | I46: =SUM(C46:H46)
A47: Personvärme (W/m²) | C47: =IFERROR(Byggnader!C18*C17*$B$7*$B$8/24/C26,0) | D47: =IFERROR(Byggnader!D18*D17*$B$7*$B$8/24/D26,0) | E47: =IFERROR(Byggnader!E18*E17*$B$7*$B$8/24/E26,0) | F47: =IFERROR(Byggnader!F18*F17*$B$7*$B$8/24/F26,0) | G47: =IFERROR(Byggnader!G18*G17*$B$7*$B$8/24/G26,0) | H47: =IFERROR(Byggnader!H18*H17*$B$7*$B$8/24/H26,0)
A48: Internlast från el (W/m²) | C48: =IFERROR((C46+C18)*$B$6*1000/8760/C26,0) | D48: =IFERROR((D46+D18)*$B$6*1000/8760/D26,0) | E48: =IFERROR((E46+E18)*$B$6*1000/8760/E26,0) | F48: =IFERROR((F46+F18)*$B$6*1000/8760/F26,0) | G48: =IFERROR((G46+G18)*$B$6*1000/8760/G26,0) | H48: =IFERROR((H46+H18)*$B$6*1000/8760/H26,0)
A49: Genomsnittlig internlast (W/m²) | C49: =C47+C48 | D49: =D47+D48 | E49: =E47+E48 | F49: =F47+F48 | G49: =G47+G48 | H49: =H47+H48 | I49: =IFERROR(SUMPRODUCT(C49:H49,C26:H26)/I26,0)
A50: Vatten (m³) | C50: =SUMIF(Mätdata!$B$29:$B$36,Byggnader!C$12,Mätdata!$C$29:$C$36)+SUMIF(Mätdata!$B$29:$B$36,"Alla",Mätdata!$C$29:$C$36)*Byggnader!C$42 | D50: =SUMIF(Mätdata!$B$29:$B$36,Byggnader!D$12,Mätdata!$C$29:$C$36)+SUMIF(Mätdata!$B$29:$B$36,"Alla",Mätdata!$C$29:$C$36)*Byggnader!D$42 | E50: =SUMIF(Mätdata!$B$29:$B$36,Byggnader!E$12,Mätdata!$C$29:$C$36)+SUMIF(Mätdata!$B$29:$B$36,"Alla",Mätdata!$C$29:$C$36)*Byggnader!E$42 | F50: =SUMIF(Mätdata!$B$29:$B$36,Byggnader!F$12,Mätdata!$C$29:$C$36)+SUMIF(Mätdata!$B$29:$B$36,"Alla",Mätdata!$C$29:$C$36)*Byggnader!F$42 | G50: =SUMIF(Mätdata!$B$29:$B$36,Byggnader!G$12,Mätdata!$C$29:$C$36)+SUMIF(Mätdata!$B$29:$B$36,"Alla",Mätdata!$C$29:$C$36)*Byggnader!G$42 | H50: =SUMIF(Mätdata!$B$29:$B$36,Byggnader!H$12,Mätdata!$C$29:$C$36)+SUMIF(Mätdata!$B$29:$B$36,"Alla",Mätdata!$C$29:$C$36)*Byggnader!H$42 | I50: =SUM(C50:H50)
A51: Faktiskt energibehov tappvarmvatten (kWh/år) | C51: =IF(Mätdata!$C$37>0,C50*Mätdata!$B$40*Mätdata!$B$41,Mätdata!$B$43*C26) | D51: =IF(Mätdata!$C$37>0,D50*Mätdata!$B$40*Mätdata!$B$41,Mätdata!$B$43*D26) | E51: =IF(Mätdata!$C$37>0,E50*Mätdata!$B$40*Mätdata!$B$41,Mätdata!$B$43*E26) | F51: =IF(Mätdata!$C$37>0,F50*Mätdata!$B$40*Mätdata!$B$41,Mätdata!$B$43*F26) | G51: =IF(Mätdata!$C$37>0,G50*Mätdata!$B$40*Mätdata!$B$41,Mätdata!$B$43*G26) | H51: =IF(Mätdata!$C$37>0,H50*Mätdata!$B$40*Mätdata!$B$41,Mätdata!$B$43*H26) | I51: =SUM(C51:H51)
A52: Faktiskt energibehov tappvarmvatten (kWh/m²,år) | C52: =IFERROR(C51/C26,0) | D52: =IFERROR(D51/D26,0) | E52: =IFERROR(E51/E26,0) | F52: =IFERROR(F51/F26,0) | G52: =IFERROR(G51/G26,0) | H52: =IFERROR(H51/H26,0) | I52: =IFERROR(I51/I26,0)
A53: Levererad värme till tappvarmvatten (kWh/år) | C53: =IFERROR(C51/Mätdata!$B$42,0) | D53: =IFERROR(D51/Mätdata!$B$42,0) | E53: =IFERROR(E51/Mätdata!$B$42,0) | F53: =IFERROR(F51/Mätdata!$B$42,0) | G53: =IFERROR(G51/Mätdata!$B$42,0) | H53: =IFERROR(H51/Mätdata!$B$42,0) | I53: =SUM(C53:H53)
A55: Köpt energi per värmekälla, totalt (summa av raderna 150, 162 och 174)
A56: Byggnad | C56: =Byggnader!C12 | D56: =Byggnader!D12 | E56: =Byggnader!E12 | F56: =Byggnader!F12 | G56: =Byggnader!G12 | H56: =Byggnader!H12 | I56: Summa
A57: Fjärrvärme | C57: =C150+C162+C174 | D57: =D150+D162+D174 | E57: =E150+E162+E174 | F57: =F150+F162+F174 | G57: =G150+G162+G174 | H57: =H150+H162+H174 | I57: =SUM(C57:H57)
A58: Värmepump (el) | C58: =C151+C163+C175 | D58: =D151+D163+D175 | E58: =E151+E163+E175 | F58: =F151+F163+F175 | G58: =G151+G163+G175 | H58: =H151+H163+H175 | I58: =SUM(C58:H58)
A59: Elvärme | C59: =C152+C164+C176 | D59: =D152+D164+D176 | E59: =E152+E164+E176 | F59: =F152+F164+F176 | G59: =G152+G164+G176 | H59: =H152+H164+H176 | I59: =SUM(C59:H59)
A60: Olja | C60: =C153+C165+C177 | D60: =D153+D165+D177 | E60: =E153+E165+E177 | F60: =F153+F165+F177 | G60: =G153+G165+G177 | H60: =H153+H165+H177 | I60: =SUM(C60:H60)
A61: Gas | C61: =C154+C166+C178 | D61: =D154+D166+D178 | E61: =E154+E166+E178 | F61: =F154+F166+F178 | G61: =G154+G166+G178 | H61: =H154+H166+H178 | I61: =SUM(C61:H61)
A62: Pellets/flis/briketter | C62: =C155+C167+C179 | D62: =D155+D167+D179 | E62: =E155+E167+E179 | F62: =F155+F167+F179 | G62: =G155+G167+G179 | H62: =H155+H167+H179 | I62: =SUM(C62:H62)
A63: Ved | C63: =C156+C168+C180 | D63: =D156+D168+D180 | E63: =E156+E168+E180 | F63: =F156+F168+F180 | G63: =G156+G168+G180 | H63: =H156+H168+H180 | I63: =SUM(C63:H63)
A64: Övrigt biobränsle | C64: =C157+C169+C181 | D64: =D157+D169+D181 | E64: =E157+E169+E181 | F64: =F157+F169+F181 | G64: =G157+G169+G181 | H64: =H157+H169+H181 | I64: =SUM(C64:H64)
A65: Summa | C65: =SUM(C57:C64) | D65: =SUM(D57:D64) | E65: =SUM(E57:E64) | F65: =SUM(F57:F64) | G65: =SUM(G57:G64) | H65: =SUM(H57:H64) | I65: =SUM(I57:I64)
A67: Köpt energi tappvarmvatten (separat mätare + beräknad andel av kombinerad mätare)
A68: Byggnad | C68: =Byggnader!C12 | D68: =Byggnader!D12 | E68: =Byggnader!E12 | F68: =Byggnader!F12 | G68: =Byggnader!G12 | H68: =Byggnader!H12 | I68: Summa
A69: Fjärrvärme | C69: =C174+IFERROR(MIN(C150,MAX(0,C$53*Mätdata!$C$47/Mätdata!$D$47-C174)),0) | D69: =D174+IFERROR(MIN(D150,MAX(0,D$53*Mätdata!$C$47/Mätdata!$D$47-D174)),0) | E69: =E174+IFERROR(MIN(E150,MAX(0,E$53*Mätdata!$C$47/Mätdata!$D$47-E174)),0) | F69: =F174+IFERROR(MIN(F150,MAX(0,F$53*Mätdata!$C$47/Mätdata!$D$47-F174)),0) | G69: =G174+IFERROR(MIN(G150,MAX(0,G$53*Mätdata!$C$47/Mätdata!$D$47-G174)),0) | H69: =H174+IFERROR(MIN(H150,MAX(0,H$53*Mätdata!$C$47/Mätdata!$D$47-H174)),0) | I69: =SUM(C69:H69)
A70: Värmepump (el) | C70: =C175+IFERROR(MIN(C151,MAX(0,C$53*Mätdata!$C$48/Mätdata!$D$48-C175)),0) | D70: =D175+IFERROR(MIN(D151,MAX(0,D$53*Mätdata!$C$48/Mätdata!$D$48-D175)),0) | E70: =E175+IFERROR(MIN(E151,MAX(0,E$53*Mätdata!$C$48/Mätdata!$D$48-E175)),0) | F70: =F175+IFERROR(MIN(F151,MAX(0,F$53*Mätdata!$C$48/Mätdata!$D$48-F175)),0) | G70: =G175+IFERROR(MIN(G151,MAX(0,G$53*Mätdata!$C$48/Mätdata!$D$48-G175)),0) | H70: =H175+IFERROR(MIN(H151,MAX(0,H$53*Mätdata!$C$48/Mätdata!$D$48-H175)),0) | I70: =SUM(C70:H70)
A71: Elvärme | C71: =C176+IFERROR(MIN(C152,MAX(0,C$53*Mätdata!$C$49/Mätdata!$D$49-C176)),0) | D71: =D176+IFERROR(MIN(D152,MAX(0,D$53*Mätdata!$C$49/Mätdata!$D$49-D176)),0) | E71: =E176+IFERROR(MIN(E152,MAX(0,E$53*Mätdata!$C$49/Mätdata!$D$49-E176)),0) | F71: =F176+IFERROR(MIN(F152,MAX(0,F$53*Mätdata!$C$49/Mätdata!$D$49-F176)),0) | G71: =G176+IFERROR(MIN(G152,MAX(0,G$53*Mätdata!$C$49/Mätdata!$D$49-G176)),0) | H71: =H176+IFERROR(MIN(H152,MAX(0,H$53*Mätdata!$C$49/Mätdata!$D$49-H176)),0) | I71: =SUM(C71:H71)
A72: Olja | C72: =C177+IFERROR(MIN(C153,MAX(0,C$53*Mätdata!$C$50/Mätdata!$D$50-C177)),0) | D72: =D177+IFERROR(MIN(D153,MAX(0,D$53*Mätdata!$C$50/Mätdata!$D$50-D177)),0) | E72: =E177+IFERROR(MIN(E153,MAX(0,E$53*Mätdata!$C$50/Mätdata!$D$50-E177)),0) | F72: =F177+IFERROR(MIN(F153,MAX(0,F$53*Mätdata!$C$50/Mätdata!$D$50-F177)),0) | G72: =G177+IFERROR(MIN(G153,MAX(0,G$53*Mätdata!$C$50/Mätdata!$D$50-G177)),0) | H72: =H177+IFERROR(MIN(H153,MAX(0,H$53*Mätdata!$C$50/Mätdata!$D$50-H177)),0) | I72: =SUM(C72:H72)
A73: Gas | C73: =C178+IFERROR(MIN(C154,MAX(0,C$53*Mätdata!$C$51/Mätdata!$D$51-C178)),0) | D73: =D178+IFERROR(MIN(D154,MAX(0,D$53*Mätdata!$C$51/Mätdata!$D$51-D178)),0) | E73: =E178+IFERROR(MIN(E154,MAX(0,E$53*Mätdata!$C$51/Mätdata!$D$51-E178)),0) | F73: =F178+IFERROR(MIN(F154,MAX(0,F$53*Mätdata!$C$51/Mätdata!$D$51-F178)),0) | G73: =G178+IFERROR(MIN(G154,MAX(0,G$53*Mätdata!$C$51/Mätdata!$D$51-G178)),0) | H73: =H178+IFERROR(MIN(H154,MAX(0,H$53*Mätdata!$C$51/Mätdata!$D$51-H178)),0) | I73: =SUM(C73:H73)
A74: Pellets/flis/briketter | C74: =C179+IFERROR(MIN(C155,MAX(0,C$53*Mätdata!$C$52/Mätdata!$D$52-C179)),0) | D74: =D179+IFERROR(MIN(D155,MAX(0,D$53*Mätdata!$C$52/Mätdata!$D$52-D179)),0) | E74: =E179+IFERROR(MIN(E155,MAX(0,E$53*Mätdata!$C$52/Mätdata!$D$52-E179)),0) | F74: =F179+IFERROR(MIN(F155,MAX(0,F$53*Mätdata!$C$52/Mätdata!$D$52-F179)),0) | G74: =G179+IFERROR(MIN(G155,MAX(0,G$53*Mätdata!$C$52/Mätdata!$D$52-G179)),0) | H74: =H179+IFERROR(MIN(H155,MAX(0,H$53*Mätdata!$C$52/Mätdata!$D$52-H179)),0) | I74: =SUM(C74:H74)
A75: Ved | C75: =C180+IFERROR(MIN(C156,MAX(0,C$53*Mätdata!$C$53/Mätdata!$D$53-C180)),0) | D75: =D180+IFERROR(MIN(D156,MAX(0,D$53*Mätdata!$C$53/Mätdata!$D$53-D180)),0) | E75: =E180+IFERROR(MIN(E156,MAX(0,E$53*Mätdata!$C$53/Mätdata!$D$53-E180)),0) | F75: =F180+IFERROR(MIN(F156,MAX(0,F$53*Mätdata!$C$53/Mätdata!$D$53-F180)),0) | G75: =G180+IFERROR(MIN(G156,MAX(0,G$53*Mätdata!$C$53/Mätdata!$D$53-G180)),0) | H75: =H180+IFERROR(MIN(H156,MAX(0,H$53*Mätdata!$C$53/Mätdata!$D$53-H180)),0) | I75: =SUM(C75:H75)
A76: Övrigt biobränsle | C76: =C181+IFERROR(MIN(C157,MAX(0,C$53*Mätdata!$C$54/Mätdata!$D$54-C181)),0) | D76: =D181+IFERROR(MIN(D157,MAX(0,D$53*Mätdata!$C$54/Mätdata!$D$54-D181)),0) | E76: =E181+IFERROR(MIN(E157,MAX(0,E$53*Mätdata!$C$54/Mätdata!$D$54-E181)),0) | F76: =F181+IFERROR(MIN(F157,MAX(0,F$53*Mätdata!$C$54/Mätdata!$D$54-F181)),0) | G76: =G181+IFERROR(MIN(G157,MAX(0,G$53*Mätdata!$C$54/Mätdata!$D$54-G181)),0) | H76: =H181+IFERROR(MIN(H157,MAX(0,H$53*Mätdata!$C$54/Mätdata!$D$54-H181)),0) | I76: =SUM(C76:H76)
A77: Summa | C77: =SUM(C69:C76) | D77: =SUM(D69:D76) | E77: =SUM(E69:E76) | F77: =SUM(F69:F76) | G77: =SUM(G69:G76) | H77: =SUM(H69:H76) | I77: =SUM(I69:I76)
A79: Köpt energi uppvärmning (separat mätare + resten av kombinerad mätare)
A80: Byggnad | C80: =Byggnader!C12 | D80: =Byggnader!D12 | E80: =Byggnader!E12 | F80: =Byggnader!F12 | G80: =Byggnader!G12 | H80: =Byggnader!H12 | I80: Summa
A81: Fjärrvärme | C81: =MAX(0,C57-C69-IF(Mätdata!$B$57="Räknas bort",Mätdata!$B$56*Byggnader!C$39*IFERROR(Mätdata!$B$47/Mätdata!$B$55,0),0)) | D81: =MAX(0,D57-D69-IF(Mätdata!$B$57="Räknas bort",Mätdata!$B$56*Byggnader!D$39*IFERROR(Mätdata!$B$47/Mätdata!$B$55,0),0)) | E81: =MAX(0,E57-E69-IF(Mätdata!$B$57="Räknas bort",Mätdata!$B$56*Byggnader!E$39*IFERROR(Mätdata!$B$47/Mätdata!$B$55,0),0)) | F81: =MAX(0,F57-F69-IF(Mätdata!$B$57="Räknas bort",Mätdata!$B$56*Byggnader!F$39*IFERROR(Mätdata!$B$47/Mätdata!$B$55,0),0)) | G81: =MAX(0,G57-G69-IF(Mätdata!$B$57="Räknas bort",Mätdata!$B$56*Byggnader!G$39*IFERROR(Mätdata!$B$47/Mätdata!$B$55,0),0)) | H81: =MAX(0,H57-H69-IF(Mätdata!$B$57="Räknas bort",Mätdata!$B$56*Byggnader!H$39*IFERROR(Mätdata!$B$47/Mätdata!$B$55,0),0)) | I81: =SUM(C81:H81)
A82: Värmepump (el) | C82: =MAX(0,C58-C70-IF(Mätdata!$B$57="Räknas bort",Mätdata!$B$56*Byggnader!C$39*IFERROR(Mätdata!$B$48/Mätdata!$B$55,0),0)) | D82: =MAX(0,D58-D70-IF(Mätdata!$B$57="Räknas bort",Mätdata!$B$56*Byggnader!D$39*IFERROR(Mätdata!$B$48/Mätdata!$B$55,0),0)) | E82: =MAX(0,E58-E70-IF(Mätdata!$B$57="Räknas bort",Mätdata!$B$56*Byggnader!E$39*IFERROR(Mätdata!$B$48/Mätdata!$B$55,0),0)) | F82: =MAX(0,F58-F70-IF(Mätdata!$B$57="Räknas bort",Mätdata!$B$56*Byggnader!F$39*IFERROR(Mätdata!$B$48/Mätdata!$B$55,0),0)) | G82: =MAX(0,G58-G70-IF(Mätdata!$B$57="Räknas bort",Mätdata!$B$56*Byggnader!G$39*IFERROR(Mätdata!$B$48/Mätdata!$B$55,0),0)) | H82: =MAX(0,H58-H70-IF(Mätdata!$B$57="Räknas bort",Mätdata!$B$56*Byggnader!H$39*IFERROR(Mätdata!$B$48/Mätdata!$B$55,0),0)) | I82: =SUM(C82:H82)
A83: Elvärme | C83: =MAX(0,C59-C71-IF(Mätdata!$B$57="Räknas bort",Mätdata!$B$56*Byggnader!C$39*IFERROR(Mätdata!$B$49/Mätdata!$B$55,0),0)) | D83: =MAX(0,D59-D71-IF(Mätdata!$B$57="Räknas bort",Mätdata!$B$56*Byggnader!D$39*IFERROR(Mätdata!$B$49/Mätdata!$B$55,0),0)) | E83: =MAX(0,E59-E71-IF(Mätdata!$B$57="Räknas bort",Mätdata!$B$56*Byggnader!E$39*IFERROR(Mätdata!$B$49/Mätdata!$B$55,0),0)) | F83: =MAX(0,F59-F71-IF(Mätdata!$B$57="Räknas bort",Mätdata!$B$56*Byggnader!F$39*IFERROR(Mätdata!$B$49/Mätdata!$B$55,0),0)) | G83: =MAX(0,G59-G71-IF(Mätdata!$B$57="Räknas bort",Mätdata!$B$56*Byggnader!G$39*IFERROR(Mätdata!$B$49/Mätdata!$B$55,0),0)) | H83: =MAX(0,H59-H71-IF(Mätdata!$B$57="Räknas bort",Mätdata!$B$56*Byggnader!H$39*IFERROR(Mätdata!$B$49/Mätdata!$B$55,0),0)) | I83: =SUM(C83:H83)
A84: Olja | C84: =MAX(0,C60-C72-IF(Mätdata!$B$57="Räknas bort",Mätdata!$B$56*Byggnader!C$39*IFERROR(Mätdata!$B$50/Mätdata!$B$55,0),0)) | D84: =MAX(0,D60-D72-IF(Mätdata!$B$57="Räknas bort",Mätdata!$B$56*Byggnader!D$39*IFERROR(Mätdata!$B$50/Mätdata!$B$55,0),0)) | E84: =MAX(0,E60-E72-IF(Mätdata!$B$57="Räknas bort",Mätdata!$B$56*Byggnader!E$39*IFERROR(Mätdata!$B$50/Mätdata!$B$55,0),0)) | F84: =MAX(0,F60-F72-IF(Mätdata!$B$57="Räknas bort",Mätdata!$B$56*Byggnader!F$39*IFERROR(Mätdata!$B$50/Mätdata!$B$55,0),0)) | G84: =MAX(0,G60-G72-IF(Mätdata!$B$57="Räknas bort",Mätdata!$B$56*Byggnader!G$39*IFERROR(Mätdata!$B$50/Mätdata!$B$55,0),0)) | H84: =MAX(0,H60-H72-IF(Mätdata!$B$57="Räknas bort",Mätdata!$B$56*Byggnader!H$39*IFERROR(Mätdata!$B$50/Mätdata!$B$55,0),0)) | I84: =SUM(C84:H84)
A85: Gas | C85: =MAX(0,C61-C73-IF(Mätdata!$B$57="Räknas bort",Mätdata!$B$56*Byggnader!C$39*IFERROR(Mätdata!$B$51/Mätdata!$B$55,0),0)) | D85: =MAX(0,D61-D73-IF(Mätdata!$B$57="Räknas bort",Mätdata!$B$56*Byggnader!D$39*IFERROR(Mätdata!$B$51/Mätdata!$B$55,0),0)) | E85: =MAX(0,E61-E73-IF(Mätdata!$B$57="Räknas bort",Mätdata!$B$56*Byggnader!E$39*IFERROR(Mätdata!$B$51/Mätdata!$B$55,0),0)) | F85: =MAX(0,F61-F73-IF(Mätdata!$B$57="Räknas bort",Mätdata!$B$56*Byggnader!F$39*IFERROR(Mätdata!$B$51/Mätdata!$B$55,0),0)) | G85: =MAX(0,G61-G73-IF(Mätdata!$B$57="Räknas bort",Mätdata!$B$56*Byggnader!G$39*IFERROR(Mätdata!$B$51/Mätdata!$B$55,0),0)) | H85: =MAX(0,H61-H73-IF(Mätdata!$B$57="Räknas bort",Mätdata!$B$56*Byggnader!H$39*IFERROR(Mätdata!$B$51/Mätdata!$B$55,0),0)) | I85: =SUM(C85:H85)
A86: Pellets/flis/briketter | C86: =MAX(0,C62-C74-IF(Mätdata!$B$57="Räknas bort",Mätdata!$B$56*Byggnader!C$39*IFERROR(Mätdata!$B$52/Mätdata!$B$55,0),0)) | D86: =MAX(0,D62-D74-IF(Mätdata!$B$57="Räknas bort",Mätdata!$B$56*Byggnader!D$39*IFERROR(Mätdata!$B$52/Mätdata!$B$55,0),0)) | E86: =MAX(0,E62-E74-IF(Mätdata!$B$57="Räknas bort",Mätdata!$B$56*Byggnader!E$39*IFERROR(Mätdata!$B$52/Mätdata!$B$55,0),0)) | F86: =MAX(0,F62-F74-IF(Mätdata!$B$57="Räknas bort",Mätdata!$B$56*Byggnader!F$39*IFERROR(Mätdata!$B$52/Mätdata!$B$55,0),0)) | G86: =MAX(0,G62-G74-IF(Mätdata!$B$57="Räknas bort",Mätdata!$B$56*Byggnader!G$39*IFERROR(Mätdata!$B$52/Mätdata!$B$55,0),0)) | H86: =MAX(0,H62-H74-IF(Mätdata!$B$57="Räknas bort",Mätdata!$B$56*Byggnader!H$39*IFERROR(Mätdata!$B$52/Mätdata!$B$55,0),0)) | I86: =SUM(C86:H86)
A87: Ved | C87: =MAX(0,C63-C75-IF(Mätdata!$B$57="Räknas bort",Mätdata!$B$56*Byggnader!C$39*IFERROR(Mätdata!$B$53/Mätdata!$B$55,0),0)) | D87: =MAX(0,D63-D75-IF(Mätdata!$B$57="Räknas bort",Mätdata!$B$56*Byggnader!D$39*IFERROR(Mätdata!$B$53/Mätdata!$B$55,0),0)) | E87: =MAX(0,E63-E75-IF(Mätdata!$B$57="Räknas bort",Mätdata!$B$56*Byggnader!E$39*IFERROR(Mätdata!$B$53/Mätdata!$B$55,0),0)) | F87: =MAX(0,F63-F75-IF(Mätdata!$B$57="Räknas bort",Mätdata!$B$56*Byggnader!F$39*IFERROR(Mätdata!$B$53/Mätdata!$B$55,0),0)) | G87: =MAX(0,G63-G75-IF(Mätdata!$B$57="Räknas bort",Mätdata!$B$56*Byggnader!G$39*IFERROR(Mätdata!$B$53/Mätdata!$B$55,0),0)) | H87: =MAX(0,H63-H75-IF(Mätdata!$B$57="Räknas bort",Mätdata!$B$56*Byggnader!H$39*IFERROR(Mätdata!$B$53/Mätdata!$B$55,0),0)) | I87: =SUM(C87:H87)
A88: Övrigt biobränsle | C88: =MAX(0,C64-C76-IF(Mätdata!$B$57="Räknas bort",Mätdata!$B$56*Byggnader!C$39*IFERROR(Mätdata!$B$54/Mätdata!$B$55,0),0)) | D88: =MAX(0,D64-D76-IF(Mätdata!$B$57="Räknas bort",Mätdata!$B$56*Byggnader!D$39*IFERROR(Mätdata!$B$54/Mätdata!$B$55,0),0)) | E88: =MAX(0,E64-E76-IF(Mätdata!$B$57="Räknas bort",Mätdata!$B$56*Byggnader!E$39*IFERROR(Mätdata!$B$54/Mätdata!$B$55,0),0)) | F88: =MAX(0,F64-F76-IF(Mätdata!$B$57="Räknas bort",Mätdata!$B$56*Byggnader!F$39*IFERROR(Mätdata!$B$54/Mätdata!$B$55,0),0)) | G88: =MAX(0,G64-G76-IF(Mätdata!$B$57="Räknas bort",Mätdata!$B$56*Byggnader!G$39*IFERROR(Mätdata!$B$54/Mätdata!$B$55,0),0)) | H88: =MAX(0,H64-H76-IF(Mätdata!$B$57="Räknas bort",Mätdata!$B$56*Byggnader!H$39*IFERROR(Mätdata!$B$54/Mätdata!$B$55,0),0)) | I88: =SUM(C88:H88)
A89: Summa | C89: =SUM(C81:C88) | D89: =SUM(D81:D88) | E89: =SUM(E81:E88) | F89: =SUM(F81:F88) | G89: =SUM(G81:G88) | H89: =SUM(H81:H88) | I89: =SUM(I81:I88)
A91: Producerad värme för uppvärmning (köpt × verkningsgrad)
A92: Byggnad | C92: =Byggnader!C12 | D92: =Byggnader!D12 | E92: =Byggnader!E12 | F92: =Byggnader!F12 | G92: =Byggnader!G12 | H92: =Byggnader!H12 | I92: Summa
A93: Fjärrvärme | C93: =C81*Mätdata!$D$47 | D93: =D81*Mätdata!$D$47 | E93: =E81*Mätdata!$D$47 | F93: =F81*Mätdata!$D$47 | G93: =G81*Mätdata!$D$47 | H93: =H81*Mätdata!$D$47 | I93: =SUM(C93:H93)
A94: Värmepump (el) | C94: =C82*Mätdata!$D$48 | D94: =D82*Mätdata!$D$48 | E94: =E82*Mätdata!$D$48 | F94: =F82*Mätdata!$D$48 | G94: =G82*Mätdata!$D$48 | H94: =H82*Mätdata!$D$48 | I94: =SUM(C94:H94)
A95: Elvärme | C95: =C83*Mätdata!$D$49 | D95: =D83*Mätdata!$D$49 | E95: =E83*Mätdata!$D$49 | F95: =F83*Mätdata!$D$49 | G95: =G83*Mätdata!$D$49 | H95: =H83*Mätdata!$D$49 | I95: =SUM(C95:H95)
A96: Olja | C96: =C84*Mätdata!$D$50 | D96: =D84*Mätdata!$D$50 | E96: =E84*Mätdata!$D$50 | F96: =F84*Mätdata!$D$50 | G96: =G84*Mätdata!$D$50 | H96: =H84*Mätdata!$D$50 | I96: =SUM(C96:H96)
A97: Gas | C97: =C85*Mätdata!$D$51 | D97: =D85*Mätdata!$D$51 | E97: =E85*Mätdata!$D$51 | F97: =F85*Mätdata!$D$51 | G97: =G85*Mätdata!$D$51 | H97: =H85*Mätdata!$D$51 | I97: =SUM(C97:H97)
A98: Pellets/flis/briketter | C98: =C86*Mätdata!$D$52 | D98: =D86*Mätdata!$D$52 | E98: =E86*Mätdata!$D$52 | F98: =F86*Mätdata!$D$52 | G98: =G86*Mätdata!$D$52 | H98: =H86*Mätdata!$D$52 | I98: =SUM(C98:H98)
A99: Ved | C99: =C87*Mätdata!$D$53 | D99: =D87*Mätdata!$D$53 | E99: =E87*Mätdata!$D$53 | F99: =F87*Mätdata!$D$53 | G99: =G87*Mätdata!$D$53 | H99: =H87*Mätdata!$D$53 | I99: =SUM(C99:H99)
A100: Övrigt biobränsle | C100: =C88*Mätdata!$D$54 | D100: =D88*Mätdata!$D$54 | E100: =E88*Mätdata!$D$54 | F100: =F88*Mätdata!$D$54 | G100: =G88*Mätdata!$D$54 | H100: =H88*Mätdata!$D$54 | I100: =SUM(C100:H100)
A101: Summa | C101: =SUM(C93:C100) | D101: =SUM(D93:D100) | E101: =SUM(E93:E100) | F101: =SUM(F93:F100) | G101: =SUM(G93:G100) | H101: =SUM(H93:H100) | I101: =SUM(I93:I100)
A103: Normaliseringarnas påverkan på värmebehovet (kWh/år)
A104: Byggnad | C104: =Byggnader!C12 | D104: =Byggnader!D12 | E104: =Byggnader!E12 | F104: =Byggnader!F12 | G104: =Byggnader!G12 | H104: =Byggnader!H12 | I104: Summa
A105: Innetemperatur | C105: =IF(C$19="Ja",C101*$B$5*(C$39-C$14),0) | D105: =IF(D$19="Ja",D101*$B$5*(D$39-D$14),0) | E105: =IF(E$19="Ja",E101*$B$5*(E$39-E$14),0) | F105: =IF(F$19="Ja",F101*$B$5*(F$39-F$14),0) | G105: =IF(G$19="Ja",G101*$B$5*(G$39-G$14),0) | H105: =IF(H$19="Ja",H101*$B$5*(H$39-H$14),0) | I105: =SUM(C105:H105)
A106: Internlast | C106: =IF(C$21="Ja",(C$49-C$41)*C$26*$B$9/1000,0) | D106: =IF(D$21="Ja",(D$49-D$41)*D$26*$B$9/1000,0) | E106: =IF(E$21="Ja",(E$49-E$41)*E$26*$B$9/1000,0) | F106: =IF(F$21="Ja",(F$49-F$41)*F$26*$B$9/1000,0) | G106: =IF(G$21="Ja",(G$49-G$41)*G$26*$B$9/1000,0) | H106: =IF(H$21="Ja",(H$49-H$41)*H$26*$B$9/1000,0) | I106: =SUM(C106:H106)
A107: Uteluftsflöde | C107: =IF(C$20="Ja",-1.2*(C$15-C$40)/1000*C$26*$B$10*(1-C$16),0) | D107: =IF(D$20="Ja",-1.2*(D$15-D$40)/1000*D$26*$B$10*(1-D$16),0) | E107: =IF(E$20="Ja",-1.2*(E$15-E$40)/1000*E$26*$B$10*(1-E$16),0) | F107: =IF(F$20="Ja",-1.2*(F$15-F$40)/1000*F$26*$B$10*(1-F$16),0) | G107: =IF(G$20="Ja",-1.2*(G$15-G$40)/1000*G$26*$B$10*(1-G$16),0) | H107: =IF(H$20="Ja",-1.2*(H$15-H$40)/1000*H$26*$B$10*(1-H$16),0) | I107: =SUM(C107:H107)
A108: Summa | C108: =SUM(C105:C107) | D108: =SUM(D105:D107) | E108: =SUM(E105:E107) | F108: =SUM(F105:F107) | G108: =SUM(G105:G107) | H108: =SUM(H105:H107) | I108: =SUM(C108:H108)
A110: Normaliserad energi uppvärmning, ej klimatkorrigerad (till Gripen)
...

Sheet Resultat
A1: Energiprestandatal och energiklass
A2: Kontrollberäkning av det Gripen räknar fram. Uppvärmningen klimatkorrigeras med energiindex i Byggnader C10.
A4: Byggnad | C4: =Byggnader!C12 | D4: =Byggnader!D12 | E4: =Byggnader!E12 | F4: =Byggnader!F12 | G4: =Byggnader!G12 | H4: =Byggnader!H12 | I4: Fastighet
A5: Egen beteckning | C5: =IF(Byggnader!C13="","",Byggnader!C13) | D5: =IF(Byggnader!D13="","",Byggnader!D13) | E5: =IF(Byggnader!E13="","",Byggnader!E13) | F5: =IF(Byggnader!F13="","",Byggnader!F13) | G5: =IF(Byggnader!G13="","",Byggnader!G13) | H5: =IF(Byggnader!H13="","",Byggnader!H13)
A6: A-temp (m²) | C6: =Normalisering!C26 | D6: =Normalisering!D26 | E6: =Normalisering!E26 | F6: =Normalisering!F26 | G6: =Normalisering!G26 | H6: =Normalisering!H26 | I6: =Normalisering!I26
A7: Uppvärmning, klimatkorrigerad (kWh/år) | C7: =Normalisering!C120/Byggnader!$C$10 | D7: =Normalisering!D120/Byggnader!$C$10 | E7: =Normalisering!E120/Byggnader!$C$10 | F7: =Normalisering!F120/Byggnader!$C$10 | G7: =Normalisering!G120/Byggnader!$C$10 | H7: =Normalisering!H120/Byggnader!$C$10 | I7: =Normalisering!I120/Byggnader!$C$10
A8: Tappvarmvatten (kWh/år) | C8: =Normalisering!C132 | D8: =Normalisering!D132 | E8: =Normalisering!E132 | F8: =Normalisering!F132 | G8: =Normalisering!G132 | H8: =Normalisering!H132 | I8: =Normalisering!I132
A9: Övrig energi som ingår, el (kWh/år) | C9: =Normalisering!C139-Normalisering!C142 | D9: =Normalisering!D139-Normalisering!D142 | E9: =Normalisering!E139-Normalisering!E142 | F9: =Normalisering!F139-Normalisering!F142 | G9: =Normalisering!G139-Normalisering!G142 | H9: =Normalisering!H139-Normalisering!H142 | I9: =Normalisering!I139-Normalisering!I142
A10: Komfortkyla och fjärrkyla (kWh/år) | C10: =Normalisering!C140+Normalisering!C141 | D10: =Normalisering!D140+Normalisering!D141 | E10: =Normalisering!E140+Normalisering!E141 | F10: =Normalisering!F140+Normalisering!F141 | G10: =Normalisering!G140+Normalisering!G141 | H10: =Normalisering!H140+Normalisering!H141 | I10: =Normalisering!I140+Normalisering!I141
A11: Byggnadens energianvändning (kWh/år) | C11: =C7+C8+C9+C10 | D11: =D7+D8+D9+D10 | E11: =E7+E8+E9+E10 | F11: =F7+F8+F9+F10 | G11: =G7+G8+G9+G10 | H11: =H7+H8+H9+H10 | I11: =I7+I8+I9+I10
A12: Byggnadens viktade energianvändning (kWh/år) | C12: =SUMPRODUCT(Normalisering!C112:C119,Mätdata!$E$47:$E$54)/Byggnader!$C$10+SUMPRODUCT(Normalisering!C124:C131,Mätdata!$E$47:$E$54)+'Regler BFS 2026'!$B$4*(C9+Normalisering!C140)+'Regler BFS 2026'!$B$6*Normalisering!C141 | D12: =SUMPRODUCT(Normalisering!D112:D119,Mätdata!$E$47:$E$54)/Byggnader!$C$10+SUMPRODUCT(Normalisering!D124:D131,Mätdata!$E$47:$E$54)+'Regler BFS 2026'!$B$4*(D9+Normalisering!D140)+'Regler BFS 2026'!$B$6*Normalisering!D141 | E12: =SUMPRODUCT(Normalisering!E112:E119,Mätdata!$E$47:$E$54)/Byggnader!$C$10+SUMPRODUCT(Normalisering!E124:E131,Mätdata!$E$47:$E$54)+'Regler BFS 2026'!$B$4*(E9+Normalisering!E140)+'Regler BFS 2026'!$B$6*Normalisering!E141 | F12: =SUMPRODUCT(Normalisering!F112:F119,Mätdata!$E$47:$E$54)/Byggnader!$C$10+SUMPRODUCT(Normalisering!F124:F131,Mätdata!$E$47:$E$54)+'Regler BFS 2026'!$B$4*(F9+Normalisering!F140)+'Regler BFS 2026'!$B$6*Normalisering!F141 | G12: =SUMPRODUCT(Normalisering!G112:G119,Mätdata!$E$47:$E$54)/Byggnader!$C$10+SUMPRODUCT(Normalisering!G124:G131,Mätdata!$E$47:$E$54)+'Regler BFS 2026'!$B$4*(G9+Normalisering!G140)+'Regler BFS 2026'!$B$6*Normalisering!G141 | H12: =SUMPRODUCT(Normalisering!H112:H119,Mätdata!$E$47:$E$54)/Byggnader!$C$10+SUMPRODUCT(Normalisering!H124:H131,Mätdata!$E$47:$E$54)+'Regler BFS 2026'!$B$4*(H9+Normalisering!H140)+'Regler BFS 2026'!$B$6*Normalisering!H141 | I12: =SUMPRODUCT(Normalisering!I112:I119,Mätdata!$E$47:$E$54)/Byggnader!$C$10+SUMPRODUCT(Normalisering!I124:I131,Mätdata!$E$47:$E$54)+'Regler BFS 2026'!$B$4*(I9+Normalisering!I140)+'Regler BFS 2026'!$B$6*Normalisering!I141
A13: Energiprestandatal Etal (kWh/m²,år) | C13: =IF(C6=0,"",C12/C6) | D13: =IF(D6=0,"",D12/D6) | E13: =IF(E6=0,"",E12/E6) | F13: =IF(F6=0,"",F12/F6) | G13: =IF(G6=0,"",G12/G6) | H13: =IF(H6=0,"",H12/H6) | I13: =IF(I6=0,"",I12/I6)
A14: Energianvändning, oviktad (kWh/m²,år) | C14: =IF(C6=0,"",C11/C6) | D14: =IF(D6=0,"",D11/D6) | E14: =IF(E6=0,"",E11/E6) | F14: =IF(F6=0,"",F11/F6) | G14: =IF(G6=0,"",G11/G6) | H14: =IF(H6=0,"",H11/H6) | I14: =IF(I6=0,"",I11/I6)
A16: Högsta Etal per energiklass (kWh/m²,år)
A17: Klass A | C17: =IF(Normalisering!C$38=0,"",(SUMPRODUCT(Normalisering!C$27:C$37,'Regler BFS 2026'!$F$12:$F$22)+Byggnader!$C$7*SUMPRODUCT(Normalisering!C$27:C$37,'Regler BFS 2026'!$G$12:$G$22))/Normalisering!C$38) | D17: =IF(Normalisering!D$38=0,"",(SUMPRODUCT(Normalisering!D$27:D$37,'Regler BFS 2026'!$F$12:$F$22)+Byggnader!$C$7*SUMPRODUCT(Normalisering!D$27:D$37,'Regler BFS 2026'!$G$12:$G$22))/Normalisering!D$38) | E17: =IF(Normalisering!E$38=0,"",(SUMPRODUCT(Normalisering!E$27:E$37,'Regler BFS 2026'!$F$12:$F$22)+Byggnader!$C$7*SUMPRODUCT(Normalisering!E$27:E$37,'Regler BFS 2026'!$G$12:$G$22))/Normalisering!E$38) | F17: =IF(Normalisering!F$38=0,"",(SUMPRODUCT(Normalisering!F$27:F$37,'Regler BFS 2026'!$F$12:$F$22)+Byggnader!$C$7*SUMPRODUCT(Normalisering!F$27:F$37,'Regler BFS 2026'!$G$12:$G$22))/Normalisering!F$38) | G17: =IF(Normalisering!G$38=0,"",(SUMPRODUCT(Normalisering!G$27:G$37,'Regler BFS 2026'!$F$12:$F$22)+Byggnader!$C$7*SUMPRODUCT(Normalisering!G$27:G$37,'Regler BFS 2026'!$G$12:$G$22))/Normalisering!G$38) | H17: =IF(Normalisering!H$38=0,"",(SUMPRODUCT(Normalisering!H$27:H$37,'Regler BFS 2026'!$F$12:$F$22)+Byggnader!$C$7*SUMPRODUCT(Normalisering!H$27:H$37,'Regler BFS 2026'!$G$12:$G$22))/Normalisering!H$38) | I17: =IF(Normalisering!I$38=0,"",(SUMPRODUCT(Normalisering!I$27:I$37,'Regler BFS 2026'!$F$12:$F$22)+Byggnader!$C$7*SUMPRODUCT(Normalisering!I$27:I$37,'Regler BFS 2026'!$G$12:$G$22))/Normalisering!I$38)
A18: Klass B | C18: =IF(Normalisering!C$38=0,"",(SUMPRODUCT(Normalisering!C$27:C$37,'Regler BFS 2026'!$H$12:$H$22)+Byggnader!$C$7*SUMPRODUCT(Normalisering!C$27:C$37,'Regler BFS 2026'!$I$12:$I$22))/Normalisering!C$38) | D18: =IF(Normalisering!D$38=0,"",(SUMPRODUCT(Normalisering!D$27:D$37,'Regler BFS 2026'!$H$12:$H$22)+Byggnader!$C$7*SUMPRODUCT(Normalisering!D$27:D$37,'Regler BFS 2026'!$I$12:$I$22))/Normalisering!D$38) | E18: =IF(Normalisering!E$38=0,"",(SUMPRODUCT(Normalisering!E$27:E$37,'Regler BFS 2026'!$H$12:$H$22)+Byggnader!$C$7*SUMPRODUCT(Normalisering!E$27:E$37,'Regler BFS 2026'!$I$12:$I$22))/Normalisering!E$38) | F18: =IF(Normalisering!F$38=0,"",(SUMPRODUCT(Normalisering!F$27:F$37,'Regler BFS 2026'!$H$12:$H$22)+Byggnader!$C$7*SUMPRODUCT(Normalisering!F$27:F$37,'Regler BFS 2026'!$I$12:$I$22))/Normalisering!F$38) | G18: =IF(Normalisering!G$38=0,"",(SUMPRODUCT(Normalisering!G$27:G$37,'Regler BFS 2026'!$H$12:$H$22)+Byggnader!$C$7*SUMPRODUCT(Normalisering!G$27:G$37,'Regler BFS 2026'!$I$12:$I$22))/Normalisering!G$38) | H18: =IF(Normalisering!H$38=0,"",(SUMPRODUCT(Normalisering!H$27:H$37,'Regler BFS 2026'!$H$12:$H$22)+Byggnader!$C$7*SUMPRODUCT(Normalisering!H$27:H$37,'Regler BFS 2026'!$I$12:$I$22))/Normalisering!H$38) | I18: =IF(Normalisering!I$38=0,"",(SUMPRODUCT(Normalisering!I$27:I$37,'Regler BFS 2026'!$H$12:$H$22)+Byggnader!$C$7*SUMPRODUCT(Normalisering!I$27:I$37,'Regler BFS 2026'!$I$12:$I$22))/Normalisering!I$38)
A19: Klass C | C19: =IF(Normalisering!C$38=0,"",(SUMPRODUCT(Normalisering!C$27:C$37,'Regler BFS 2026'!$J$12:$J$22)+Byggnader!$C$7*SUMPRODUCT(Normalisering!C$27:C$37,'Regler BFS 2026'!$K$12:$K$22))/Normalisering!C$38) | D19: =IF(Normalisering!D$38=0,"",(SUMPRODUCT(Normalisering!D$27:D$37,'Regler BFS 2026'!$J$12:$J$22)+Byggnader!$C$7*SUMPRODUCT(Normalisering!D$27:D$37,'Regler BFS 2026'!$K$12:$K$22))/Normalisering!D$38) | E19: =IF(Normalisering!E$38=0,"",(SUMPRODUCT(Normalisering!E$27:E$37,'Regler BFS 2026'!$J$12:$J$22)+Byggnader!$C$7*SUMPRODUCT(Normalisering!E$27:E$37,'Regler BFS 2026'!$K$12:$K$22))/Normalisering!E$38) | F19: =IF(Normalisering!F$38=0,"",(SUMPRODUCT(Normalisering!F$27:F$37,'Regler BFS 2026'!$J$12:$J$22)+Byggnader!$C$7*SUMPRODUCT(Normalisering!F$27:F$37,'Regler BFS 2026'!$K$12:$K$22))/Normalisering!F$38) | G19: =IF(Normalisering!G$38=0,"",(SUMPRODUCT(Normalisering!G$27:G$37,'Regler BFS 2026'!$J$12:$J$22)+Byggnader!$C$7*SUMPRODUCT(Normalisering!G$27:G$37,'Regler BFS 2026'!$K$12:$K$22))/Normalisering!G$38) | H19: =IF(Normalisering!H$38=0,"",(SUMPRODUCT(Normalisering!H$27:H$37,'Regler BFS 2026'!$J$12:$J$22)+Byggnader!$C$7*SUMPRODUCT(Normalisering!H$27:H$37,'Regler BFS 2026'!$K$12:$K$22))/Normalisering!H$38) | I19: =IF(Normalisering!I$38=0,"",(SUMPRODUCT(Normalisering!I$27:I$37,'Regler BFS 2026'!$J$12:$J$22)+Byggnader!$C$7*SUMPRODUCT(Normalisering!I$27:I$37,'Regler BFS 2026'!$K$12:$K$22))/Normalisering!I$38)
A20: Klass D | C20: =IF(Normalisering!C$38=0,"",(SUMPRODUCT(Normalisering!C$27:C$37,'Regler BFS 2026'!$L$12:$L$22)+Byggnader!$C$7*SUMPRODUCT(Normalisering!C$27:C$37,'Regler BFS 2026'!$M$12:$M$22))/Normalisering!C$38) | D20: =IF(Normalisering!D$38=0,"",(SUMPRODUCT(Normalisering!D$27:D$37,'Regler BFS 2026'!$L$12:$L$22)+Byggnader!$C$7*SUMPRODUCT(Normalisering!D$27:D$37,'Regler BFS 2026'!$M$12:$M$22))/Normalisering!D$38) | E20: =IF(Normalisering!E$38=0,"",(SUMPRODUCT(Normalisering!E$27:E$37,'Regler BFS 2026'!$L$12:$L$22)+Byggnader!$C$7*SUMPRODUCT(Normalisering!E$27:E$37,'Regler BFS 2026'!$M$12:$M$22))/Normalisering!E$38) | F20: =IF(Normalisering!F$38=0,"",(SUMPRODUCT(Normalisering!F$27:F$37,'Regler BFS 2026'!$L$12:$L$22)+Byggnader!$C$7*SUMPRODUCT(Normalisering!F$27:F$37,'Regler BFS 2026'!$M$12:$M$22))/Normalisering!F$38) | G20: =IF(Normalisering!G$38=0,"",(SUMPRODUCT(Normalisering!G$27:G$37,'Regler BFS 2026'!$L$12:$L$22)+Byggnader!$C$7*SUMPRODUCT(Normalisering!G$27:G$37,'Regler BFS 2026'!$M$12:$M$22))/Normalisering!G$38) | H20: =IF(Normalisering!H$38=0,"",(SUMPRODUCT(Normalisering!H$27:H$37,'Regler BFS 2026'!$L$12:$L$22)+Byggnader!$C$7*SUMPRODUCT(Normalisering!H$27:H$37,'Regler BFS 2026'!$M$12:$M$22))/Normalisering!H$38) | I20: =IF(Normalisering!I$38=0,"",(SUMPRODUCT(Normalisering!I$27:I$37,'Regler BFS 2026'!$L$12:$L$22)+Byggnader!$C$7*SUMPRODUCT(Normalisering!I$27:I$37,'Regler BFS 2026'!$M$12:$M$22))/Normalisering!I$38)
A21: Klass E | C21: =IF(Normalisering!C$38=0,"",(SUMPRODUCT(Normalisering!C$27:C$37,'Regler BFS 2026'!$N$12:$N$22)+Byggnader!$C$7*SUMPRODUCT(Normalisering!C$27:C$37,'Regler BFS 2026'!$O$12:$O$22))/Normalisering!C$38) | D21: =IF(Normalisering!D$38=0,"",(SUMPRODUCT(Normalisering!D$27:D$37,'Regler BFS 2026'!$N$12:$N$22)+Byggnader!$C$7*SUMPRODUCT(Normalisering!D$27:D$37,'Regler BFS 2026'!$O$12:$O$22))/Normalisering!D$38) | E21: =IF(Normalisering!E$38=0,"",(SUMPRODUCT(Normalisering!E$27:E$37,'Regler BFS 2026'!$N$12:$N$22)+Byggnader!$C$7*SUMPRODUCT(Normalisering!E$27:E$37,'Regler BFS 2026'!$O$12:$O$22))/Normalisering!E$38) | F21: =IF(Normalisering!F$38=0,"",(SUMPRODUCT(Normalisering!F$27:F$37,'Regler BFS 2026'!$N$12:$N$22)+Byggnader!$C$7*SUMPRODUCT(Normalisering!F$27:F$37,'Regler BFS 2026'!$O$12:$O$22))/Normalisering!F$38) | G21: =IF(Normalisering!G$38=0,"",(SUMPRODUCT(Normalisering!G$27:G$37,'Regler BFS 2026'!$N$12:$N$22)+Byggnader!$C$7*SUMPRODUCT(Normalisering!G$27:G$37,'Regler BFS 2026'!$O$12:$O$22))/Normalisering!G$38) | H21: =IF(Normalisering!H$38=0,"",(SUMPRODUCT(Normalisering!H$27:H$37,'Regler BFS 2026'!$N$12:$N$22)+Byggnader!$C$7*SUMPRODUCT(Normalisering!H$27:H$37,'Regler BFS 2026'!$O$12:$O$22))/Normalisering!H$38) | I21: =IF(Normalisering!I$38=0,"",(SUMPRODUCT(Normalisering!I$27:I$37,'Regler BFS 2026'!$N$12:$N$22)+Byggnader!$C$7*SUMPRODUCT(Normalisering!I$27:I$37,'Regler BFS 2026'!$O$12:$O$22))/Normalisering!I$38)
A22: Klass F | C22: =IF(Normalisering!C$38=0,"",(SUMPRODUCT(Normalisering!C$27:C$37,'Regler BFS 2026'!$P$12:$P$22)+Byggnader!$C$7*SUMPRODUCT(Normalisering!C$27:C$37,'Regler BFS 2026'!$Q$12:$Q$22))/Normalisering!C$38) | D22: =IF(Normalisering!D$38=0,"",(SUMPRODUCT(Normalisering!D$27:D$37,'Regler BFS 2026'!$P$12:$P$22)+Byggnader!$C$7*SUMPRODUCT(Normalisering!D$27:D$37,'Regler BFS 2026'!$Q$12:$Q$22))/Normalisering!D$38) | E22: =IF(Normalisering!E$38=0,"",(SUMPRODUCT(Normalisering!E$27:E$37,'Regler BFS 2026'!$P$12:$P$22)+Byggnader!$C$7*SUMPRODUCT(Normalisering!E$27:E$37,'Regler BFS 2026'!$Q$12:$Q$22))/Normalisering!E$38) | F22: =IF(Normalisering!F$38=0,"",(SUMPRODUCT(Normalisering!F$27:F$37,'Regler BFS 2026'!$P$12:$P$22)+Byggnader!$C$7*SUMPRODUCT(Normalisering!F$27:F$37,'Regler BFS 2026'!$Q$12:$Q$22))/Normalisering!F$38) | G22: =IF(Normalisering!G$38=0,"",(SUMPRODUCT(Normalisering!G$27:G$37,'Regler BFS 2026'!$P$12:$P$22)+Byggnader!$C$7*SUMPRODUCT(Normalisering!G$27:G$37,'Regler BFS 2026'!$Q$12:$Q$22))/Normalisering!G$38) | H22: =IF(Normalisering!H$38=0,"",(SUMPRODUCT(Normalisering!H$27:H$37,'Regler BFS 2026'!$P$12:$P$22)+Byggnader!$C$7*SUMPRODUCT(Normalisering!H$27:H$37,'Regler BFS 2026'!$Q$12:$Q$22))/Normalisering!H$38) | I22: =IF(Normalisering!I$38=0,"",(SUMPRODUCT(Normalisering!I$27:I$37,'Regler BFS 2026'!$P$12:$P$22)+Byggnader!$C$7*SUMPRODUCT(Normalisering!I$27:I$37,'Regler BFS 2026'!$Q$12:$Q$22))/Normalisering!I$38)
A24: Energiklass BFS 2026:10 | C24: =IF(C13="","",IF(C13<=C17,"A",IF(C13<=C18,"B",IF(C13<=C19,"C",IF(C13<=C20,"D",IF(C13<=C21,"E",IF(C13<=C22,"F","G"))))))) | D24: =IF(D13="","",IF(D13<=D17,"A",IF(D13<=D18,"B",IF(D13<=D19,"C",IF(D13<=D20,"D",IF(D13<=D21,"E",IF(D13<=D22,"F","G"))))))) | E24: =IF(E13="","",IF(E13<=E17,"A",IF(E13<=E18,"B",IF(E13<=E19,"C",IF(E13<=E20,"D",IF(E13<=E21,"E",IF(E13<=E22,"F","G"))))))) | F24: =IF(F13="","",IF(F13<=F17,"A",IF(F13<=F18,"B",IF(F13<=F19,"C",IF(F13<=F20,"D",IF(F13<=F21,"E",IF(F13<=F22,"F","G"))))))) | G24: =IF(G13="","",IF(G13<=G17,"A",IF(G13<=G18,"B",IF(G13<=G19,"C",IF(G13<=G20,"D",IF(G13<=G21,"E",IF(G13<=G22,"F","G"))))))) | H24: =IF(H13="","",IF(H13<=H17,"A",IF(H13<=H18,"B",IF(H13<=H19,"C",IF(H13<=H20,"D",IF(H13<=H21,"E",IF(H13<=H22,"F","G"))))))) | I24: =IF(I13="","",IF(I13<=I17,"A",IF(I13<=I18,"B",IF(I13<=I19,"C",IF(I13<=I20,"D",IF(I13<=I21,"E",IF(I13<=I22,"F","G")))))))
A25: Fossila bränslen förbränns på plats | C25: =IF(C6=0,"",IF(Normalisering!C60+Normalisering!C61>0,"Ja","Nej")) | D25: =IF(D6=0,"",IF(Normalisering!D60+Normalisering!D61>0,"Ja","Nej")) | E25: =IF(E6=0,"",IF(Normalisering!E60+Normalisering!E61>0,"Ja","Nej")) | F25: =IF(F6=0,"",IF(Normalisering!F60+Normalisering!F61>0,"Ja","Nej")) | G25: =IF(G6=0,"",IF(Normalisering!G60+Normalisering!G61>0,"Ja","Nej")) | H25: =IF(H6=0,"",IF(Normalisering!H60+Normalisering!H61>0,"Ja","Nej")) | I25: =IF(I6=0,"",IF(Normalisering!I60+Normalisering!I61>0,"Ja","Nej"))
A26: Energiprestandakriterium nollutsläppsbyggnad (befintlig) | C26: =IF(C13="","",IF(C25="Ja","Ej uppfyllt (fossilt)",IF(C13<=C18,"Uppfyllt","Ej uppfyllt"))) | D26: =IF(D13="","",IF(D25="Ja","Ej uppfyllt (fossilt)",IF(D13<=D18,"Uppfyllt","Ej uppfyllt"))) | E26: =IF(E13="","",IF(E25="Ja","Ej uppfyllt (fossilt)",IF(E13<=E18,"Uppfyllt","Ej uppfyllt"))) | F26: =IF(F13="","",IF(F25="Ja","Ej uppfyllt (fossilt)",IF(F13<=F18,"Uppfyllt","Ej uppfyllt"))) | G26: =IF(G13="","",IF(G25="Ja","Ej uppfyllt (fossilt)",IF(G13<=G18,"Uppfyllt","Ej uppfyllt"))) | H26: =IF(H13="","",IF(H25="Ja","Ej uppfyllt (fossilt)",IF(H13<=H18,"Uppfyllt","Ej uppfyllt"))) | I26: =IF(I13="","",IF(I25="Ja","Ej uppfyllt (fossilt)",IF(I13<=I18,"Uppfyllt","Ej uppfyllt")))
A27: Högsta Etal nya nollutsläppsbyggnader (= gräns klass A) | C27: =C17 | D27: =D17 | E27: =E17 | F27: =F17 | G27: =G17 | H27: =H17 | I27: =I17
A28: Högsta Etal befintliga nollutsläppsbyggnader (= gräns klass B) | C28: =C18 | D28: =D18 | E28: =E18 | F28: =F18 | G28: =G18 | H28: =H18 | I28: =I18
A29: Krav ny nära-nollenergibyggnad, Etal (BFS 2026:9 tabell 1) | C29: =IF(Normalisering!C$38=0,"",(SUMPRODUCT(Normalisering!C$27:C$37,'Regler BFS 2026'!$R$12:$R$22)+Byggnader!$C$7*SUMPRODUCT(Normalisering!C$27:C$37,'Regler BFS 2026'!$S$12:$S$22))/Normalisering!C$38) | D29: =IF(Normalisering!D$38=0,"",(SUMPRODUCT(Normalisering!D$27:D$37,'Regler BFS 2026'!$R$12:$R$22)+Byggnader!$C$7*SUMPRODUCT(Normalisering!D$27:D$37,'Regler BFS 2026'!$S$12:$S$22))/Normalisering!D$38) | E29: =IF(Normalisering!E$38=0,"",(SUMPRODUCT(Normalisering!E$27:E$37,'Regler BFS 2026'!$R$12:$R$22)+Byggnader!$C$7*SUMPRODUCT(Normalisering!E$27:E$37,'Regler BFS 2026'!$S$12:$S$22))/Normalisering!E$38) | F29: =IF(Normalisering!F$38=0,"",(SUMPRODUCT(Normalisering!F$27:F$37,'Regler BFS 2026'!$R$12:$R$22)+Byggnader!$C$7*SUMPRODUCT(Normalisering!F$27:F$37,'Regler BFS 2026'!$S$12:$S$22))/Normalisering!F$38) | G29: =IF(Normalisering!G$38=0,"",(SUMPRODUCT(Normalisering!G$27:G$37,'Regler BFS 2026'!$R$12:$R$22)+Byggnader!$C$7*SUMPRODUCT(Normalisering!G$27:G$37,'Regler BFS 2026'!$S$12:$S$22))/Normalisering!G$38) | H29: =IF(Normalisering!H$38=0,"",(SUMPRODUCT(Normalisering!H$27:H$37,'Regler BFS 2026'!$R$12:$R$22)+Byggnader!$C$7*SUMPRODUCT(Normalisering!H$27:H$37,'Regler BFS 2026'!$S$12:$S$22))/Normalisering!H$38) | I29: =IF(Normalisering!I$38=0,"",(SUMPRODUCT(Normalisering!I$27:I$37,'Regler BFS 2026'!$R$12:$R$22)+Byggnader!$C$7*SUMPRODUCT(Normalisering!I$27:I$37,'Regler BFS 2026'!$S$12:$S$22))/Normalisering!I$38)
A31: Jämförelse med tidigare deklaration
A32: Tidigare primärenergital (kWh/m²,år) | C32: =IF(Byggnader!C51="","",Byggnader!C51) | D32: =IF(Byggnader!D51="","",Byggnader!D51) | E32: =IF(Byggnader!E51="","",Byggnader!E51) | F32: =IF(Byggnader!F51="","",Byggnader!F51) | G32: =IF(Byggnader!G51="","",Byggnader!G51) | H32: =IF(Byggnader!H51="","",Byggnader!H51)
A33: Tidigare energiklass | C33: =IF(Byggnader!C52="","",Byggnader!C52) | D33: =IF(Byggnader!D52="","",Byggnader!D52) | E33: =IF(Byggnader!E52="","",Byggnader!E52) | F33: =IF(Byggnader!F52="","",Byggnader!F52) | G33: =IF(Byggnader!G52="","",Byggnader!G52) | H33: =IF(Byggnader!H52="","",Byggnader!H52)
A34: Skillnad Etal − tidigare primärenergital | C34: =IF(OR(C13="",C32=""),"",C13-C32) | D34: =IF(OR(D13="",D32=""),"",D13-D32) | E34: =IF(OR(E13="",E32=""),"",E13-E32) | F34: =IF(OR(F13="",F32=""),"",F13-F32) | G34: =IF(OR(G13="",G32=""),"",G13-G32) | H34: =IF(OR(H13="",H32=""),"",H13-H32)

Sheet Gripen
A1: Inmatning i Gripen
A2: Välj byggnad. Avsnitten följer Gripens formulär. Grå celler förs över till Gripen.
A4: Byggnad | B4: Byggnad 1
A5: Kolumnindex (hjälpcell) | B5: =MATCH(B4,Byggnader!$C$12:$H$12,0)
A6: Egen beteckning / adress | B6: =INDEX(Byggnader!$C$13:$H$13,$B$5)&IF(INDEX(Byggnader!$C$14:$H$14,$B$5)="",""," – "&INDEX(Byggnader!$C$14:$H$14,$B$5))
A8: Egenskaper
A9: Atemp (m²) | B9: =INDEX(Normalisering!$C$26:$H$26,$B$5)
A10: Nybyggnadsår | B10: =IF(INDEX(Byggnader!$C$17:$H$17,$B$5)="","",INDEX(Byggnader!$C$17:$H$17,$B$5))
A12: Byggnadskategori
A13: Kategori | B13: Procent av Atemp
A14: Flerbostadshus | B14: =IFERROR((INDEX(Normalisering!$C$27:$H$27,$B$5))/INDEX(Normalisering!$C$38:$H$38,$B$5),0)
A15: En- och tvåbostadshus | B15: =IFERROR((INDEX(Normalisering!$C$28:$H$28,$B$5)+INDEX(Normalisering!$C$29:$H$29,$B$5)+INDEX(Normalisering!$C$30:$H$30,$B$5))/INDEX(Normalisering!$C$38:$H$38,$B$5),0)
A16: Kontor | B16: =IFERROR((INDEX(Normalisering!$C$31:$H$31,$B$5))/INDEX(Normalisering!$C$38:$H$38,$B$5),0)
A17: Utbildning | B17: =IFERROR((INDEX(Normalisering!$C$32:$H$32,$B$5))/INDEX(Normalisering!$C$38:$H$38,$B$5),0)
A18: Sjukhus | B18: =IFERROR((INDEX(Normalisering!$C$33:$H$33,$B$5))/INDEX(Normalisering!$C$38:$H$38,$B$5),0)
A19: Logi och restaurang | B19: =IFERROR((INDEX(Normalisering!$C$34:$H$34,$B$5))/INDEX(Normalisering!$C$38:$H$38,$B$5),0)
A20: Idrott | B20: =IFERROR((INDEX(Normalisering!$C$35:$H$35,$B$5))/INDEX(Normalisering!$C$38:$H$38,$B$5),0)
A21: Handel och kultur | B21: =IFERROR((INDEX(Normalisering!$C$36:$H$36,$B$5))/INDEX(Normalisering!$C$38:$H$38,$B$5),0)
A22: Annan typ av energianvändande byggnad | B22: =IFERROR((INDEX(Normalisering!$C$37:$H$37,$B$5))/INDEX(Normalisering!$C$38:$H$38,$B$5),0)
A23: Summa | B23: =SUM(B14:B22)
A25: Energianvändning
A26: Mätperiod från och med | B26: =Byggnader!C8
A27: Mätperiod till och med | B27: =Byggnader!C9
A28: Ort (energi-index) | B28: =Byggnader!C6
A30: För uppvärmning
A31: Energikälla | B31: Normaliserad energi kWh/år | C31: Köpt energi kWh/år | D31: Årsverkningsgrad
A32: =Mätdata!F47 | B32: =INDEX(Normalisering!$C$112:$H$112,$B$5) | C32: =INDEX(Normalisering!$C$81:$H$81,$B$5) | D32: =Mätdata!D47
A33: =Mätdata!F48 | B33: =INDEX(Normalisering!$C$113:$H$113,$B$5) | C33: =INDEX(Normalisering!$C$82:$H$82,$B$5) | D33: =Mätdata!D48
A34: =Mätdata!F49 | B34: =INDEX(Normalisering!$C$114:$H$114,$B$5) | C34: =INDEX(Normalisering!$C$83:$H$83,$B$5) | D34: =Mätdata!D49
A35: =Mätdata!F50 | B35: =INDEX(Normalisering!$C$115:$H$115,$B$5) | C35: =INDEX(Normalisering!$C$84:$H$84,$B$5) | D35: =Mätdata!D50
A36: =Mätdata!F51 | B36: =INDEX(Normalisering!$C$116:$H$116,$B$5) | C36: =INDEX(Normalisering!$C$85:$H$85,$B$5) | D36: =Mätdata!D51
A37: =Mätdata!F52 | B37: =INDEX(Normalisering!$C$117:$H$117,$B$5) | C37: =INDEX(Normalisering!$C$86:$H$86,$B$5) | D37: =Mätdata!D52
A38: =Mätdata!F53 | B38: =INDEX(Normalisering!$C$118:$H$118,$B$5) | C38: =INDEX(Normalisering!$C$87:$H$87,$B$5) | D38: =Mätdata!D53
A39: =Mätdata!F54 | B39: =INDEX(Normalisering!$C$119:$H$119,$B$5) | C39: =INDEX(Normalisering!$C$88:$H$88,$B$5) | D39: =Mätdata!D54
A41: För tappvarmvatten
A42: Energikälla | B42: Normaliserad energi kWh/år | C42: Köpt energi kWh/år | D42: Årsverkningsgrad
A43: =Mätdata!F47 | B43: =INDEX(Normalisering!$C$124:$H$124,$B$5) | C43: =INDEX(Normalisering!$C$69:$H$69,$B$5) | D43: =Mätdata!D47
A44: =Mätdata!F48 | B44: =INDEX(Normalisering!$C$125:$H$125,$B$5) | C44: =INDEX(Normalisering!$C$70:$H$70,$B$5) | D44: =Mätdata!D48
A45: =Mätdata!F49 | B45: =INDEX(Normalisering!$C$126:$H$126,$B$5) | C45: =INDEX(Normalisering!$C$71:$H$71,$B$5) | D45: =Mätdata!D49
A46: =Mätdata!F50 | B46: =INDEX(Normalisering!$C$127:$H$127,$B$5) | C46: =INDEX(Normalisering!$C$72:$H$72,$B$5) | D46: =Mätdata!D50
A47: =Mätdata!F51 | B47: =INDEX(Normalisering!$C$128:$H$128,$B$5) | C47: =INDEX(Normalisering!$C$73:$H$73,$B$5) | D47: =Mätdata!D51
A48: =Mätdata!F52 | B48: =INDEX(Normalisering!$C$129:$H$129,$B$5) | C48: =INDEX(Normalisering!$C$74:$H$74,$B$5) | D48: =Mätdata!D52
A49: =Mätdata!F53 | B49: =INDEX(Normalisering!$C$130:$H$130,$B$5) | C49: =INDEX(Normalisering!$C$75:$H$75,$B$5) | D49: =Mätdata!D53
A50: =Mätdata!F54 | B50: =INDEX(Normalisering!$C$131:$H$131,$B$5) | C50: =INDEX(Normalisering!$C$76:$H$76,$B$5) | D50: =Mätdata!D54
A52: Komfortkyla och övrig energi som ingår i energiprestanda
A53: Energikälla | B53: Normaliserad energi kWh/år | C53: Köpt energi kWh/år | D53: Årsverkningsgrad
A54: El för komfortkyla | B54: =INDEX(Normalisering!$C$140:$H$140,$B$5) | C54: =INDEX(Normalisering!$C$140:$H$140,$B$5)
A55: Fjärrkyla | B55: =INDEX(Normalisering!$C$141:$H$141,$B$5) | C55: =INDEX(Normalisering!$C$141:$H$141,$B$5)
A56: Övrig energi som ingår i energiprestanda (el) | B56: =INDEX(Normalisering!$C$139:$H$139,$B$5) | C56: =INDEX(Normalisering!$C$139:$H$139,$B$5)
A58: Förnybar energi producerad på plats
A59: Egenanvänd solel som minskar energiprestandatalet (kWh/år) | B59: =INDEX(Normalisering!$C$138:$H$138,$B$5)+INDEX(Normalisering!$C$142:$H$142,$B$5)
A60: Solceller: installerad effekt (kWp) / produktion (kWh/år) | B60: =INDEX(El!$C$14:$H$14,$B$5) | C60: =INDEX(El!$C$17:$H$17,$B$5)
A61: Övrig energi som inte ingår i energiprestanda
A62: Hushållsel | B62: =INDEX(Normalisering!$C$143:$H$143,$B$5)
A63: Verksamhetsel | B63: =INDEX(Normalisering!$C$144:$H$144,$B$5)
A64: El utanför systemgräns (t.ex. hiss) | B64: =INDEX(Normalisering!$C$145:$H$145,$B$5)
A66: Kontroll mot Gripens beräkning
A67: Jämför efter Beräkna i Gripen. Kräver samma energiindex i Byggnader C10 som Gripen använder.
A68: Energiprestandatal (kWh/m²,år) | B68: =INDEX(Resultat!$C$13:$H$13,$B$5)
A69: Byggnadens energianvändning (kWh/år) | B69: =INDEX(Resultat!$C$11:$H$11,$B$5)
A70: Byggnadens viktade energianvändning (kWh/år) | B70: =INDEX(Resultat!$C$12:$H$12,$B$5)
A71: Högsta Etal nya nollutsläppsbyggnader | B71: =INDEX(Resultat!$C$27:$H$27,$B$5)
A72: Högsta Etal befintliga nollutsläppsbyggnader | B72: =INDEX(Resultat!$C$28:$H$28,$B$5)
A73: Energiklass | B73: =INDEX(Resultat!$C$24:$H$24,$B$5)
A74: Energibehov för uppvärmning och kyla, ej klimatkorrigerat (kWh/år) | B74: =INDEX(Normalisering!$C$120:$H$120,$B$5)+INDEX(Normalisering!$C$140:$H$140,$B$5)+INDEX(Normalisering!$C$141:$H$141,$B$5)
A76: Underlag för normalisering av energivärde
A77: Parameter | B77: Faktisk användning/drift | C77: Kategoritypisk enligt BFS 2026:9 | D77: Har normalisering utförts? | E77: Påverkan kWh/m²,år | F77: Kommentar (förslag, redigera fritt)
A78: Innetemperatur uppvärmningssäsong (°C) | B78: =INDEX(Normalisering!$C$14:$H$14,$B$5) | C78: =INDEX(Normalisering!$C$39:$H$39,$B$5) | D78: =INDEX(Normalisering!$C$19:$H$19,$B$5) | E78: =IFERROR(INDEX(Normalisering!$C$105:$H$105,$B$5)/$B$9,0) | F78: =IF(ABS(B78-C78)<0.005,"Faktisk användning motsvarar kategoritypisk.",IF(D78="Ja","Normaliserat från "&FIXED(B78,1)&" till kategoritypiska "&FIXED(C78,1)&" °C. Påverkan "&FIXED(E78,1)&" kWh/m²,år.","Ej normaliserat, avvikelsen bedöms försumbar."))
A79: Årsmedelflöde uteluft (l/s,m² Atemp) | B79: =INDEX(Normalisering!$C$15:$H$15,$B$5) | C79: =INDEX(Normalisering!$C$40:$H$40,$B$5) | D79: =INDEX(Normalisering!$C$20:$H$20,$B$5) | E79: =IFERROR(INDEX(Normalisering!$C$107:$H$107,$B$5)/$B$9,0) | F79: =IF(ABS(B79-C79)<0.005,"Faktisk användning motsvarar kategoritypisk.",IF(D79="Ja","Normaliserat från "&FIXED(B79,2)&" till kategoritypiska "&FIXED(C79,2)&" l/s,m². Påverkan "&FIXED(E79,1)&" kWh/m²,år.","Ej normaliserat, avvikelsen bedöms försumbar."))
A80: Genomsnittlig internlast (W/m² Atemp) | B80: =INDEX(Normalisering!$C$49:$H$49,$B$5) | C80: =INDEX(Normalisering!$C$41:$H$41,$B$5) | D80: =INDEX(Normalisering!$C$21:$H$21,$B$5) | E80: =IFERROR(INDEX(Normalisering!$C$106:$H$106,$B$5)/$B$9,0) | F80: =IF(ABS(B80-C80)<0.005,"Faktisk användning motsvarar kategoritypisk.",IF(D80="Ja","Normaliserat från "&FIXED(B80,2)&" till kategoritypiska "&FIXED(C80,2)&" W/m². Påverkan "&FIXED(E80,1)&" kWh/m²,år.","Ej normaliserat, avvikelsen bedöms försumbar."))
A81: Energibehov för tappvarmvatten (kWh/m² Atemp,år) | B81: =INDEX(Normalisering!$C$52:$H$52,$B$5) | C81: =INDEX(Normalisering!$C$42:$H$42,$B$5) | D81: =INDEX(Normalisering!$C$22:$H$22,$B$5) | E81: =IFERROR((INDEX(Normalisering!$C$132:$H$132,$B$5)-INDEX(Normalisering!$C$77:$H$77,$B$5))/$B$9,0) | F81: =IF(ABS(B81-C81)<0.005,"Faktisk användning motsvarar kategoritypisk.",IF(D81="Ja","Normaliserat från "&FIXED(B81,1)&" till kategoritypiska "&FIXED(C81,1)&" kWh/m². Påverkan "&FIXED(E81,1)&" kWh/m²,år.","Ej normaliserat, avvikelsen bedöms försumbar."))
A83: Kontroller och inspektioner, nominell effekt
A84: Leveransdata för fjärrvärme, hela värmecentralen (kW) | B84: =Besiktningsprotokoll!H30
A85: Övrigt: W/m² × A-temp för denna byggnad (kW) | B85: =Besiktningsprotokoll!B28*$B$9/1000
A87: Rekommenderade åtgärder (aktiverade i åtgärdsflikarna)
A88: Åtgärd | B88: Aktiverad | C88: Besparing hela fastigheten kWh/år | D88: Besparing denna byggnad kWh/år | E88: Besparingskostnad kr/kWh
A89: ='Installera bergvärme'!A1 | B89: ='Installera bergvärme'!B2 | C89: =Sammanfattning!N19 | D89: =IF(B89="Ja",IFERROR(C89*INDEX(Byggnader!$C$33:$H$33,$B$5),0),"") | E89: =IFERROR(IF(B89="Ja",'Installera bergvärme'!C43,""),"")
A90: ='Injustering av värmesystem'!A1 | B90: ='Injustering av värmesystem'!B2 | C90: =Sammanfattning!N20 | D90: =IF(B90="Ja",IFERROR(C90*INDEX(Byggnader!$C$33:$H$33,$B$5),0),"") | E90: =IFERROR(IF(B90="Ja",'Injustering av värmesystem'!C43,""),"")
A91: ='Styrsystem för värme'!A1 | B91: ='Styrsystem för värme'!B2 | C91: =Sammanfattning!N21 | D91: =IF(B91="Ja",IFERROR(C91*INDEX(Byggnader!$C$33:$H$33,$B$5),0),"") | E91: =IFERROR(IF(B91="Ja",'Styrsystem för värme'!C43,""),"")
A92: ='Tilläggisolering av vindsbjälk'!A1 | B92: ='Tilläggisolering av vindsbjälk'!B2 | C92: =Sammanfattning!N22 | D92: =IF(B92="Ja",IFERROR(C92*INDEX(Byggnader!$C$33:$H$33,$B$5),0),"") | E92: =IFERROR(IF(B92="Ja",'Tilläggisolering av vindsbjälk'!C43,""),"")
A93: ='Byte fönster'!A1 | B93: ='Byte fönster'!B2 | C93: =Sammanfattning!N23 | D93: =IF(B93="Ja",IFERROR(C93*INDEX(Byggnader!$C$33:$H$33,$B$5),0),"") | E93: =IFERROR(IF(B93="Ja",'Byte fönster'!C43,""),"")
A94: ='Tilläggisol fasad'!A1 | B94: ='Tilläggisol fasad'!B2 | C94: =Sammanfattning!N24 | D94: =IF(B94="Ja",IFERROR(C94*INDEX(Byggnader!$C$33:$H$33,$B$5),0),"") | E94: =IFERROR(IF(B94="Ja",'Tilläggisol fasad'!C43,""),"")
A95: ='Installation F-återvinning'!A1 | B95: ='Installation F-återvinning'!B2 | C95: =Sammanfattning!N25 | D95: =IF(B95="Ja",IFERROR(C95*INDEX(Byggnader!$C$33:$H$33,$B$5),0),"") | E95: =IFERROR(IF(B95="Ja",'Installation F-återvinning'!C43,""),"")
A96: ='Installation av solceller'!A1 | B96: ='Installation av solceller'!B2 | C96: =Sammanfattning!N26 | D96: =IF(B96="Ja",IFERROR(C96*INDEX(Byggnader!$C$33:$H$33,$B$5),0),"") | E96: =IFERROR(IF(B96="Ja",'Installation av solceller'!C43,""),"")
A97: ='Byte av pump'!A1 | B97: ='Byte av pump'!B2 | C97: =Sammanfattning!N27 | D97: =IF(B97="Ja",IFERROR(C97*INDEX(Byggnader!$C$33:$H$33,$B$5),0),"") | E97: =IFERROR(IF(B97="Ja",'Byte av pump'!C43,""),"")
A98: ='Byte av fläkt'!A1 | B98: ='Byte av fläkt'!B2 | C98: =Sammanfattning!N28 | D98: =IF(B98="Ja",IFERROR(C98*INDEX(Byggnader!$C$33:$H$33,$B$5),0),"") | E98: =IFERROR(IF(B98="Ja",'Byte av fläkt'!C43,""),"")
A99: ='Övrig åtgärd'!A1 | B99: ='Övrig åtgärd'!B2 | C99: =Sammanfattning!N29 | D99: =IF(B99="Ja",IFERROR(C99*INDEX(Byggnader!$C$33:$H$33,$B$5),0),"") | E99: =IFERROR(IF(B99="Ja",'Övrig åtgärd'!C43,""),"")
A100: Kriterier för nollutsläppsbyggnad (A0)
A101: Fossila bränslen förbränns på plats | B101: =INDEX(Resultat!$C$25:$H$25,$B$5)
A102: Energiprestandakriterium (befintlig byggnad) | B102: =INDEX(Resultat!$C$26:$H$26,$B$5)

Sheet Beräkningshjälp schabloner
A6: Beräkning U-värde
A7: U-bef | B7: 0.35
A8: R-värde tilläggsisolering | B8: 7
A9: Nytt U-värde | B9: =1/((1/B7)+B8)
A11: Beräkning bjälklagsförluster
A12: Antal våningar | B12: 4
A13: Antal bjälklag | B13: 5
A14: %fönsteryta | B14: 0.15
A15: U-värde vägg | B15: 0.4
A16: U-värde bjälklag | B16: 0.31
A17: Gradtimmar | B17: 100000
A18: Invändig bredd | B18: 10
A19: Invändig längd | B19: 30
A20: Förluster bjälklag kWh/m2 väggyta | B20: =B16*(B18+B19+B18+B19)*B13/(((B18+B19+B18+B19)*B12*2.7-B14*B18*B19*B12))*100000/1000
A23: Beräkning U-värde besparing
C24: Energianvändning | D24: Energianvändning/m2
A25: Gradtimmar Före | B25: 110000
A26: Gradtimmar Efter | B26: 100000
A27: Yta m2 | B27: 3679
A28: U-värde bef | B28: 0.35 | C28: =B28*B27*B25/1000 | D28: =C28/B27
A29: U-värde nytt | B29: 0.1 | C29: =B29*B27*B26/1000 | D29: =C29/B27
A30: Energibesparing/år | B30: =(B28*B27*B25/1000)-(B29*B27*B26/1000) | D30: =D28-D29
A32: Beräkning injustering värmesystem/sänkning rumstemperatur
A34: Genomsnittstemperatur bef | B34: 22
A35: Genomsnittstemperatur ny | B35: 21
A36: Beräknad besparing/sänkt grad % | B36: 5 | C36: =(B34-B35)/100*B36
A37: Energiförbrukning värme befintligt kWh/m2 | B37: =Normalisering!$I$89/Byggnader!$I$32
A38: Energiförbrukning värme ny kWh/m2 | B38: =B37-B37*C36
A39: Besparing kwh/m2 | B39: =B37-B38
A42: Beräkning Tryck/tempstyrning vent
A44: Luftflöde befintligt/m2 | B44: 0.35
A45: Minskning vid -20 | B45: 0.15
A46: Minskning vid -10 | B46: 0.1
A47: Minkning vid 0 | B47: 0.05
A53: Beräkning installation av frånluftsvärmepump
A55: Befintligt dimensionerat luftflöde L/s m2 | B55: 0.35
A56: Totalt luftflöde M3/s | B56: =Byggnader!$I$32*B55/1000
A57: Avluftstemperatur | B57: 4
A58: Frånluftstemperatur | B58: 18
A59: Drifttid/år | B59: 5500
A60: Potentiell återvunnen energimängd | B60: =(B58-B57)*B56*1.2*1*5000
A61: Beräknad värmefaktor | B61: 3.2
A62: Driftenergi värmepump | B62: =B60/B61
A63: Extra driveffekt frånluftsfläktar kW | B63: 1
A64: Extra driftenergi fläktar | B64: =B63*8760
A68: Beräkning installation av solvärme
A69: Varmvatten sommarmånad | B69: =Normalisering!$I$53/12
A70: Solfångararea | B70: 100
A71: Förväntad energi kwh/m2 | B71: 450
A72: Energiproduktion | B72: =B71*B70
A73: Drivenergi pump el kWh | B73: =1000
A74: Drivenergi styr el kWh | B74: 200
A78: Antal våningar | B78: 4
A79: Antal bjälklag | B79: 5
A80: %fönsteryta | B80: 0.15
A81: U-värde vägg | B81: 0.4
A82: U-värde bjälklag | B82: 0.31
A83: Gradtimmar | B83: 100000
A84: Invändig bredd | B84: 10
A85: Invändig längd | B85: 30
A88: Förluster bjälklag | B88: =B82*(B84+B85+B84+B85)*B79/(((B84+B85+B84+B85)*B78*2.7-B80*B84*B85*B78))*100000/1000
A91: Kulvertförluster
B92: Nya kWh/m år | C92: Gamla kWh/m år Före 1975
A93: DN 50 | B93: 240 | C93: 700
A94: DN 65 | B94: 270 | C94: 800
A95: DN 80 | B95: 285 | C95: 850
A96: DN 100 | B96: 300 | C96: 900

Sheet Nyckeltal
A2: Åtgärd | B2: kr/m2 A-temp | C2: kr/lgh | D2: kr/m2 | E2: kr | F2: kr/kW | G2: Kommentar
A3: Fasadisolering och ny puts | B3: 2400 | C3: 225000 | G3: 5-10 cm skiva och ny puts
A4: Fönsterbyte | B4: 1100 | C4: 61000 | G4: Avser plast billigaste alternativet
A5: FX återvinning utbyte | B5: 20000 | G5: Det finns sedan tidigare FX
A6: FX återvinning från scratch | B6: 35000 | G6: Avser total med nya batterier sugkamm och FX mot rad
A7: FTX lgh aggregat | C7: 80000 | G7: Nytt krydhylla aggregat med kanalsystem
A8: Ventilbyte och injustering värme | C8: 27000 | G8: Total injsutering nya ventiler med avgas och filter
A9: Installation solceller | F9: 17500 | G9: OBS: Värdet i F9 är kr/m2 solcellsyta, INTE kr/kW som kolumnrubriken (F2) anger för övriga rader.
A10: Installation IMD el | C10: 4500 | G10: ny elmätare kopplad till IMD
A11: Installation IMD VV | C11: 3500 | G11: två nya VV-mätare
A12: Tilläggisolering av vindsbjälklag 300 mm lösull | D12: 200 | G12: Enkelt vindsbjälklag
A13: Styrsystem för värme | C13: 2000 | E13: 100000 | G13: En st DUC i UC med tempgiv/lgh
A16: OBS: Manuell referenstabell | B16: Dessa nyckeltal är INTE kopplade till beräkningarna i åtgärdsflikarna. Flera åtgärdsflikar (t.ex. "Tilläggisol fasad" och "Byte fönster") har egna, mer detaljerade nyckeltal i kr/m2 fasadyta respektive fönsteryta - en annan enhet än kr/m2 A-temp här. Jämför manuellt vid behov och uppdatera båda ställena om marknadspriser ändras.

Sheet Energiprisfaktorer
B3: Fjärrvärme | C3: El
A4: Pris | B4: 1.15 | C4: 2
A5: Prishöjning/år bedömd | B5: 0.03 | C5: 0.04
A6: Kalkylränta | B6: 0.04
A7: UH kostnad årlig höjning | B7: 0.02

Sheet Installera bergvärme
A1: Bergvärme | C1: För känslighetsanalys tryck + ovan
A2: Ta med i sammanfattning? | B2: Nej | E2: Lönsamhetsgränser
C3: Kvantitet | D3: Enhet | E3: Känslighetsanalys
A4: Mängduppgift | C4: =Byggnader!$I$32 | D4: m2 At
A5: Kalkylränta | C5: =Energiprisfaktorer!B6 | D5: nominell | F5: Internränta
A6: Kalkylperiod | C6: 20 | D6: år | E6: =(D20-C20)/(C34+C22-D34-D22) | F6: Pay-off utan ränta
A7: Unerhållskostnad prisutveckling per år | C7: =Energiprisfaktorer!B7 | D7: =D5 | I7: Investeringskalkyl
A8: Energislag | C8: Fjärrvärme | D8: kWh
A9: Energipris rörligt | C9: =Energiprisfaktorer!B4 | D9: kr per kWh | I9: Nyckeltal invest kr/kW | K9: 20000
A10: Energiprisutveckling per år | C10: =Energiprisfaktorer!B5 | D10: =D5 | I10: Investeringskostnad | K10: =K9*J21*0.001
A11: Energislag 2 | C11: El
A12: Energipris rörligt | C12: =Energiprisfaktorer!C4 | D12: kr per kWh | I12: Beräkningar
A13: Energiprisutveckling per år | C13: =Energiprisfaktorer!C5 | D13: =D5
A14: Energislag 3 | I14: Egen kalkyl förklaring
A15: Energipris rörligt | C15: 0.6 | D15: kr per kWh | I15: Installation av frånluftsåtervinning med värmepump. Befintligt frånluftssystem förses med återvinningsbatterier som kyler av frånluften från byggnaden. Värmen återvinns via värmepumpar och återförs byggnadens värmesystem.
A16: Energiprisutveckling per år | C16: 0.04 | D16: =D5
A17: <<<Om fler energislag: tryck +
I18: Egen kalkyl beräkning
C19: Före åtgärd | D19: Efter åtgärd | I19: Dimensionering nominell av värme | J19: 0.5
A20: Investeringskostnad kr | C20: 0 | D20: =K10 | E20: =D20+C41-D41 | F20: Investeringsgräns | I20: Värmeeffekt | J20: =Besiktningsprotokoll!B27
I21: VP-effekt | J21: =J20*J19
A22: Underhållskostnad kr per år | C22: 0 | D22: 0 | I22: Antaget COP | J22: 3.5
A23: Underhållskostnad, periodisk år 0 kr
A24: Underhållskostnad, periodisk år 10 kr
A25: Underhållskostnad, periodisk år 20 kr
A26: <<<Om fler uh-kostnader: tryck + | I26: Aktivt djup borrhål meter | J26: =J28/25
I27: VP eleffekt | J27: =J21/(J22)
A28: Energianvändning kWh per mängdenhet och år | C28: =Normalisering!$I$89/'Installera bergvärme'!C4 | D28: =(Normalisering!$I$89-'Installera bergvärme'!J30)/'Installera bergvärme'!C4 | I28: VP kyleffekt | J28: =J21-J27
A29: Energikostnad kr per år | C29: =C28*$C$4*$C$9 | D29: =D28*$C$4*$C$9 | I29: Drifttid | J29: 5000
A30: Energianvändning 2 kWh per mängdenhet och år | C30: =El!$I$127/'Installera bergvärme'!C4 | D30: =(El!$I$127+'Installera bergvärme'!J31)/C4 | I30: Årsprod kWh | J30: =J21*J29*0.001
A31: Energikostnad 2 kr per år | C31: =C30*$C$4*$C$12 | D31: =D30*$C$4*$C$12 | I31: Årskons kWh | J31: =J27*J29*0.001
A32: Energianvändning 3 kWh per mängdenhet och år
A33: Energikostnad 3 kr per år | C33: =C32*$C$4*$C$15 | D33: =D32*$C$4*$C$15
A34: Summa energikostnad kr per år | C34: =C29+C31+C33 | D34: =D29+D31+D33
A35: Summa energianvändning kWh per år | C35: =(C28+C30+C32)*$C$4 | D35: =(D28+D30+D32)*$C$4
A36: Energikostnad medelvärde kr per kWh | C36: =C34/C35
A37: <<<Om fler energislag: tryck +
A39: Summa nuvärde, investering och underhåll | C39: =C20-PV($C$5-$C$7,$C$6,C22)+C23+C24/(1+$C$5-$C$7)^10+C25/(1+$C$5-$C$7)^20 | D39: =D20-PV($C$5-$C$7,$C$6,D22)+D23+D24/(1+$C$5-$C$7)^10+D25/(1+$C$5-$C$7)^20
A40: Summa nuvärde, energikostnader | C40: =-PV($C$5-$C$10,$C$6,C29)-PV($C$5-$C$13,$C$6,C31)-PV($C$5-$C$16,$C$6,C33) | D40: =-PV($C$5-$C$10,$C$6,D29)-PV($C$5-$C$13,$C$6,D31)-PV($C$5-$C$16,$C$6,D33)
A41: Summa nuvärde, alla kostnader | C41: =C39+C40 | D41: =D39+D40
C42: Differens: | D42: =C41-D41
A43: Besparingskostnad kr per kWh | C43: =(D39-C39)/(C40-D40)*C36 | D43: =IF($D42>0,"LÖNSAMT","EJ LÖNSAMT")
A44: Energikostnad (mv ) kr per kWh | C44: =C36
A47: Minskad användning av CO2 ton per år | D47: Ej beräknat

Sheet Injustering av värmesystem
A1: Injustering av värmesystem | C1: För känslighetsanalys tryck + ovan
A2: Ta med i sammanfattning? | B2: Nej | E2: Lönsamhetsgränser
C3: Kvantitet | D3: Enhet | E3: Känslighetsanalys
A4: Mängduppgift | C4: =Byggnader!$I$32 | D4: m2 At
A5: Kalkylränta | C5: =Energiprisfaktorer!B6 | D5: nominell | F5: Internränta
A6: Kalkylperiod | C6: 20 | D6: år | E6: =(D20-C20)/(C34+C22-D34-D22) | F6: Pay-off utan ränta
A7: Unerhållskostnad prisutveckling per år | C7: =Energiprisfaktorer!B7 | D7: =D5 | I7: Investeringskalkyl
A8: Energislag | C8: Fjärrvärme | D8: kWh
A9: Energipris rörligt | C9: =Energiprisfaktorer!B4 | D9: kr per kWh | I9: Beräknad besparing | K9: 0.1
A10: Energiprisutveckling per år | C10: =Energiprisfaktorer!B5 | D10: =D5 | I10: Investeringskostnad | K10: =J21*J20*J19
A11: Energislag 2 | C11: El
A12: Energipris rörligt | C12: =Energiprisfaktorer!C4 | D12: kr per kWh | I12: Beräkningar
A13: Energiprisutveckling per år | C13: =Energiprisfaktorer!C5 | D13: =D5
A14: Energislag 3 | I14: Egen kalkyl förklaring
A15: Energipris rörligt | C15: 0.6 | D15: kr per kWh | I15: Injustering av värmesystemet för att uppnå en jämnare temperatur i byggnaden. Flöden till värmestammar och radiatorer injusteras för att avge rätt värmeeffekt. Värmebesparing uppnås genom en lägre genomsnittstemperatur och mindre vädring
A16: Energiprisutveckling per år | C16: 0.04 | D16: =D5
A17: <<<Om fler energislag: tryck +
I18: Egen kalkyl beräkning
C19: Före åtgärd | D19: Efter åtgärd | I19: Antal lgh | J19: =Byggnader!$I$18
A20: Investeringskostnad kr | C20: 0 | D20: =K10 | E20: =D20+C41-D41 | F20: Investeringsgräns | I20: Rad/lgh | J20: 6
I21: Pris/rad | J21: 800
A22: Underhållskostnad kr per år | C22: 0 | D22: 0
A23: Underhållskostnad, periodisk år 0 kr
A24: Underhållskostnad, periodisk år 10 kr
A25: Underhållskostnad, periodisk år 20 kr
A26: <<<Om fler uh-kostnader: tryck +
A28: Energianvändning kWh per mängdenhet och år | C28: =Normalisering!$I$112/'Injustering av värmesystem'!C4 | D28: =C28-K9*C28
A29: Energikostnad kr per år | C29: =C28*$C$4*$C$9 | D29: =D28*$C$4*$C$9
A30: Energianvändning 2 kWh per mängdenhet och år | C30: =Normalisering!$I$113/'Injustering av värmesystem'!C4 | D30: =C30-K9*C30
A31: Energikostnad 2 kr per år | C31: =C30*$C$4*$C$12 | D31: =D30*$C$4*$C$12
A32: Energianvändning 3 kWh per mängdenhet och år
A33: Energikostnad 3 kr per år | C33: =C32*$C$4*$C$15 | D33: =D32*$C$4*$C$15
A34: Summa energikostnad kr per år | C34: =C29+C31+C33 | D34: =D29+D31+D33
A35: Summa energianvändning kWh per år | C35: =(C28+C30+C32)*$C$4 | D35: =(D28+D30+D32)*$C$4
A36: Energikostnad medelvärde kr per kWh | C36: =C34/C35
A37: <<<Om fler energislag: tryck +
A39: Summa nuvärde, investering och underhåll | C39: =C20-PV($C$5-$C$7,$C$6,C22)+C23+C24/(1+$C$5-$C$7)^10+C25/(1+$C$5-$C$7)^20 | D39: =D20-PV($C$5-$C$7,$C$6,D22)+D23+D24/(1+$C$5-$C$7)^10+D25/(1+$C$5-$C$7)^20
A40: Summa nuvärde, energikostnader | C40: =-PV($C$5-$C$10,$C$6,C29)-PV($C$5-$C$13,$C$6,C31)-PV($C$5-$C$16,$C$6,C33) | D40: =-PV($C$5-$C$10,$C$6,D29)-PV($C$5-$C$13,$C$6,D31)-PV($C$5-$C$16,$C$6,D33)
A41: Summa nuvärde, alla kostnader | C41: =C39+C40 | D41: =D39+D40
C42: Differens: | D42: =C41-D41
A43: Besparingskostnad kr per kWh | C43: =(D39-C39)/(C40-D40)*C36 | D43: =IF($D42>0,"LÖNSAMT","EJ LÖNSAMT")
A44: Energikostnad (mv ) kr per kWh | C44: =C36
A47: Minskad användning av CO2 ton per år | D47: Ej beräknat

Sheet Styrsystem för värme
A1: Byte styrsystem för värme | C1: För känslighetsanalys tryck + ovan
A2: Ta med i sammanfattning? | B2: Nej | E2: Lönsamhetsgränser
C3: Kvantitet | D3: Enhet | E3: Känslighetsanalys
A4: Mängduppgift | C4: =Byggnader!$I$32 | D4: m2 At
A5: Kalkylränta | C5: =Energiprisfaktorer!B6 | D5: nominell | F5: Internränta
A6: Kalkylperiod | C6: 20 | D6: år | E6: =(D20-C20)/(C34+C22-D34-D22) | F6: Pay-off utan ränta
A7: Unerhållskostnad prisutveckling per år | C7: =Energiprisfaktorer!B7 | D7: =D5 | I7: Investeringskalkyl
A8: Energislag | C8: Fjärrvärme | D8: kWh
A9: Energipris rörligt | C9: =Energiprisfaktorer!B4 | D9: kr per kWh | I9: Beräknad besparing | K9: 0.1
A10: Energiprisutveckling per år | C10: =Energiprisfaktorer!B5 | D10: =D5 | I10: Investeringskostnad | K10: =55000+1500*Byggnader!$I$18
A11: Energislag 2 | C11: El
A12: Energipris rörligt | C12: =Energiprisfaktorer!C4 | D12: kr per kWh | I12: Beräkningar
A13: Energiprisutveckling per år | C13: =Energiprisfaktorer!C5 | D13: =D5
A14: Energislag 3 | I14: Egen kalkyl förklaring
A15: Energipris rörligt | C15: 0.6 | D15: kr per kWh | I15: Byte av styr och reglerutrustning för värmesystem. Befintligt styrsystem har endast utegivare för utstyrning av värme. Genom att sätta in en ny styrdator som även mäter inomhustemperatur kan värmeöverskottet som uppstår vid viss väderlek och årstid automatiskt besparas.
A16: Energiprisutveckling per år | C16: 0.04 | D16: =D5
A17: <<<Om fler energislag: tryck +
C19: Före åtgärd | D19: Efter åtgärd
A20: Investeringskostnad kr | C20: 0 | D20: =K10 | E20: =D20+C41-D41 | F20: Investeringsgräns
A22: Underhållskostnad kr per år | C22: 0 | D22: 0
A23: Underhållskostnad, periodisk år 0 kr
A24: Underhållskostnad, periodisk år 10 kr
A25: Underhållskostnad, periodisk år 20 kr
A26: <<<Om fler uh-kostnader: tryck +
A28: Energianvändning kWh per mängdenhet och år | C28: =Normalisering!$I$89/Byggnader!$I$32 | D28: =C28-K9*C28
A29: Energikostnad kr per år | C29: =C28*$C$4*$C$9 | D29: =D28*$C$4*$C$9
A30: Energianvändning 2 kWh per mängdenhet och år
A31: Energikostnad 2 kr per år | C31: =C30*$C$4*$C$12 | D31: =D30*$C$4*$C$12
A32: Energianvändning 3 kWh per mängdenhet och år
A33: Energikostnad 3 kr per år | C33: =C32*$C$4*$C$15 | D33: =D32*$C$4*$C$15
A34: Summa energikostnad kr per år | C34: =C29+C31+C33 | D34: =D29+D31+D33
A35: Summa energianvändning kWh per år | C35: =(C28+C30+C32)*$C$4 | D35: =(D28+D30+D32)*$C$4
A36: Energikostnad medelvärde kr per kWh | C36: =C34/C35
A37: <<<Om fler energislag: tryck +
A39: Summa nuvärde, investering och underhåll | C39: =C20-PV($C$5-$C$7,$C$6,C22)+C23+C24/(1+$C$5-$C$7)^10+C25/(1+$C$5-$C$7)^20 | D39: =D20-PV($C$5-$C$7,$C$6,D22)+D23+D24/(1+$C$5-$C$7)^10+D25/(1+$C$5-$C$7)^20
A40: Summa nuvärde, energikostnader | C40: =-PV($C$5-$C$10,$C$6,C29)-PV($C$5-$C$13,$C$6,C31)-PV($C$5-$C$16,$C$6,C33) | D40: =-PV($C$5-$C$10,$C$6,D29)-PV($C$5-$C$13,$C$6,D31)-PV($C$5-$C$16,$C$6,D33)
A41: Summa nuvärde, alla kostnader | C41: =C39+C40 | D41: =D39+D40
C42: Differens: | D42: =C41-D41
A43: Besparingskostnad kr per kWh | C43: =(D39-C39)/(C40-D40)*C36 | D43: =IF($D42>0,"LÖNSAMT","EJ LÖNSAMT")
A44: Energikostnad (mv ) kr per kWh | C44: =C36
A47: Minskad användning av CO2 ton per år | D47: Ej beräknat

Sheet Tilläggisolering av vindsbjälk
A1: Tilläggisolering av vindbjälklaget | C1: För känslighetsanalys tryck + ovan
A2: Ta med i sammanfattning? | B2: Nej | E2: Lönsamhetsgränser
C3: Kvantitet | D3: Enhet | E3: Känslighetsanalys
A4: Mängduppgift | C4: =Byggnader!$I$32 | D4: m2 At
A5: Kalkylränta | C5: =Energiprisfaktorer!B6 | D5: nominell | F5: Internränta
A6: Kalkylperiod | C6: 20 | D6: år | E6: =(D20-C20)/(C34+C22-D34-D22) | F6: Pay-off utan ränta
A7: Unerhållskostnad prisutveckling per år | C7: =Energiprisfaktorer!B7 | D7: =D5 | I7: Investeringskalkyl
A8: Energislag | C8: El | D8: kWh | I8: Nyckeltal investering/m2 | K8: 120
A9: Energipris rörligt | C9: =Energiprisfaktorer!C4 | D9: kr per kWh | I9: Investeringskostnad | K9: =K8*K19
A10: Energiprisutveckling per år | C10: =Energiprisfaktorer!B5 | D10: =D5 | I10: Beräknad besparing kWh/år | K10: =K26-K27
A11: Energislag 2 | C11: Fjärrvärme
A12: Energipris rörligt | C12: =Energiprisfaktorer!B4 | D12: kr per kWh | I12: Beräkningar
A13: Energiprisutveckling per år | C13: =Energiprisfaktorer!C5 | D13: =D5
A14: Energislag 3 | I14: Egen kalkyl förklaring
A15: Energipris rörligt | C15: 0.6 | D15: kr per kWh | I15: Befintlig isolering är xx cm tjock. Det finns bra förutsättningar att tilläggisolera vindsbjälklaget med ytterliggare xx cm lösull. Därigenom kan man minska värmeläckaget genom vinden.
A16: Energiprisutveckling per år | C16: 0.04 | D16: =D5
A17: <<<Om fler energislag: tryck +
I18: Egen kalkyl beräkning
C19: Före åtgärd | D19: Efter åtgärd | I19: Takyta | K19: 120
A20: Investeringskostnad kr | C20: 0 | D20: =K9 | E20: =D20+C41-D41 | F20: Investeringsgräns | I20: Bef U | K20: 0.25
I21: Nytt U | K21: 0.11
A22: Underhållskostnad kr per år | C22: 0 | D22: 0 | I22: Gradtimmar | K22: 110000 | L22: K-D 17 gränstemp
A23: Underhållskostnad, periodisk år 0 kr
A24: Underhållskostnad, periodisk år 10 kr
A25: Underhållskostnad, periodisk år 20 kr
A26: <<<Om fler uh-kostnader: tryck + | I26: Bef energi genom tak kWh/år | K26: =K19*K20*K22*0.001
I27: Ny energi genom tak kWh/år | K27: =K19*K21*K22*0.001
A28: Energianvändning kWh per mängdenhet och år | C28: 0 | D28: 0 | I28: Energibesparing | K28: =K26-K27
A29: Energikostnad kr per år | C29: =C28*$C$4*$C$9 | D29: =D28*$C$4*$C$9
A30: Energianvändning 2 kWh per mängdenhet och år | C30: =Normalisering!$I$112/(Byggnader!$I$32) | D30: =(Normalisering!$I$112-K10)/(Byggnader!$I$32)
A31: Energikostnad 2 kr per år | C31: =C30*$C$4*$C$12 | D31: =D30*$C$4*$C$12
A32: Energianvändning 3 kWh per mängdenhet och år
A33: Energikostnad 3 kr per år | C33: =C32*$C$4*$C$15 | D33: =D32*$C$4*$C$15
A34: Summa energikostnad kr per år | C34: =C29+C31+C33 | D34: =D29+D31+D33
A35: Summa energianvändning kWh per år | C35: =(C28+C30+C32)*$C$4 | D35: =(D28+D30+D32)*$C$4
A36: Energikostnad medelvärde kr per kWh | C36: =C34/C35
A37: <<<Om fler energislag: tryck +
A39: Summa nuvärde, investering och underhåll | C39: =C20-PV($C$5-$C$7,$C$6,C22)+C23+C24/(1+$C$5-$C$7)^10+C25/(1+$C$5-$C$7)^20 | D39: =D20-PV($C$5-$C$7,$C$6,D22)+D23+D24/(1+$C$5-$C$7)^10+D25/(1+$C$5-$C$7)^20
A40: Summa nuvärde, energikostnader | C40: =-PV($C$5-$C$10,$C$6,C29)-PV($C$5-$C$13,$C$6,C31)-PV($C$5-$C$16,$C$6,C33) | D40: =-PV($C$5-$C$10,$C$6,D29)-PV($C$5-$C$13,$C$6,D31)-PV($C$5-$C$16,$C$6,D33)
A41: Summa nuvärde, alla kostnader | C41: =C39+C40 | D41: =D39+D40
C42: Differens: | D42: =C41-D41
A43: Besparingskostnad kr per kWh | C43: =(D39-C39)/(C40-D40)*C36 | D43: =IF($D42>0,"LÖNSAMT","EJ LÖNSAMT")
A44: Energikostnad (mv ) kr per kWh | C44: =C36
A47: Minskad användning av CO2 ton per år | D47: Ej beräknat

Sheet Byte fönster
A1: Byte av fönster | C1: För känslighetsanalys tryck + ovan
A2: Ta med i sammanfattning? | B2: Nej | E2: Lönsamhetsgränser
C3: Kvantitet | D3: Enhet | E3: Känslighetsanalys
A4: Mängduppgift | C4: =Byggnader!$I$32 | D4: m2 At
A5: Kalkylränta | C5: =Energiprisfaktorer!B6 | D5: nominell | F5: Internränta
A6: Kalkylperiod | C6: 20 | D6: år | E6: =(D20-C20)/(C34+C22-D34-D22) | F6: Pay-off utan ränta
A7: Unerhållskostnad prisutveckling per år | C7: =Energiprisfaktorer!B7 | D7: =D5 | I7: Investeringskalkyl
A8: Energislag | C8: El | D8: kWh
A9: Energipris rörligt | C9: =Energiprisfaktorer!C4 | D9: kr per kWh | I9: Beräknad besparing kWh/år | K9: =K24-K25
A10: Energiprisutveckling per år | C10: =Energiprisfaktorer!B5 | D10: =D5 | I10: Nyckeltal kr/m2 fönster | K10: 6500
A11: Energislag 2 | C11: Fjärrvärme | I11: Investeringskostnad | K11: =K10*K20*K19
A12: Energipris rörligt | C12: =Energiprisfaktorer!B4 | D12: kr per kWh | I12: Beräkningar
A13: Energiprisutveckling per år | C13: =Energiprisfaktorer!C5 | D13: =D5
A14: Energislag 3 | I14: Egen kalkyl förklaring
A15: Energipris rörligt | C15: 0.6 | D15: kr per kWh | I15: Byte av fönster
A16: Energiprisutveckling per år | C16: 0.04 | D16: =D5
A17: <<<Om fler energislag: tryck +
I18: Egen kalkyl beräkning
C19: Före åtgärd | D19: Efter åtgärd | I19: Fasadyta exkl fönster | K19: 200
A20: Investeringskostnad kr | C20: 0 | D20: =K11 | E20: =D20+C41-D41 | F20: Investeringsgräns | I20: Fönster % | K20: 0.25
I21: Bef U | K21: 3
A22: Underhållskostnad kr per år | C22: 0 | D22: 0 | I22: Nytt U | K22: 1
A23: Underhållskostnad, periodisk år 0 kr | I23: Gradtimmar | K23: 110000 | L23: K-D 17 gränstemp
A24: Underhållskostnad, periodisk år 10 kr | I24: Bef energi fönster kWh/år | K24: =(K19*K20)*K21*K23*0.001
A25: Underhållskostnad, periodisk år 20 kr | I25: Ny energi fönster kWh/år | K25: =(K19*K20)*K22*K23*0.001
A26: <<<Om fler uh-kostnader: tryck + | I26: Energibesparing | K26: =K24-K25
A28: Energianvändning kWh per mängdenhet och år | C28: 0 | D28: 0
A29: Energikostnad kr per år | C29: =C28*$C$4*$C$9 | D29: =D28*$C$4*$C$9
A30: Energianvändning 2 kWh per mängdenhet och år | C30: =Normalisering!$I$112/'Byte fönster'!C4 | D30: =(Normalisering!$I$112-K26)/'Byte fönster'!C4
A31: Energikostnad 2 kr per år | C31: =C30*$C$4*$C$12 | D31: =D30*$C$4*$C$12
A32: Energianvändning 3 kWh per mängdenhet och år
A33: Energikostnad 3 kr per år | C33: =C32*$C$4*$C$15 | D33: =D32*$C$4*$C$15
A34: Summa energikostnad kr per år | C34: =C29+C31+C33 | D34: =D29+D31+D33
A35: Summa energianvändning kWh per år | C35: =(C28+C30+C32)*$C$4 | D35: =(D28+D30+D32)*$C$4
A36: Energikostnad medelvärde kr per kWh | C36: =C34/C35
A37: <<<Om fler energislag: tryck +
A39: Summa nuvärde, investering och underhåll | C39: =C20-PV($C$5-$C$7,$C$6,C22)+C23+C24/(1+$C$5-$C$7)^10+C25/(1+$C$5-$C$7)^20 | D39: =D20-PV($C$5-$C$7,$C$6,D22)+D23+D24/(1+$C$5-$C$7)^10+D25/(1+$C$5-$C$7)^20
A40: Summa nuvärde, energikostnader | C40: =-PV($C$5-$C$10,$C$6,C29)-PV($C$5-$C$13,$C$6,C31)-PV($C$5-$C$16,$C$6,C33) | D40: =-PV($C$5-$C$10,$C$6,D29)-PV($C$5-$C$13,$C$6,D31)-PV($C$5-$C$16,$C$6,D33)
A41: Summa nuvärde, alla kostnader | C41: =C39+C40 | D41: =D39+D40
C42: Differens: | D42: =C41-D41
A43: Besparingskostnad kr per kWh | C43: =(D39-C39)/(C40-D40)*C36 | D43: =IF($D42>0,"LÖNSAMT","EJ LÖNSAMT")
A44: Energikostnad (mv ) kr per kWh | C44: =C36
A47: Minskad användning av CO2 ton per år | D47: Ej beräknat

Sheet Tilläggisol fasad
A1: Tilläggisolering av fasader | C1: För känslighetsanalys tryck + ovan
A2: Ta med i sammanfattning? | B2: Nej | E2: Lönsamhetsgränser
C3: Kvantitet | D3: Enhet | E3: Känslighetsanalys
A4: Mängduppgift | C4: =Byggnader!$I$32 | D4: m2 At
A5: Kalkylränta | C5: =Energiprisfaktorer!B6 | D5: nominell | F5: Internränta
A6: Kalkylperiod | C6: 20 | D6: år | E6: =(D20-C20)/(C34+C22-D34-D22) | F6: Pay-off utan ränta
A7: Unerhållskostnad prisutveckling per år | C7: =Energiprisfaktorer!B7 | D7: =D5 | I7: Investeringskalkyl
A8: Energislag | C8: El | D8: kWh
A9: Energipris rörligt | C9: =Energiprisfaktorer!C4 | D9: kr per kWh | I9: Beräknad besparing kWh/år | K9: =K24-K25
A10: Energiprisutveckling per år | C10: =Energiprisfaktorer!B5 | D10: =D5 | I10: Nyckeltal kr/m2 fasad | K10: 1500
A11: Energislag 2 | C11: Fjärrvärme | I11: Investeringskostnad | K11: =K10*K19
A12: Energipris rörligt | C12: =Energiprisfaktorer!B4 | D12: kr per kWh | I12: Beräkningar
A13: Energiprisutveckling per år | C13: =Energiprisfaktorer!C5 | D13: =D5
A14: Energislag 3 | I14: Egen kalkyl förklaring
A15: Energipris rörligt | C15: 0.6 | D15: kr per kWh | I15: Tilläggisolera fasaden med
A16: Energiprisutveckling per år | C16: 0.04 | D16: =D5
A17: <<<Om fler energislag: tryck +
I18: Egen kalkyl beräkning
C19: Före åtgärd | D19: Efter åtgärd | I19: Fasadyta exkl fönster | K19: =90*8*2
A20: Investeringskostnad kr | C20: 0 | D20: =K11 | E20: =D20+C41-D41 | F20: Investeringsgräns | I20: Fönster % | K20: 0.25
I21: Bef U | K21: 0.8
A22: Underhållskostnad kr per år | C22: 0 | D22: 0 | I22: Nytt U | K22: 0.2
A23: Underhållskostnad, periodisk år 0 kr | I23: Gradtimmar | K23: 110000 | L23: K-D 17 gränstemp
A24: Underhållskostnad, periodisk år 10 kr | I24: Bef energi fasad kWh/år | K24: =(K19-(K19*K20))*K21*K23*0.001
A25: Underhållskostnad, periodisk år 20 kr | I25: Ny energi fasad kWh/år | K25: =(K19-(K19*K20))*K22*K23*0.001
A26: <<<Om fler uh-kostnader: tryck + | I26: Energibesparing | K26: =K24-K25
A28: Energianvändning kWh per mängdenhet och år | C28: 0 | D28: 0
A29: Energikostnad kr per år | C29: =C28*$C$4*$C$9 | D29: =D28*$C$4*$C$9
A30: Energianvändning 2 kWh per mängdenhet och år | C30: =Normalisering!$I$112/(Byggnader!$I$32) | D30: =(Normalisering!$I$112-K9)/(Byggnader!$I$32)
A31: Energikostnad 2 kr per år | C31: =C30*$C$4*$C$12 | D31: =D30*$C$4*$C$12
A32: Energianvändning 3 kWh per mängdenhet och år
A33: Energikostnad 3 kr per år | C33: =C32*$C$4*$C$15 | D33: =D32*$C$4*$C$15
A34: Summa energikostnad kr per år | C34: =C29+C31+C33 | D34: =D29+D31+D33
A35: Summa energianvändning kWh per år | C35: =(C28+C30+C32)*$C$4 | D35: =(D28+D30+D32)*$C$4
A36: Energikostnad medelvärde kr per kWh | C36: =C34/C35
A37: <<<Om fler energislag: tryck +
A39: Summa nuvärde, investering och underhåll | C39: =C20-PV($C$5-$C$7,$C$6,C22)+C23+C24/(1+$C$5-$C$7)^10+C25/(1+$C$5-$C$7)^20 | D39: =D20-PV($C$5-$C$7,$C$6,D22)+D23+D24/(1+$C$5-$C$7)^10+D25/(1+$C$5-$C$7)^20
A40: Summa nuvärde, energikostnader | C40: =-PV($C$5-$C$10,$C$6,C29)-PV($C$5-$C$13,$C$6,C31)-PV($C$5-$C$16,$C$6,C33) | D40: =-PV($C$5-$C$10,$C$6,D29)-PV($C$5-$C$13,$C$6,D31)-PV($C$5-$C$16,$C$6,D33)
A41: Summa nuvärde, alla kostnader | C41: =C39+C40 | D41: =D39+D40
C42: Differens: | D42: =C41-D41
A43: Besparingskostnad kr per kWh | C43: =(D39-C39)/(C40-D40)*C36 | D43: =IF($D42>0,"LÖNSAMT","EJ LÖNSAMT")
A44: Energikostnad (mv ) kr per kWh | C44: =C36
A47: Minskad användning av CO2 ton per år | D47: Ej beräknat

Sheet Installation F-återvinning
A1: Installation av frånluftsåtervinning | C1: För känslighetsanalys tryck + ovan
A2: Ta med i sammanfattning? | B2: Nej | E2: Lönsamhetsgränser
C3: Kvantitet | D3: Enhet | E3: Känslighetsanalys
A4: Mängduppgift | C4: =Byggnader!$I$32 | D4: m2 At
A5: Kalkylränta | C5: =Energiprisfaktorer!B6 | D5: nominell | F5: Internränta
A6: Kalkylperiod | C6: 20 | D6: år | E6: =(D20-C20)/(C34+C22-D34-D22) | F6: Pay-off utan ränta
A7: Unerhållskostnad prisutveckling per år | C7: =Energiprisfaktorer!B7 | D7: =D5 | I7: Investeringskalkyl
A8: Energislag | C8: Fjärrvärme | D8: kWh
A9: Energipris rörligt | C9: =Energiprisfaktorer!B4 | D9: kr per kWh | I9: Nyckeltal invest kr/kW | K9: 30000
A10: Energiprisutveckling per år | C10: =Energiprisfaktorer!B5 | D10: =D5 | I10: Investeringskostnad | K10: =J27*K9
A11: Energislag 2 | C11: El
A12: Energipris rörligt | C12: =Energiprisfaktorer!C4 | D12: kr per kWh | I12: Beräkningar
A13: Energiprisutveckling per år | C13: =Energiprisfaktorer!C5 | D13: =D5
A14: Energislag 3 | I14: Egen kalkyl förklaring
A15: Energipris rörligt | C15: 0.6 | D15: kr per kWh | I15: Installation av frånluftsåtervinning med värmepump. Befintligt frånluftssystem förses med återvinningsbatterier som kyler av frånluften från byggnaden. Värmen återvinns via värmepumpar och återförs byggnadens värmesystem.
A16: Energiprisutveckling per år | C16: 0.04 | D16: =D5
A17: <<<Om fler energislag: tryck +
I18: Egen kalkyl beräkning
C19: Före åtgärd | D19: Efter åtgärd | I19: Luftflöde m3/s | J19: =0.35*C4*0.001
A20: Investeringskostnad kr | C20: 0 | D20: =K10 | E20: =D20+C41-D41 | F20: Investeringsgräns | I20: Avkylning grader | J20: 15
I21: Kyleffekt kW | J21: =1.2*J20*J19
A22: Underhållskostnad kr per år | C22: 0 | D22: 0 | I22: Scop VP antagen | J22: 3.5
A23: Underhållskostnad, periodisk år 0 kr
A24: Underhållskostnad, periodisk år 10 kr
A25: Underhållskostnad, periodisk år 20 kr
A26: <<<Om fler uh-kostnader: tryck + | I26: Komp effekt | J26: =J21/(J22-1)
I27: Vp effekt | J27: =J26+J21
A28: Energianvändning kWh per mängdenhet och år | C28: =Normalisering!$I$89/Byggnader!$I$32 | D28: =(Normalisering!$I$89-J29)/Byggnader!$I$32 | I28: Antagen drifttid | J28: 6000 | K28: Värmedrift | L28: 5500 h/år | N28: Värme+VV drift | P28: 7000 h/år
A29: Energikostnad kr per år | C29: =C28*$C$4*$C$9 | D29: =D28*$C$4*$C$9 | I29: Minskad värme/år kWh | J29: =J28*J27
A30: Energianvändning 2 kWh per mängdenhet och år | C30: =El!$I$127/'Installation F-återvinning'!C4 | D30: =(El!$I$127+J30)/'Installation F-återvinning'!C4 | I30: Ökad el/år kWh | J30: =J28*J26
A31: Energikostnad 2 kr per år | C31: =C30*$C$4*$C$12 | D31: =D30*$C$4*$C$12
A32: Energianvändning 3 kWh per mängdenhet och år
A33: Energikostnad 3 kr per år | C33: =C32*$C$4*$C$15 | D33: =D32*$C$4*$C$15
A34: Summa energikostnad kr per år | C34: =C29+C31+C33 | D34: =D29+D31+D33
A35: Summa energianvändning kWh per år | C35: =(C28+C30+C32)*$C$4 | D35: =(D28+D30+D32)*$C$4
A36: Energikostnad medelvärde kr per kWh | C36: =C34/C35
A37: <<<Om fler energislag: tryck +
A39: Summa nuvärde, investering och underhåll | C39: =C20-PV($C$5-$C$7,$C$6,C22)+C23+C24/(1+$C$5-$C$7)^10+C25/(1+$C$5-$C$7)^20 | D39: =D20-PV($C$5-$C$7,$C$6,D22)+D23+D24/(1+$C$5-$C$7)^10+D25/(1+$C$5-$C$7)^20
A40: Summa nuvärde, energikostnader | C40: =-PV($C$5-$C$10,$C$6,C29)-PV($C$5-$C$13,$C$6,C31)-PV($C$5-$C$16,$C$6,C33) | D40: =-PV($C$5-$C$10,$C$6,D29)-PV($C$5-$C$13,$C$6,D31)-PV($C$5-$C$16,$C$6,D33)
A41: Summa nuvärde, alla kostnader | C41: =C39+C40 | D41: =D39+D40
C42: Differens: | D42: =C41-D41
A43: Besparingskostnad kr per kWh | C43: =(D39-C39)/(C40-D40)*C36 | D43: =IF($D42>0,"LÖNSAMT","EJ LÖNSAMT")
A44: Energikostnad (mv ) kr per kWh | C44: =C36
A47: Minskad användning av CO2 ton per år | D47: Ej beräknat

Sheet Installation av solceller
A1: Installation av solceller på taket | C1: För känslighetsanalys tryck + ovan
A2: Ta med i sammanfattning? | B2: Nej | E2: Lönsamhetsgränser
C3: Kvantitet | D3: Enhet | E3: Känslighetsanalys
A4: Mängduppgift | C4: =Byggnader!$I$32 | D4: m2 At
A5: Kalkylränta | C5: =Energiprisfaktorer!B6 | D5: nominell | F5: Internränta
A6: Kalkylperiod | C6: 20 | D6: år | E6: =(D20-C20)/(C34+C22-D34-D22) | F6: Pay-off utan ränta
A7: Unerhållskostnad prisutveckling per år | C7: =Energiprisfaktorer!B7 | D7: =D5 | I7: Investeringskalkyl
A8: Energislag | C8: Fjärrvärme | D8: kWh
A9: Energipris rörligt | C9: =Energiprisfaktorer!B4 | D9: kr per kWh | I9: Beräknad besparing kWh/år | K9: =K26-K27
A10: Energiprisutveckling per år | C10: =Energiprisfaktorer!B5 | D10: =D5 | I10: Investeringskostnad | K10: =2500*K19
A11: Energislag 2 | C11: El
A12: Energipris rörligt | C12: =Energiprisfaktorer!C4 | D12: kr per kWh | I12: Beräkningar
A13: Energiprisutveckling per år | C13: =Energiprisfaktorer!C5 | D13: =D5
A14: Energislag 3 | I14: Egen kalkyl förklaring
A15: Energipris rörligt | C15: 0.6 | D15: kr per kWh | I15: Installera solceller på taket
A16: Energiprisutveckling per år | C16: 0.04 | D16: =D5
A17: <<<Om fler energislag: tryck +
I18: Egen kalkyl beräkning
C19: Före åtgärd | D19: Efter åtgärd | I19: Solcellsyta | K19: 20
A20: Investeringskostnad kr | C20: 0 | D20: =K10 | E20: =D20+C41-D41 | F20: Investeringsgräns | I20: Beräknad m2 produktion | K20: 150 | L20: 130 lågt 180 högt beronde på läge lutning verkningsgrad paneler
I21: Produktion | K21: =K20*K19
A22: Underhållskostnad kr per år | C22: 0 | D22: 0 | I22: Varav fastighetsel tillgodo % | K22: 0.5
A23: Underhållskostnad, periodisk år 0 kr
A24: Underhållskostnad, periodisk år 10 kr
A25: Underhållskostnad, periodisk år 20 kr
A26: <<<Om fler uh-kostnader: tryck +
A28: Energianvändning kWh per mängdenhet och år | C28: =Normalisering!$I$89/Byggnader!$I$32 | D28: =(Normalisering!$I$89-K9)/Byggnader!$I$32
A29: Energikostnad kr per år | C29: =C28*$C$4*$C$9 | D29: =D28*$C$4*$C$9
A30: Energianvändning 2 kWh per mängdenhet och år | C30: =El!$I$20/'Installation av solceller'!C4 | D30: =(El!$I$20-K21)/'Installation av solceller'!C4
A31: Energikostnad 2 kr per år | C31: =C30*$C$4*$C$12 | D31: =D30*$C$4*$C$12
A32: Energianvändning 3 kWh per mängdenhet och år
A33: Energikostnad 3 kr per år | C33: =C32*$C$4*$C$15 | D33: =D32*$C$4*$C$15
A34: Summa energikostnad kr per år | C34: =C29+C31+C33 | D34: =D29+D31+D33
A35: Summa energianvändning kWh per år | C35: =(C28+C30+C32)*$C$4 | D35: =(D28+D30+D32)*$C$4
A36: Energikostnad medelvärde kr per kWh | C36: =C34/C35
A37: <<<Om fler energislag: tryck +
A39: Summa nuvärde, investering och underhåll | C39: =C20-PV($C$5-$C$7,$C$6,C22)+C23+C24/(1+$C$5-$C$7)^10+C25/(1+$C$5-$C$7)^20 | D39: =D20-PV($C$5-$C$7,$C$6,D22)+D23+D24/(1+$C$5-$C$7)^10+D25/(1+$C$5-$C$7)^20
A40: Summa nuvärde, energikostnader | C40: =-PV($C$5-$C$10,$C$6,C29)-PV($C$5-$C$13,$C$6,C31)-PV($C$5-$C$16,$C$6,C33) | D40: =-PV($C$5-$C$10,$C$6,D29)-PV($C$5-$C$13,$C$6,D31)-PV($C$5-$C$16,$C$6,D33)
A41: Summa nuvärde, alla kostnader | C41: =C39+C40 | D41: =D39+D40
C42: Differens: | D42: =C41-D41
A43: Besparingskostnad kr per kWh | C43: =(D39-C39)/(C40-D40)*C36 | D43: =IF($D42>0,"LÖNSAMT","EJ LÖNSAMT")
A44: Energikostnad (mv ) kr per kWh | C44: =C36
A47: Minskad användning av CO2 ton per år | D47: Ej beräknat

Sheet Byte av pump
A1: Byte av pump till tryckstyrd med bättre effektivitet | C1: För känslighetsanalys tryck + ovan
A2: Ta med i sammanfattning? | B2: Nej | E2: Lönsamhetsgränser
C3: Kvantitet | D3: Enhet | E3: Känslighetsanalys
A4: Mängduppgift | C4: =Byggnader!$I$32 | D4: m2 At
A5: Kalkylränta | C5: =Energiprisfaktorer!B6 | D5: nominell | F5: Internränta
A6: Kalkylperiod | C6: 20 | D6: år | E6: =(D20-C20)/(C34+C22-D34-D22) | F6: Pay-off utan ränta
A7: Unerhållskostnad prisutveckling per år | C7: =Energiprisfaktorer!B7 | D7: =D5 | I7: Investeringskalkyl
A8: Energislag | C8: Fjärrvärme | D8: kWh
A9: Energipris rörligt | C9: =Energiprisfaktorer!B4 | D9: kr per kWh
A10: Energiprisutveckling per år | C10: =Energiprisfaktorer!B5 | D10: =D5 | I10: Investeringskostnad | K10: 10000
A11: Energislag 2 | C11: El
A12: Energipris rörligt | C12: =Energiprisfaktorer!C4 | D12: kr per kWh | I12: Beräkningar
A13: Energiprisutveckling per år | C13: =Energiprisfaktorer!C5 | D13: =D5
A14: Energislag 3 | I14: Egen kalkyl förklaring
A15: Energipris rörligt | C15: 0.6 | D15: kr per kWh | I15: Byte av cirkulationspumpar till nya tryckreglerade med bättre energieffektivitet.
A16: Energiprisutveckling per år | C16: 0.04 | D16: =D5
A17: <<<Om fler energislag: tryck +
I18: Egen kalkyl beräkning
C19: Före åtgärd | D19: Efter åtgärd | I19: Effekt befintliga pumpar kW | J19: =Besiktningsprotokoll!B111+Besiktningsprotokoll!B112
A20: Investeringskostnad kr | C20: 0 | D20: =K10 | E20: =D20+C41-D41 | F20: Investeringsgräns | I20: Drifttid h per år | J20: 8760
I21: Bef energiförbrukning kWh/år | J21: =J19*J20
A22: Underhållskostnad kr per år | C22: 0 | D22: 0 | I22: Effekt nya pumpar kW | J22: =0.5*J19
A23: Underhållskostnad, periodisk år 0 kr
A24: Underhållskostnad, periodisk år 10 kr
A25: Underhållskostnad, periodisk år 20 kr
A26: <<<Om fler uh-kostnader: tryck + | I26: Drifttid per år | J26: 8760
I27: Ny energiförbrukning | J27: =J22*J26
A28: Energianvändning kWh per mängdenhet och år | C28: =Normalisering!$I$89/Byggnader!$I$32 | D28: =(Normalisering!$I$89-J29)/Byggnader!$I$32 | I28: Årlig energibesparing | J28: =J21-J27
A29: Energikostnad kr per år | C29: =C28*$C$4*$C$9 | D29: =D28*$C$4*$C$9
A30: Energianvändning 2 kWh per mängdenhet och år | C30: =J21/C4 | D30: =J27/C4
A31: Energikostnad 2 kr per år | C31: =C30*$C$4*$C$12 | D31: =D30*$C$4*$C$12
A32: Energianvändning 3 kWh per mängdenhet och år
A33: Energikostnad 3 kr per år | C33: =C32*$C$4*$C$15 | D33: =D32*$C$4*$C$15
A34: Summa energikostnad kr per år | C34: =C29+C31+C33 | D34: =D29+D31+D33
A35: Summa energianvändning kWh per år | C35: =(C28+C30+C32)*$C$4 | D35: =(D28+D30+D32)*$C$4
A36: Energikostnad medelvärde kr per kWh | C36: =C34/C35
A37: <<<Om fler energislag: tryck +
A39: Summa nuvärde, investering och underhåll | C39: =C20-PV($C$5-$C$7,$C$6,C22)+C23+C24/(1+$C$5-$C$7)^10+C25/(1+$C$5-$C$7)^20 | D39: =D20-PV($C$5-$C$7,$C$6,D22)+D23+D24/(1+$C$5-$C$7)^10+D25/(1+$C$5-$C$7)^20
A40: Summa nuvärde, energikostnader | C40: =-PV($C$5-$C$10,$C$6,C29)-PV($C$5-$C$13,$C$6,C31)-PV($C$5-$C$16,$C$6,C33) | D40: =-PV($C$5-$C$10,$C$6,D29)-PV($C$5-$C$13,$C$6,D31)-PV($C$5-$C$16,$C$6,D33)
A41: Summa nuvärde, alla kostnader | C41: =C39+C40 | D41: =D39+D40
C42: Differens: | D42: =C41-D41
A43: Besparingskostnad kr per kWh | C43: =(D39-C39)/(C40-D40)*C36 | D43: =IF($D42>0,"LÖNSAMT","EJ LÖNSAMT")
A44: Energikostnad (mv ) kr per kWh | C44: =C36
A47: Minskad användning av CO2 ton per år | D47: Ej beräknat

Sheet Byte av fläkt
A1: Byte av fläktar till tryckstyrd med bättre effektivitet | C1: För känslighetsanalys tryck + ovan
A2: Ta med i sammanfattning? | B2: Nej | E2: Lönsamhetsgränser
C3: Kvantitet | D3: Enhet | E3: Känslighetsanalys
A4: Mängduppgift | C4: =Byggnader!$I$32 | D4: m2 At
A5: Kalkylränta | C5: =Energiprisfaktorer!B6 | D5: nominell | F5: Internränta
A6: Kalkylperiod | C6: 20 | D6: år | E6: =(D20-C20)/(C34+C22-D34-D22) | F6: Pay-off utan ränta
A7: Unerhållskostnad prisutveckling per år | C7: =Energiprisfaktorer!B7 | D7: =D5 | I7: Investeringskalkyl
A8: Energislag | C8: Fjärrvärme | D8: kWh
A9: Energipris rörligt | C9: =Energiprisfaktorer!B4 | D9: kr per kWh
A10: Energiprisutveckling per år | C10: =Energiprisfaktorer!B5 | D10: =D5 | I10: Investeringskostnad | K10: 5000
A11: Energislag 2 | C11: El
A12: Energipris rörligt | C12: =Energiprisfaktorer!C4 | D12: kr per kWh | I12: Beräkningar
A13: Energiprisutveckling per år | C13: =Energiprisfaktorer!C5 | D13: =D5
A14: Energislag 3 | I14: Egen kalkyl förklaring
A15: Energipris rörligt | C15: 0.6 | D15: kr per kWh | I15: Byte av fläktar till nya tryckreglerade med bättre energieffektivitet och utetempkompensering.
A16: Energiprisutveckling per år | C16: 0.04 | D16: =D5
A17: <<<Om fler energislag: tryck +
I18: Egen kalkyl beräkning
C19: Före åtgärd | D19: Efter åtgärd | I19: Effekt befintliga fläktar kW | J19: =Besiktningsprotokoll!B53+Besiktningsprotokoll!C53+Besiktningsprotokoll!D53+Besiktningsprotokoll!B62+Besiktningsprotokoll!C62+Besiktningsprotokoll!D62
A20: Investeringskostnad kr | C20: 0 | D20: =K10 | E20: =D20+C41-D41 | F20: Investeringsgräns | I20: Drifttid h per år | J20: 8760
I21: SFP tal | J21: 3
A22: Underhållskostnad kr per år | C22: 0 | D22: 0 | I22: Bef energiförbrukning kWh/år | J22: =J19*J20
A23: Underhållskostnad, periodisk år 0 kr
A24: Underhållskostnad, periodisk år 10 kr
A25: Underhållskostnad, periodisk år 20 kr
A26: <<<Om fler uh-kostnader: tryck +
I27: Effekt nya fläktar kW | J27: =J19*0.5
A28: Energianvändning kWh per mängdenhet och år | C28: =Normalisering!$I$89/Byggnader!$I$32 | D28: =C28 | I28: Drifttid per år | J28: 8760
A29: Energikostnad kr per år | C29: =C28*$C$4*$C$9 | D29: =D28*$C$4*$C$9 | I29: Ny energiförbrukning | J29: =J27*J28
A30: Energianvändning 2 kWh per mängdenhet och år | C30: =J22/C4 | D30: =J29/C4 | I30: Årlig energibesparing | J30: =J22-J29
A31: Energikostnad 2 kr per år | C31: =C30*$C$4*$C$12 | D31: =D30*$C$4*$C$12
A32: Energianvändning 3 kWh per mängdenhet och år
A33: Energikostnad 3 kr per år | C33: =C32*$C$4*$C$15 | D33: =D32*$C$4*$C$15
A34: Summa energikostnad kr per år | C34: =C29+C31+C33 | D34: =D29+D31+D33
A35: Summa energianvändning kWh per år | C35: =(C28+C30+C32)*$C$4 | D35: =(D28+D30+D32)*$C$4
A36: Energikostnad medelvärde kr per kWh | C36: =C34/C35
A37: <<<Om fler energislag: tryck +
A39: Summa nuvärde, investering och underhåll | C39: =C20-PV($C$5-$C$7,$C$6,C22)+C23+C24/(1+$C$5-$C$7)^10+C25/(1+$C$5-$C$7)^20 | D39: =D20-PV($C$5-$C$7,$C$6,D22)+D23+D24/(1+$C$5-$C$7)^10+D25/(1+$C$5-$C$7)^20
A40: Summa nuvärde, energikostnader | C40: =-PV($C$5-$C$10,$C$6,C29)-PV($C$5-$C$13,$C$6,C31)-PV($C$5-$C$16,$C$6,C33) | D40: =-PV($C$5-$C$10,$C$6,D29)-PV($C$5-$C$13,$C$6,D31)-PV($C$5-$C$16,$C$6,D33)
A41: Summa nuvärde, alla kostnader | C41: =C39+C40 | D41: =D39+D40
C42: Differens: | D42: =C41-D41
A43: Besparingskostnad kr per kWh | C43: =(D39-C39)/(C40-D40)*C36 | D43: =IF($D42>0,"LÖNSAMT","EJ LÖNSAMT")
A44: Energikostnad (mv ) kr per kWh | C44: =C36
A47: Minskad användning av CO2 ton per år | D47: Ej beräknat

Sheet Övrig åtgärd
A1: Övrig åtgärd
A2: Ta med i sammanfattning? | B2: Nej | E2: Lönsamhetsgränser
C3: Kvantitet | D3: Enhet | E3: Känslighetsanalys
A4: Mängduppgift | C4: =Byggnader!$I$32 | D4: m2 At
A5: Kalkylränta | C5: =Energiprisfaktorer!B6 | D5: nominell | F5: Internränta | R5: Befintlig energiförbrukning ventilation uppvärmning | V5: =Besiktningsprotokoll!B57*1.2*100000
A6: Kalkylperiod | C6: 25 | D6: år | E6: =IFERROR((D20-C20)/(C34+C22-D34-D22),"") | F6: Pay-off utan ränta | R6: Ny energiförbrukning ventilation uppvärmning | V6: =0.25*V5
A7: Unerhållskostnad prisutveckling per år | C7: =Energiprisfaktorer!B7 | D7: =D5 | I7: Underlag för beräkning | R7: Ökad el till FTX | V7: =0.025*36*8760
A8: Energislag | C8: Fjärrvärme | D8: kWh
A9: Energipris rörligt | C9: =Energiprisfaktorer!B4 | D9: kr per kWh | I9: Investeringskostnad (kr) | K9: 0
A10: Energiprisutveckling per år | C10: =Energiprisfaktorer!B5 | D10: =D5
A11: Energislag 2 | C11: El | I11: Ändrad värmeförbrukning (kWh/år) | K11: 0
A12: Energipris rörligt | C12: =Energiprisfaktorer!C4 | D12: kr per kWh | I12: Ändrad elförbrukning (kWh/år) | K12: 0
A13: Energiprisutveckling per år | C13: =Energiprisfaktorer!C5 | D13: =D5 | I13: Ökning anges positivt och minskning negativt. Exempel bergvärme: värme −100 000, el +30 000.
A14: Energislag 3
A15: Energipris rörligt | C15: 0.6 | D15: kr per kWh | I15: Beskrivning av åtgärden
A16: Energiprisutveckling per år | C16: 0.04 | D16: =D5 | I16: Beskriv åtgärden och hur besparingen är beräknad.
A17: <<<Om fler energislag: tryck +
C19: Före åtgärd | D19: Efter åtgärd
A20: Investeringskostnad kr | C20: 0 | D20: =K9 | E20: =D20+C41-D41 | F20: Investeringsgräns
I21: Nuvarande värmeförbrukning (kWh/år) | K21: =Normalisering!$I$89
A22: Underhållskostnad kr per år | C22: 0 | D22: 0 | I22: Värmeförbrukning efter åtgärd (kWh/år) | K22: =K21+K11
A23: Underhållskostnad, periodisk år 0 kr | I23: Nuvarande el, fastighetsel (kWh/år) | K23: =El!$I$127
A24: Underhållskostnad, periodisk år 10 kr | I24: El efter åtgärd (kWh/år) | K24: =K23+K12
A25: Underhållskostnad, periodisk år 20 kr | I25: Årlig energibesparing (kWh/år) | K25: =-(K11+K12)
A26: <<<Om fler uh-kostnader: tryck +
A28: Energianvändning kWh per mängdenhet och år | C28: =K21/$C$4 | D28: =K22/$C$4
A29: Energikostnad kr per år | C29: =C28*$C$4*$C$9 | D29: =D28*$C$4*$C$9
A30: Energianvändning 2 kWh per mängdenhet och år | C30: =K23/$C$4 | D30: =K24/$C$4
A31: Energikostnad 2 kr per år | C31: =C30*$C$4*$C$12 | D31: =D30*$C$4*$C$12
A32: Energianvändning 3 kWh per mängdenhet och år
A33: Energikostnad 3 kr per år | C33: =C32*$C$4*$C$15 | D33: =D32*$C$4*$C$15
A34: Summa energikostnad kr per år | C34: =C29+C31+C33 | D34: =D29+D31+D33
A35: Summa energianvändning kWh per år | C35: =(C28+C30+C32)*$C$4 | D35: =(D28+D30+D32)*$C$4
A36: Energikostnad medelvärde kr per kWh | C36: =C34/C35
A37: <<<Om fler energislag: tryck +
A39: Summa nuvärde, investering och underhåll | C39: =C20-PV($C$5-$C$7,$C$6,C22)+C23+C24/(1+$C$5-$C$7)^10+C25/(1+$C$5-$C$7)^20 | D39: =D20-PV($C$5-$C$7,$C$6,D22)+D23+D24/(1+$C$5-$C$7)^10+D25/(1+$C$5-$C$7)^20
A40: Summa nuvärde, energikostnader | C40: =-PV($C$5-$C$10,$C$6,C29)-PV($C$5-$C$13,$C$6,C31)-PV($C$5-$C$16,$C$6,C33) | D40: =-PV($C$5-$C$10,$C$6,D29)-PV($C$5-$C$13,$C$6,D31)-PV($C$5-$C$16,$C$6,D33)
A41: Summa nuvärde, alla kostnader | C41: =C39+C40 | D41: =D39+D40
C42: Differens: | D42: =C41-D41
A43: Besparingskostnad kr per kWh | C43: =IFERROR((D39-C39)/(C40-D40)*C36,"") | D43: =IF($D42>0,"LÖNSAMT","EJ LÖNSAMT")
A44: Energikostnad (mv ) kr per kWh | C44: =C36
A47: Minskad användning av CO2 ton per år | D47: Ej beräknat

Sheet Förslagstexter och kalkyl
A1: Besiktning | B1: Byggnaden har besiktigats i syfte att kartlägga byggnadens fastighetsenergi samt för att kontrollera eventuellt möjliga kostnadseffektiva åtgärder
A3: Solceller | B3: Installation av solceller för produktion av el till byggnadens gemensamma elanvändning.
B5: Alternativ 1 | C5: Alternativ 2 | D5: Beräkningsmetodik | E5: Formel
A6: Vattenspar | B6: Installation av vattenbesparande utrustning. Befintliga blandare och duschar förses med nya perlatorer och munstycken som ger ett högre vattentryck och mindre vattenmängd. Åtgärden minskar energiåtgången och effekt för varmvatten samt minskar kostnaden för kallvatten. Samtidigt kan man med fördel inventera och åtgärda eventuella vattenläckor. | D6: Antag 5-15% beroende på status eller ev mätning av flödet
A7: Frånluftvärmepump | B7: Installation av frånluftsåtervinning med värmepump. Befintligt frånluftssystem förses med återvinningsbatterier som kyler av frånluften från byggnaden. Värmen återvinns via värmepumpar och återförs byggnadens värmesystem. | C7: Installation av frånluftsåtervinning med värmepump. Befintliga frånluftsfläktar demonteras och ersätts med värmepumpsaggregat som har inbyggda fläktar med en bättre eleffektivitet. Värmen återvinns i aggregaten återförs byggnadens värmesystem. | D7: Frånluftsflödet kyls ned till ca 5 grader. Beräkna förenklat kyleffekten och antag ett Scop på 3-4 eller använd beräkningsprgram
A8: Styr och regler | B8: Byte av styr och reglerutrustning för värmesystem. Befintligt styrsystem har endast utegivare för utstyrning av värme. Genom att sätta in en ny styrdator som även mäter inomhustemperatur kan värmeöverskottet som uppstår vid viss väderlek och årstid automatiskt besparas. | D8: Antag 5-12% beroende på status bef. reglerutrustning och inomhustemperatur
A9: Byte av fläkt | B9: Byte av befintliga fläktar till nya med högre eleffektivitet och tryckstyrning | D9: Mätning av strömstyrka/tryck på bef fläkt. Beräkningsprogram för ny fläkt
A10: Byte av pump | B10: Byte av befintliga pumpar till nya med högre eleffektivitet och tryckstyrning | D10: Mätning av strömstyrka/tryck på bef pump. Beräkningsprogram för ny pump
A11: Injustering av värmesystem | B11: Injustering av värmesystemet för att uppnå en jämnare temperatur i byggnaden. Flöden till värmestammar och radiatorer injusteras för att avge rätt värmeeffekt. Värmebesparing uppnås genom en lägre genomsnittstemperatur och mindre vädring | C11: Injustering av värmesystemet för att uppnå en jämnare temperatur i byggnaden. Flöden till värmestammar och radiatorer injusteras för att avge rätt värmeeffekt. Värmebesparing uppnås genom en lägre genomsnittstemperatur och mindre vädring. Man behöver byta ut samtliga stamventiler och radiatorventiler för att kunna genomföra denna åtgärd. | D11: Antag 5-10% beroende husets medeltemp, bedömning av vädring, bedömning av bef injustering och temperaturspridning.
A12: Tilläggisolering av vindsbjälklag | B12: Befintlig isolering är xx cm tjock. Det finns bra förutsättningar att tilläggisolera vindsbjälklaget med ytterliggare xx cm lösull. Därigenom kan man minska värmeläckaget genom vinden. | D12: Beräkning av bef. transmissionsförlust och ny
A13: Tilläggisolering av fasader | B13: Befintlig konstruktion har ett U-värde (isolervärde) som är dåligt . Det finns bra förutsättningar att tilläggisolera fasaden i samband med renovering med ytterliggare xx cm. Därigenom kan man minska värmeläckaget genom fasaden. | D13: Beräkning av bef. transmissionsförlust och ny
A14: Bergvärme | B14: Installation av bergvärmepump för uppvärmning och varmvatten. Ett eller flera borrhål borras för uttag av värmeenergi ur berggrunden. Värmen upptas av en köldbärarvätska och höjs via värmepumpen till en temperaturnivå som kan användas i byggnadens värmesystem. Åtgärden ersätter helt eller delvis nuvarande uppvärmningskälla och minskar behovet av köpt fjärrvärme/olja, men ökar elanvändningen. | D14: Beräkning av VP-effekt utifrån byggnadens nominella värmeeffekt och andel täckningsgrad, samt årsenergi utifrån antaget COP och antagen drifttid.
A15: Byte fönster | B15: Byte av befintliga fönster till nya energieffektiva fönster med lägre U-värde. Åtgärden minskar transmissionsförlusterna genom klimatskärmen och ger ett bättre inomhusklimat samt minskad risk för drag och kallras. | D15: Beräkning av befintlig och ny transmissionsförlust utifrån U-värde före/efter och fönsterarea, omräknat med gradtimmar till årsenergi.

Sheet Regler BFS 2026
A1: Regelvärden BFS 2026:9 och BFS 2026:10
A2: Tabellerna används av beräkningsflikarna. Ändra bara om föreskrifterna ändras.
A3: Viktningsfaktorer per energibärare (BFS 2026:9 bilaga 1 tabell 1)
A4: El | B4: 1.8 | U4: Energibärare | V4: Ändamål | W4: Försörjer | X4: Ja/Nej | Y4: Kulvertförluster | Z4: Solel fördelas
A5: Fjärrvärme | B5: 0.7 | U5: Fjärrvärme | V5: Värme och tappvarmvatten | W5: Alla | X5: Ja | Y5: Fördelas på byggnaderna | Z5: Gemensamt för fastigheten
A6: Fjärrkyla | B6: 0.6 | U6: Olja | V6: Endast uppvärmning | W6: Byggnad 1 | X6: Nej | Y6: Räknas bort | Z6: Per byggnad
A7: Förnybara bränslen | B7: 0.6 | U7: Gas | V7: Endast tappvarmvatten inkl. VVC | W7: Byggnad 2
A8: Fossila bränslen | B8: 1.8 | U8: Pellets/flis/briketter | V8: Komfortkyla | W8: Byggnad 3
U9: Ved | W9: Byggnad 4
A10: Kategoritypiska värden (BFS 2026:9 bilaga 1) och gränser A + B·Fgeo (BFS 2026:10 bilaga 1, BFS 2026:9 bilaga 2 tabell 1) | U10: Övrigt biobränsle | W10: Byggnad 5
A11: Kategori | B11: Innetemp °C | C11: Uteluft l/s,m² | D11: Internlast W/m² | E11: Tappvv kWh/m² | F11: A: A | G11: A: B | H11: B: A | I11: B: B | J11: C: A | K11: C: B | L11: D: A | M11: D: B | N11: E: A | O11: E: B | P11: F: A | Q11: F: B | R11: Ny byggnad: A | S11: Ny byggnad: B | U11: Fjärrkyla | W11: Byggnad 6
A12: Flerbostadshus | B12: 21 | C12: 0.35 | D12: 3.7 | E12: 25 | F12: 39 | G12: 29 | H12: 41 | I12: 42 | J12: 44 | K12: 54 | L12: 46 | M12: 66 | N12: 48 | O12: 79 | P12: 51 | Q12: 93 | R12: 40 | S12: 35
A13: En- och tvåbostadshus Atemp < 90 m² | B13: 21 | C13: 0.35 | D13: 3.7 | E13: 20 | F13: 18 | G13: 72 | H13: 23 | I13: 96 | J13: 27 | K13: 121 | L13: 31 | M13: 145 | N13: 36 | O13: 169 | P13: 41 | Q13: 198 | R13: 20 | S13: 80
A14: En- och tvåbostadshus 90–130 m² | B14: 21 | C14: 0.35 | D14: 3.7 | E14: 20 | F14: 18 | G14: 68 | H14: 21 | I14: 89 | J14: 25 | K14: 109 | L14: 29 | M14: 129 | N14: 32 | O14: 150 | P14: 37 | Q14: 176 | R14: 19 | S14: 76
A15: En- och tvåbostadshus Atemp ≥ 130 m² | B15: 21 | C15: 0.35 | D15: 3.7 | E15: 20 | F15: 17 | G15: 64 | H15: 20 | I15: 80 | J15: 23 | K15: 96 | L15: 26 | M15: 112 | N15: 28 | O15: 129 | P15: 33 | Q15: 151 | R15: 18 | S15: 72
A16: Kontor | B16: 21 | C16: 0.43 | D16: 4.6 | E16: 4 | F16: 27 | G16: 41 | H16: 34 | I16: 59 | J16: 40 | K16: 78 | L16: 47 | M16: 95 | N16: 53 | O16: 114 | P16: 62 | Q16: 142 | R16: 29 | S16: 46
A17: Utbildning | B17: 21 | C17: 0.84 | D17: 5.4 | E17: 7 | F17: 36 | G17: 38 | H17: 42 | I17: 59 | J17: 47 | K17: 82 | L17: 53 | M17: 103 | N17: 59 | O17: 124 | P17: 68 | Q17: 161 | R17: 38 | S17: 44
A18: Sjukhus | B18: 22 | C18: 1.8 | D18: 7.3 | E18: 17 | F18: 74 | G18: 37 | H18: 81 | I18: 50 | J18: 88 | K18: 63 | L18: 95 | M18: 76 | N18: 102 | O18: 89 | P18: 118 | Q18: 120 | R18: 78 | S18: 45
A19: Logi och restaurang | B19: 22 | C19: 1.4 | D19: 7 | E19: 24 | F19: 70 | G19: 22 | H19: 78 | I19: 53 | J19: 87 | K19: 83 | L19: 95 | M19: 114 | N19: 104 | O19: 144 | P19: 116 | Q19: 185 | R19: 72 | S19: 30
A20: Idrott | B20: 20 | C20: 0.88 | D20: 7.1 | E20: 17 | F20: 40 | G20: 41 | H20: 46 | I20: 68 | J20: 53 | K20: 93 | L20: 59 | M20: 120 | N20: 66 | O20: 145 | P20: 75 | Q20: 185 | R20: 42 | S20: 48
A21: Handel och kultur | B21: 20 | C21: 1.1 | D21: 7.9 | E21: 10 | F21: 55 | G21: 34 | H21: 62 | I21: 49 | J21: 69 | K21: 64 | L21: 76 | M21: 78 | N21: 82 | O21: 94 | P21: 95 | Q21: 122 | R21: 58 | S21: 41
A22: Annan typ av energianvändande byggnad | B22: 15 | C22: 0.1 | D22: 2.1 | E22: 5 | F22: 15 | G22: 25 | H22: 22 | I22: 55 | J22: 29 | K22: 85 | L22: 37 | M22: 113 | N22: 44 | O22: 143 | P22: 54 | Q22: 185 | R22: 16 | S22: 28
A24: Byggnadstyp (bostadsdel)
A25: Flerbostadshus
A26: En- och tvåbostadshus
A28: Fgeo per kommun (BFS 2026:9 bilaga 3)
A29: Kommun | B29: Fgeo
A30: Ale | B30: 0.9
A31: Alingsås | B31: 1
A32: Alvesta | B32: 1
A33: Aneby | B33: 1
A34: Arboga | B34: 1
A35: Arjeplog | B35: 1.7
A36: Arvidsjaur | B36: 1.6
A37: Arvika | B37: 1.1
A38: Askersund | B38: 1
A39: Avesta | B39: 1.1
A40: Bengtsfors | B40: 1
A41: Berg | B41: 1.4
... A319: Övertorneå | B319: 1.6
